  0
SECTION
  2
HEADER
  9
$ACADVER
  1
AC1014
  9
$ACADMAINTVER
 70
     9
  9
$DWGCODEPAGE
  3
ANSI_1252
  9
$INSBASE
 10
0.0
 20
0.0
 30
0.0
  9
$EXTMIN
 10
1.000000000000000E+20
 20
1.000000000000000E+20
 30
1.000000000000000E+20
  9
$EXTMAX
 10
-1.000000000000000E+20
 20
-1.000000000000000E+20
 30
-1.000000000000000E+20
  9
$LIMMIN
 10
-286.9605767
 20
-181.21120476
  9
$LIMMAX
 10
251.5037134
 20
183.00899136
  9
$ORTHOMODE
 70
     0
  9
$REGENMODE
 70
     1
  9
$FILLMODE
 70
     1
  9
$QTEXTMODE
 70
     0
  9
$MIRRTEXT
 70
     1
  9
$DRAGMODE
 70
     2
  9
$LTSCALE
 40
1.0
  9
$OSMODE
 70
    37
  9
$ATTMODE
 70
     1
  9
$TEXTSIZE
 40
0.2
  9
$TRACEWID
 40
0.05
  9
$TEXTSTYLE
  7
STANDARD
  9
$CLAYER
  8
0
  9
$CELTYPE
  6
BYLAYER
  9
$CECOLOR
 62
   256
  9
$CELTSCALE
 40
1.0
  9
$DELOBJ
 70
     1
  9
$DISPSILH
 70
     0
  9
$DIMSCALE
 40
1.0
  9
$DIMASZ
 40
0.18
  9
$DIMEXO
 40
0.0625
  9
$DIMDLI
 40
0.38
  9
$DIMRND
 40
0.0
  9
$DIMDLE
 40
0.0
  9
$DIMEXE
 40
0.18
  9
$DIMTP
 40
0.0
  9
$DIMTM
 40
0.0
  9
$DIMTXT
 40
0.18
  9
$DIMCEN
 40
0.09
  9
$DIMTSZ
 40
0.0
  9
$DIMTOL
 70
     0
  9
$DIMLIM
 70
     0
  9
$DIMTIH
 70
     1
  9
$DIMTOH
 70
     1
  9
$DIMSE1
 70
     0
  9
$DIMSE2
 70
     0
  9
$DIMTAD
 70
     0
  9
$DIMZIN
 70
     0
  9
$DIMBLK
  1

  9
$DIMASO
 70
     1
  9
$DIMSHO
 70
     1
  9
$DIMPOST
  1

  9
$DIMAPOST
  1

  9
$DIMALT
 70
     0
  9
$DIMALTD
 70
     2
  9
$DIMALTF
 40
25.4
  9
$DIMLFAC
 40
1.0
  9
$DIMTOFL
 70
     0
  9
$DIMTVP
 40
0.0
  9
$DIMTIX
 70
     0
  9
$DIMSOXD
 70
     0
  9
$DIMSAH
 70
     0
  9
$DIMBLK1
  1

  9
$DIMBLK2
  1

  9
$DIMSTYLE
  2
STANDARD
  9
$DIMCLRD
 70
     0
  9
$DIMCLRE
 70
     0
  9
$DIMCLRT
 70
     0
  9
$DIMTFAC
 40
1.0
  9
$DIMGAP
 40
0.09
  9
$DIMJUST
 70
     0
  9
$DIMSD1
 70
     0
  9
$DIMSD2
 70
     0
  9
$DIMTOLJ
 70
     1
  9
$DIMTZIN
 70
     0
  9
$DIMALTZ
 70
     0
  9
$DIMALTTZ
 70
     0
  9
$DIMFIT
 70
     3
  9
$DIMUPT
 70
     0
  9
$DIMUNIT
 70
     2
  9
$DIMDEC
 70
     4
  9
$DIMTDEC
 70
     4
  9
$DIMALTU
 70
     2
  9
$DIMALTTD
 70
     2
  9
$DIMTXSTY
  7
STANDARD
  9
$DIMAUNIT
 70
     0
  9
$LUNITS
 70
     2
  9
$LUPREC
 70
     4
  9
$SKETCHINC
 40
0.1
  9
$FILLETRAD
 40
0.0
  9
$AUNITS
 70
     0
  9
$AUPREC
 70
     0
  9
$MENU
  1
.
  9
$ELEVATION
 40
0.0
  9
$PELEVATION
 40
0.0
  9
$THICKNESS
 40
0.0
  9
$LIMCHECK
 70
     0
  9
$CHAMFERA
 40
0.0
  9
$CHAMFERB
 40
0.0
  9
$CHAMFERC
 40
0.0
  9
$CHAMFERD
 40
0.0
  9
$SKPOLY
 70
     0
  9
$TDCREATE
 40
2461147.417855243
  9
$TDUPDATE
 40
2461147.417858449
  9
$TDINDWG
 40
0.0000000116
  9
$TDUSRTIMER
 40
0.0000000116
  9
$USRTIMER
 70
     1
  9
$ANGBASE
 50
0.0
  9
$ANGDIR
 70
     0
  9
$PDMODE
 70
     0
  9
$PDSIZE
 40
0.0
  9
$PLINEWID
 40
0.0
  9
$COORDS
 70
     1
  9
$SPLFRAME
 70
     0
  9
$SPLINETYPE
 70
     6
  9
$SPLINESEGS
 70
     8
  9
$ATTDIA
 70
     0
  9
$ATTREQ
 70
     1
  9
$HANDLING
 70
     1
  9
$HANDSEED
  5
4A8
  9
$SURFTAB1
 70
     6
  9
$SURFTAB2
 70
     6
  9
$SURFTYPE
 70
     6
  9
$SURFU
 70
     6
  9
$SURFV
 70
     6
  9
$UCSNAME
  2

  9
$UCSORG
 10
0.0
 20
0.0
 30
0.0
  9
$UCSXDIR
 10
1.0
 20
0.0
 30
0.0
  9
$UCSYDIR
 10
0.0
 20
1.0
 30
0.0
  9
$PUCSNAME
  2

  9
$PUCSORG
 10
0.0
 20
0.0
 30
0.0
  9
$PUCSXDIR
 10
1.0
 20
0.0
 30
0.0
  9
$PUCSYDIR
 10
0.0
 20
1.0
 30
0.0
  9
$USERI1
 70
     0
  9
$USERI2
 70
     0
  9
$USERI3
 70
     0
  9
$USERI4
 70
     0
  9
$USERI5
 70
     0
  9
$USERR1
 40
0.0
  9
$USERR2
 40
0.0
  9
$USERR3
 40
0.0
  9
$USERR4
 40
0.0
  9
$USERR5
 40
0.0
  9
$WORLDVIEW
 70
     1
  9
$SHADEDGE
 70
     3
  9
$SHADEDIF
 70
    70
  9
$TILEMODE
 70
     1
  9
$MAXACTVP
 70
    64
  9
$PINSBASE
 10
0.0
 20
0.0
 30
0.0
  9
$PLIMCHECK
 70
     0
  9
$PEXTMIN
 10
1.000000000000000E+20
 20
1.000000000000000E+20
 30
1.000000000000000E+20
  9
$PEXTMAX
 10
-1.000000000000000E+20
 20
-1.000000000000000E+20
 30
-1.000000000000000E+20
  9
$PLIMMIN
 10
0.0
 20
0.0
  9
$PLIMMAX
 10
12.0
 20
9.0
  9
$UNITMODE
 70
     0
  9
$VISRETAIN
 70
     1
  9
$PLINEGEN
 70
     0
  9
$PSLTSCALE
 70
     1
  9
$TREEDEPTH
 70
  3020
  9
$PICKSTYLE
 70
     1
  9
$CMLSTYLE
  2
STANDARD
  9
$CMLJUST
 70
     0
  9
$CMLSCALE
 40
1.0
  9
$PROXYGRAPHICS
 70
     1
  9
$MEASUREMENT
 70
     1
  0
ENDSEC
  0
SECTION
  2
CLASSES
  0
CLASS
  1
ACDBDICTIONARYWDFLT
  2
AcDbDictionaryWithDefault
  3
ObjectDBX Classes
 90
        0
280
     0
281
     0
  0
CLASS
  1
VISUALSTYLE
  2
AcDbVisualStyle
  3
ObjectDBX Classes
 90
     4095
280
     0
281
     0
  0
CLASS
  1
MATERIAL
  2
AcDbMaterial
  3
ObjectDBX Classes
 90
     1153
280
     0
281
     0
  0
CLASS
  1
SCALE
  2
AcDbScale
  3
ObjectDBX Classes
 90
     1153
280
     0
281
     0
  0
CLASS
  1
TABLESTYLE
  2
AcDbTableStyle
  3
ObjectDBX Classes
 90
     4095
280
     0
281
     0
  0
CLASS
  1
MLEADERSTYLE
  2
AcDbMLeaderStyle
  3
ACDB_MLEADERSTYLE_CLASS
 90
     4095
280
     0
281
     0
  0
CLASS
  1
SUN
  2
AcDbSun
  3
SCENEOE
 90
     1153
280
     0
281
     0
  0
CLASS
  1
DICTIONARYVAR
  2
AcDbDictionaryVar
  3
ObjectDBX Classes
 90
        0
280
     0
281
     0
  0
CLASS
  1
XRECORD
  2
AcDbXrecord
  3
ObjectDBX Classes
 90
        0
280
     0
281
     0
  0
CLASS
  1
LWPOLYLINE
  2
AcDbPolyline
  3
ObjectDBX Classes
 90
        0
280
     0
281
     1
  0
CLASS
  1
HATCH
  2
AcDbHatch
  3
ObjectDBX Classes
 90
        0
280
     0
281
     1
  0
CLASS
  1
ACDBPLACEHOLDER
  2
AcDbPlaceHolder
  3
ObjectDBX Classes
 90
        0
280
     0
281
     0
  0
CLASS
  1
LAYOUT
  2
AcDbLayout
  3
ObjectDBX Classes
 90
        0
280
     0
281
     0
  0
ENDSEC
  0
SECTION
  2
TABLES
  0
TABLE
  2
VPORT
  5
8
102
{ACAD_XDICTIONARY
360
49D
102
}
330
0
100
AcDbSymbolTable
 70
     1
  0
VPORT
  5
29
330
8
100
AcDbSymbolTableRecord
100
AcDbViewportTableRecord
  2
*ACTIVE
 70
     0
 10
0.0
 20
0.0
 11
1.0
 21
1.0
 12
10.42990654205607
 22
4.5
 13
0.0
 23
0.0
 14
0.5
 24
0.5
 15
0.5
 25
0.5
 16
0.0
 26
0.0
 36
1.0
 17
0.0
 27
0.0
 37
0.0
 40
9.0
 41
1.972972972850329
 42
50.0
 43
0.0
 44
0.0
 50
0.0
 51
0.0
 71
     0
 72
   100
 73
     1
 74
     3
 75
     0
 76
     0
 77
     0
 78
     0
  0
ENDTAB
  0
TABLE
  2
LTYPE
  5
5
330
0
100
AcDbSymbolTable
 70
     1
  0
LTYPE
  5
14
330
5
100
AcDbSymbolTableRecord
100
AcDbLinetypeTableRecord
  2
BYBLOCK
 70
     0
  3

 72
    65
 73
     0
 40
0.0
  0
LTYPE
  5
15
330
5
100
AcDbSymbolTableRecord
100
AcDbLinetypeTableRecord
  2
BYLAYER
 70
     0
  3

 72
    65
 73
     0
 40
0.0
  0
LTYPE
  5
16
330
5
100
AcDbSymbolTableRecord
100
AcDbLinetypeTableRecord
  2
CONTINUOUS
 70
     0
  3
Solid line
 72
    65
 73
     0
 40
0.0
  0
ENDTAB
  0
TABLE
  2
LAYER
  5
2
330
0
100
AcDbSymbolTable
 70
     4
  0
LAYER
  5
10
330
2
100
AcDbSymbolTableRecord
100
AcDbLayerTableRecord
  2
0
 70
     0
 62
     7
  6
CONTINUOUS
  0
LAYER
  5
5E
330
2
100
AcDbSymbolTableRecord
100
AcDbLayerTableRecord
  2
TESTPOINT-TEST_JIG_LAYER
 70
     0
 62
    56
  6
CONTINUOUS
  0
LAYER
  5
5F
330
2
100
AcDbSymbolTableRecord
100
AcDbLayerTableRecord
  2
PAD_HOLES
 70
     0
 62
   156
  6
CONTINUOUS
  0
LAYER
  5
60
330
2
100
AcDbSymbolTableRecord
100
AcDbLayerTableRecord
  2
VIA_HOLES
 70
     0
 62
    16
  6
CONTINUOUS
  0
ENDTAB
  0
TABLE
  2
STYLE
  5
3
330
0
100
AcDbSymbolTable
 70
     3
  0
STYLE
  5
11
330
3
100
AcDbSymbolTableRecord
100
AcDbTextStyleTableRecord
  2
STANDARD
 70
     0
 40
0.0
 41
1.0
 50
0.0
 71
     0
 42
0.2
  3
txt
  4

  0
STYLE
  5
359
330
3
100
AcDbSymbolTableRecord
100
AcDbTextStyleTableRecord
  2
ARIAL_BOLD
 70
     0
 40
0.2
 41
1.0
 50
0.0
 71
     0
 42
0.2
  3

  4

1001
ACAD
1000
Arial
1071
 33554432
  0
STYLE
  5
360
330
3
100
AcDbSymbolTableRecord
100
AcDbTextStyleTableRecord
  2
ARIAL
 70
     0
 40
0.2
 41
1.0
 50
0.0
 71
     0
 42
0.2
  3

  4

1001
ACAD
1000
Arial
1071
        0
  0
ENDTAB
  0
TABLE
  2
VIEW
  5
6
330
0
100
AcDbSymbolTable
 70
     0
  0
ENDTAB
  0
TABLE
  2
UCS
  5
7
330
0
100
AcDbSymbolTable
 70
     0
  0
ENDTAB
  0
TABLE
  2
APPID
  5
9
330
0
100
AcDbSymbolTable
 70
     3
  0
APPID
  5
12
330
9
100
AcDbSymbolTableRecord
100
AcDbRegAppTableRecord
  2
ACAD
 70
     0
  0
APPID
  5
49C
330
9
100
AcDbSymbolTableRecord
100
AcDbRegAppTableRecord
  2
ACAD_OBJECT_CHANGE_GUID
 70
     0
  0
APPID
  5
4A7
330
9
100
AcDbSymbolTableRecord
100
AcDbRegAppTableRecord
  2
ACAD_MLEADERVER
 70
     0
  0
ENDTAB
  0
TABLE
  2
DIMSTYLE
  5
A
330
0
100
AcDbSymbolTable
 70
     1
  0
DIMSTYLE
105
27
330
A
100
AcDbSymbolTableRecord
100
AcDbDimStyleTableRecord
  2
STANDARD
 70
     0
  3

  4

  5

  6

  7

 40
1.0
 41
0.18
 42
0.0625
 43
0.38
 44
0.18
 45
0.0
 46
0.0
 47
0.0
 48
0.0
140
0.18
141
0.09
142
0.0
143
25.4
144
1.0
145
0.0
146
1.0
147
0.09
 71
     0
 72
     0
 73
     1
 74
     1
 75
     0
 76
     0
 77
     0
 78
     0
170
     0
171
     2
172
     0
173
     0
174
     0
175
     0
176
     0
177
     0
178
     0
270
     2
271
     4
272
     4
273
     2
274
     2
340
11
275
     0
280
     0
281
     0
282
     0
283
     1
284
     0
285
     0
286
     0
287
     3
288
     0
  0
ENDTAB
  0
TABLE
  2
BLOCK_RECORD
  5
1
330
0
100
AcDbSymbolTable
 70
    56
  0
BLOCK_RECORD
  5
1F
330
1
100
AcDbSymbolTableRecord
100
AcDbBlockTableRecord
  2
*MODEL_SPACE
  0
BLOCK_RECORD
  5
1B
330
1
100
AcDbSymbolTableRecord
100
AcDbBlockTableRecord
  2
*PAPER_SPACE
  0
BLOCK_RECORD
  5
367
330
1
100
AcDbSymbolTableRecord
100
AcDbBlockTableRecord
  2
R_0603_1
  0
BLOCK_RECORD
  5
369
330
1
100
AcDbSymbolTableRecord
100
AcDbBlockTableRecord
  2
R_0603_2
  0
BLOCK_RECORD
  5
36B
330
1
100
AcDbSymbolTableRecord
100
AcDbBlockTableRecord
  2
J_USB_GCT_USB4500_03_0_A_3
  0
BLOCK_RECORD
  5
375
330
1
100
AcDbSymbolTableRecord
100
AcDbBlockTableRecord
  2
TEST_POINT_1_5MM_B_4
  0
BLOCK_RECORD
  5
377
330
1
100
AcDbSymbolTableRecord
100
AcDbBlockTableRecord
  2
TEST_POINT_1_5MM_B_5
  0
BLOCK_RECORD
  5
379
330
1
100
AcDbSymbolTableRecord
100
AcDbBlockTableRecord
  2
TEST_POINT_1_5MM_B_6
  0
BLOCK_RECORD
  5
37B
330
1
100
AcDbSymbolTableRecord
100
AcDbBlockTableRecord
  2
TEST_POINT_1_5MM_B_7
  0
BLOCK_RECORD
  5
37D
330
1
100
AcDbSymbolTableRecord
100
AcDbBlockTableRecord
  2
TEST_POINT_1_5MM_B_8
  0
BLOCK_RECORD
  5
37F
330
1
100
AcDbSymbolTableRecord
100
AcDbBlockTableRecord
  2
TEST_POINT_1_5MM_B_9
  0
BLOCK_RECORD
  5
381
330
1
100
AcDbSymbolTableRecord
100
AcDbBlockTableRecord
  2
TEST_POINT_1_5MM_B_10
  0
BLOCK_RECORD
  5
383
330
1
100
AcDbSymbolTableRecord
100
AcDbBlockTableRecord
  2
TEST_POINT_1_5MM_B_11
  0
BLOCK_RECORD
  5
385
330
1
100
AcDbSymbolTableRecord
100
AcDbBlockTableRecord
  2
TEST_POINT_1_5MM_B_12
  0
BLOCK_RECORD
  5
387
330
1
100
AcDbSymbolTableRecord
100
AcDbBlockTableRecord
  2
TEST_POINT_1_5MM_B_13
  0
BLOCK_RECORD
  5
389
330
1
100
AcDbSymbolTableRecord
100
AcDbBlockTableRecord
  2
TEST_POINT_1_5MM_B_14
  0
BLOCK_RECORD
  5
38B
330
1
100
AcDbSymbolTableRecord
100
AcDbBlockTableRecord
  2
TEST_POINT_1_5MM_B_15
  0
BLOCK_RECORD
  5
38D
330
1
100
AcDbSymbolTableRecord
100
AcDbBlockTableRecord
  2
TEST_POINT_1_5MM_B_16
  0
BLOCK_RECORD
  5
38F
330
1
100
AcDbSymbolTableRecord
100
AcDbBlockTableRecord
  2
U_TSSOP_24_17
  0
BLOCK_RECORD
  5
391
330
1
100
AcDbSymbolTableRecord
100
AcDbBlockTableRecord
  2
AZP1159C1_18
  0
BLOCK_RECORD
  5
393
330
1
100
AcDbSymbolTableRecord
100
AcDbBlockTableRecord
  2
SOT_23_19
  0
BLOCK_RECORD
  5
395
330
1
100
AcDbSymbolTableRecord
100
AcDbBlockTableRecord
  2
SOT_223_20
  0
BLOCK_RECORD
  5
397
330
1
100
AcDbSymbolTableRecord
100
AcDbBlockTableRecord
  2
S_GABOU_KFC_807_21
  0
BLOCK_RECORD
  5
399
330
1
100
AcDbSymbolTableRecord
100
AcDbBlockTableRecord
  2
S_C_K_OS103011MS8QP1_B_22
  0
BLOCK_RECORD
  5
3A7
330
1
100
AcDbSymbolTableRecord
100
AcDbBlockTableRecord
  2
R_0603_23
  0
BLOCK_RECORD
  5
3A9
330
1
100
AcDbSymbolTableRecord
100
AcDbBlockTableRecord
  2
R_0603_24
  0
BLOCK_RECORD
  5
3AB
330
1
100
AcDbSymbolTableRecord
100
AcDbBlockTableRecord
  2
R_0603_25
  0
BLOCK_RECORD
  5
3AD
330
1
100
AcDbSymbolTableRecord
100
AcDbBlockTableRecord
  2
R_0603_26
  0
BLOCK_RECORD
  5
3AF
330
1
100
AcDbSymbolTableRecord
100
AcDbBlockTableRecord
  2
R_0603_27
  0
BLOCK_RECORD
  5
3B1
330
1
100
AcDbSymbolTableRecord
100
AcDbBlockTableRecord
  2
R_0603_28
  0
BLOCK_RECORD
  5
3B3
330
1
100
AcDbSymbolTableRecord
100
AcDbBlockTableRecord
  2
R_0603_29
  0
BLOCK_RECORD
  5
3B5
330
1
100
AcDbSymbolTableRecord
100
AcDbBlockTableRecord
  2
R_0603_30
  0
BLOCK_RECORD
  5
3B7
330
1
100
AcDbSymbolTableRecord
100
AcDbBlockTableRecord
  2
R_0603_31
  0
BLOCK_RECORD
  5
3B9
330
1
100
AcDbSymbolTableRecord
100
AcDbBlockTableRecord
  2
R_0603_32
  0
BLOCK_RECORD
  5
3BB
330
1
100
AcDbSymbolTableRecord
100
AcDbBlockTableRecord
  2
R_0603_33
  0
BLOCK_RECORD
  5
3BD
330
1
100
AcDbSymbolTableRecord
100
AcDbBlockTableRecord
  2
R_POLYSWITCH_1206_34
  0
BLOCK_RECORD
  5
3BF
330
1
100
AcDbSymbolTableRecord
100
AcDbBlockTableRecord
  2
R_0603_35
  0
BLOCK_RECORD
  5
3C1
330
1
100
AcDbSymbolTableRecord
100
AcDbBlockTableRecord
  2
R_0603_36
  0
BLOCK_RECORD
  5
3C3
330
1
100
AcDbSymbolTableRecord
100
AcDbBlockTableRecord
  2
R_0603_37
  0
BLOCK_RECORD
  5
3C5
330
1
100
AcDbSymbolTableRecord
100
AcDbBlockTableRecord
  2
MPAD_X7_0Y7_0_D3_3_38
  0
BLOCK_RECORD
  5
3C9
330
1
100
AcDbSymbolTableRecord
100
AcDbBlockTableRecord
  2
MPAD_X7_0Y7_0_D3_3_39
  0
BLOCK_RECORD
  5
3CD
330
1
100
AcDbSymbolTableRecord
100
AcDbBlockTableRecord
  2
MPAD_X7_0Y7_0_D3_3_40
  0
BLOCK_RECORD
  5
3D1
330
1
100
AcDbSymbolTableRecord
100
AcDbBlockTableRecord
  2
MPAD_X7_0Y7_0_D3_3_41
  0
BLOCK_RECORD
  5
3D5
330
1
100
AcDbSymbolTableRecord
100
AcDbBlockTableRecord
  2
P_BERG_8W_HDR_RA_SIL_42
  0
BLOCK_RECORD
  5
3E7
330
1
100
AcDbSymbolTableRecord
100
AcDbBlockTableRecord
  2
P_BERG_10W_HDR_EDGE_43
  0
BLOCK_RECORD
  5
3E9
330
1
100
AcDbSymbolTableRecord
100
AcDbBlockTableRecord
  2
TEST_POINT_1_5MM_B_44
  0
BLOCK_RECORD
  5
3EB
330
1
100
AcDbSymbolTableRecord
100
AcDbBlockTableRecord
  2
D_LED_BLUE_0603___WEJ_____
  0
BLOCK_RECORD
  5
3ED
330
1
100
AcDbSymbolTableRecord
100
AcDbBlockTableRecord
  2
D_LED_RED_0603_46
  0
BLOCK_RECORD
  5
3EF
330
1
100
AcDbSymbolTableRecord
100
AcDbBlockTableRecord
  2
D_SOD_323_47
  0
BLOCK_RECORD
  5
3F1
330
1
100
AcDbSymbolTableRecord
100
AcDbBlockTableRecord
  2
SOT_23_48
  0
BLOCK_RECORD
  5
3F3
330
1
100
AcDbSymbolTableRecord
100
AcDbBlockTableRecord
  2
C_0603_49
  0
BLOCK_RECORD
  5
3F5
330
1
100
AcDbSymbolTableRecord
100
AcDbBlockTableRecord
  2
C_0603_50
  0
BLOCK_RECORD
  5
3F7
330
1
100
AcDbSymbolTableRecord
100
AcDbBlockTableRecord
  2
C_0603_51
  0
BLOCK_RECORD
  5
3F9
330
1
100
AcDbSymbolTableRecord
100
AcDbBlockTableRecord
  2
C_0603_52
  0
BLOCK_RECORD
  5
3FB
330
1
100
AcDbSymbolTableRecord
100
AcDbBlockTableRecord
  2
C_0603_53
  0
BLOCK_RECORD
  5
3FD
330
1
100
AcDbSymbolTableRecord
100
AcDbBlockTableRecord
  2
C_0603_54
  0
BLOCK_RECORD
  5
3FF
330
1
100
AcDbSymbolTableRecord
100
AcDbBlockTableRecord
  2
C_0603_55
  0
BLOCK_RECORD
  5
401
330
1
100
AcDbSymbolTableRecord
100
AcDbBlockTableRecord
  2
TEST_POINT_1_5MM_B_56
  0
ENDTAB
  0
ENDSEC
  0
SECTION
  2
BLOCKS
  0
BLOCK
  5
20
330
1F
100
AcDbEntity
  8
0
100
AcDbBlockBegin
  2
*MODEL_SPACE
 70
     0
 10
0.0
 20
0.0
 30
0.0
  3
*MODEL_SPACE
  1

  0
ENDBLK
  5
21
330
1F
100
AcDbEntity
  8
0
100
AcDbBlockEnd
  0
BLOCK
  5
1C
330
1B
100
AcDbEntity
 67
     1
  8
0
100
AcDbBlockBegin
  2
*PAPER_SPACE
 70
     0
 10
0.0
 20
0.0
 30
0.0
  3
*PAPER_SPACE
  1

  0
ENDBLK
  5
1D
330
1B
100
AcDbEntity
 67
     1
  8
0
100
AcDbBlockEnd
  0
BLOCK
  5
403
330
367
100
AcDbEntity
  8
0
100
AcDbBlockBegin
  2
R_0603_1
 70
     0
 10
0.0
 20
0.0
 30
0.0
  3
R_0603_1
  1

  0
ENDBLK
  5
404
330
367
100
AcDbEntity
  8
0
100
AcDbBlockEnd
  0
BLOCK
  5
405
330
369
100
AcDbEntity
  8
0
100
AcDbBlockBegin
  2
R_0603_2
 70
     0
 10
0.0
 20
0.0
 30
0.0
  3
R_0603_2
  1

  0
ENDBLK
  5
406
330
369
100
AcDbEntity
  8
0
100
AcDbBlockEnd
  0
BLOCK
  5
407
330
36B
100
AcDbEntity
  8
0
100
AcDbBlockBegin
  2
J_USB_GCT_USB4500_03_0_A_3
 70
     0
 10
0.0
 20
0.0
 30
0.0
  3
J_USB_GCT_USB4500_03_0_A_3
  1

  0
REGION
  5
36C
102
{ACAD_REACTORS
330
36D
102
}
330
36B
100
AcDbEntity
  8
PAD_HOLES
 62
     7
100
AcDbModelerGeometry
 70
     1
  1
noi mi n o 
  1
=0;& {rn {mj {rn {rn |
  1
/061+ {rn jqjhlfffjnfffffffm rmqhjfooooiffffffff o |
  1
):-+:' {rn {nf {n |
  1
/061+ {rn iqnhlffglnffffffff rmqhjfooooiffffffff o |
  1
):-+:' {rn {nl {l |
  1
/061+ {rn iqnhlffglnfffffff rnqjjgffffmffffffff o |
  1
):-+:' {rn {ni {j |
  1
/061+ {rn jqjhlfffjmooooooon rnqjjgffffmffffffff o |
  1
):-+:' {rn {nf {h |
  1
:336/,:r<*-): {rn jqghlffgfnfffffffn rmqhjfooooiffffffff o o o n roqmffffflfffffffffh o o n o o |
  1
:;8: {rn {m {k {nn {f o |
  1
<0:;8: {rn {nk {mo {rn {no o {mn {rn |
  1
,+->687+r<*-): {rn iqnhlffglnffffffff rmqhjfooooiffffffff o o nqmooooonk o o o |
  1
:;8: {rn {k {i {nk {nm o |
  1
<0:;8: {rn {nh {nn {rn {nl o {mn {rn |
  1
:336/,:r<*-): {rn jqghlffgfnfffffffn rnqjjgffffmffffffff o o o n oqmffffflfffffffffh o o n o o |
  1
:;8: {rn {i {g {nh {nj o |
  1
<0:;8: {rn {mo {nk {rn {ni o {mn {rn |
  1
,+->687+r<*-): {rn jqjhlfffjmooooooon rnqjjgffffmffffffff o o rnqmooooonk o o o |
  1
:;8: {rn {g {m {mo {ng o |
  1
<0:;8: {rn {nn {nh {rn {nf o {mn {rn |
  1
300/ {rn {rn {nn {ml |
  1
/3>1:r,*-9><: {rn jqghlffgfnfffffffn rmqnjgffffffffffffg o o o n rn o o o o o o o |
  1
9><: {rn {rn {mn {mk {rn {mm o n o |
  1
,7:33 {rn {rn {rn {ml {mj |
  1
3*2/ {rn {rn {mk {o |
  1
Z1;r09r^ \VLr;>+> 
1001
ACAD_OBJECT_CHANGE_GUID
1070
     1
1071
-1901053860
1070
 -8905
1070
 20081
1070
   156
1070
   134
1070
   107
1070
   115
1070
   153
1070
   140
1070
   209
1070
     4
  0
HATCH
  5
36D
330
36B
100
AcDbEntity
  8
PAD_HOLES
 62
     7
100
AcDbHatch
 10
0.0
 20
0.0
 30
0.0
210
0.0
220
0.0
230
1.0
  2
SOLID
 70
     1
 71
     1
 91
        1
 92
        1
 93
        4
 72
     2
 10
5.873998919999999
 20
-2.75900007
 40
0.2999994
 50
180.0
 51
360.0
 73
     1
 72
     1
 10
6.17399832
 20
-2.75900007
 11
6.17399832
 21
-1.55899993
 72
     2
 10
5.873998919999999
 20
-1.55899993
 40
0.2999994
 50
0.0
 51
180.0
 73
     1
 72
     1
 10
5.57399952
 20
-1.55899993
 11
5.57399952
 21
-2.75900007
 97
        1
330
36C
 75
     0
 76
     1
 98
        0
  0
REGION
  5
36E
102
{ACAD_REACTORS
330
36F
102
}
330
36B
100
AcDbEntity
  8
PAD_HOLES
 62
     7
100
AcDbModelerGeometry
 70
     1
  1
noi mi n o 
  1
=0;& {rn {mj {rn {rn |
  1
/061+ {rn rjqiijffglnffffffff rmqhjfooooiffffffff o |
  1
):-+:' {rn {nf {n |
  1
/061+ {rn rjqoijfffjmooooooon rmqhjfooooiffffffff o |
  1
):-+:' {rn {nl {l |
  1
/061+ {rn rjqoijfffjmooooooon rnqjjgffffmffffffff o |
  1
):-+:' {rn {ni {j |
  1
/061+ {rn rjqiijffglnffffffff rnqjjgffffmffffffff o |
  1
):-+:' {rn {nf {h |
  1
:336/,:r<*-): {rn rjqlijffgfm rmqhjfooooiffffffff o o o n roqmffffflfffffffffh o o n o o |
  1
:;8: {rn {m {k {nn {f o |
  1
<0:;8: {rn {nk {mo {rn {no o {mn {rn |
  1
,+->687+r<*-): {rn rjqoijfffjmooooooon rmqhjfooooiffffffff o o nqmooooonk o o o |
  1
:;8: {rn {k {i {nk {nm o |
  1
<0:;8: {rn {nh {nn {rn {nl o {mn {rn |
  1
:336/,:r<*-): {rn rjqlijffgfm rnqjjgffffmffffffff o o o n oqmffffflfffffffffh o o n o o |
  1
:;8: {rn {i {g {nh {nj o |
  1
<0:;8: {rn {mo {nk {rn {ni o {mn {rn |
  1
,+->687+r<*-): {rn rjqiijffglnffffffff rnqjjgffffmffffffff o o rnqmooooonk o o o |
  1
:;8: {rn {g {m {mo {ng o |
  1
<0:;8: {rn {nn {nh {rn {nf o {mn {rn |
  1
300/ {rn {rn {nn {ml |
  1
/3>1:r,*-9><: {rn rjqlijffgfm rmqnjgffffffffffffg o o o n rn o o o o o o o |
  1
9><: {rn {rn {mn {mk {rn {mm o n o |
  1
,7:33 {rn {rn {rn {ml {mj |
  1
3*2/ {rn {rn {mk {o |
  1
Z1;r09r^ \VLr;>+> 
1001
ACAD_OBJECT_CHANGE_GUID
1070
     1
1071
-1169533815
1070
 25904
1070
 18913
1070
   157
1070
    81
1070
    98
1070
    53
1070
    72
1070
   103
1070
   145
1070
   198
  0
HATCH
  5
36F
330
36B
100
AcDbEntity
  8
PAD_HOLES
 62
     7
100
AcDbHatch
 10
0.0
 20
0.0
 30
0.0
210
0.0
220
0.0
230
1.0
  2
SOLID
 70
     1
 71
     1
 91
        1
 92
        1
 93
        4
 72
     2
 10
-5.36599892
 20
-2.75900007
 40
0.2999994
 50
180.0
 51
360.0
 73
     1
 72
     1
 10
-5.06599952
 20
-2.75900007
 11
-5.06599952
 21
-1.55899993
 72
     2
 10
-5.36599892
 20
-1.55899993
 40
0.2999994
 50
0.0
 51
180.0
 73
     1
 72
     1
 10
-5.66599832
 20
-1.55899993
 11
-5.66599832
 21
-2.75900007
 97
        1
330
36E
 75
     0
 76
     1
 98
        0
  0
REGION
  5
370
102
{ACAD_REACTORS
330
371
102
}
330
36B
100
AcDbEntity
  8
PAD_HOLES
 62
     7
100
AcDbModelerGeometry
 70
     1
  1
noi mi n o 
  1
=0;& {rn {mj {rn {rn |
  1
/061+ {rn rjqiijffglnffffffff nqkkofffnkffffffff o |
  1
):-+:' {rn {nf {n |
  1
/061+ {rn rjqoijfffjmooooooon nqkkofffnkffffffff o |
  1
):-+:' {rn {nl {l |
  1
/061+ {rn rjqoijfffjmooooooon mqmknoooof o |
  1
):-+:' {rn {ni {j |
  1
/061+ {rn rjqiijffglnffffffff mqmknoooof o |
  1
):-+:' {rn {nf {h |
  1
:336/,:r<*-): {rn rjqlijffgfm nqkkofffnkffffffff o o o n roqmffffflfffffffffh o o n o o |
  1
:;8: {rn {m {k {nn {f o |
  1
<0:;8: {rn {nk {mo {rn {no o {mn {rn |
  1
,+->687+r<*-): {rn rjqoijfffjmooooooon nqkkofffnkffffffff o o oqgooooofkooooooon o o o |
  1
:;8: {rn {k {i {nk {nm o |
  1
<0:;8: {rn {nh {nn {rn {nl o {mn {rn |
  1
:336/,:r<*-): {rn rjqlijffgfm mqmknoooof o o o n oqmffffflfffffffffh o o n o o |
  1
:;8: {rn {i {g {nh {nj o |
  1
<0:;8: {rn {mo {nk {rn {ni o {mn {rn |
  1
,+->687+r<*-): {rn rjqiijffglnffffffff mqmknoooof o o roqgooooofkooooooon o o o |
  1
:;8: {rn {g {m {mo {ng o |
  1
<0:;8: {rn {nn {nh {rn {nf o {mn {rn |
  1
300/ {rn {rn {nn {ml |
  1
/3>1:r,*-9><: {rn rjqlijffgfm nqgkofffinfffffffg o o o n rn o o o o o o o |
  1
9><: {rn {rn {mn {mk {rn {mm o n o |
  1
,7:33 {rn {rn {rn {ml {mj |
  1
3*2/ {rn {rn {mk {o |
  1
Z1;r09r^ \VLr;>+> 
1001
ACAD_OBJECT_CHANGE_GUID
1070
     1
1071
-1614631916
1070
 -9723
1070
 18984
1070
   184
1070
    64
1070
   243
1070
   184
1070
    78
1070
   235
1070
   208
1070
   122
  0
HATCH
  5
371
330
36B
100
AcDbEntity
  8
PAD_HOLES
 62
     7
100
AcDbHatch
 10
0.0
 20
0.0
 30
0.0
210
0.0
220
0.0
230
1.0
  2
SOLID
 70
     1
 71
     1
 91
        1
 92
        1
 93
        4
 72
     2
 10
-5.36599892
 20
1.44099915
 40
0.2999994
 50
180.0
 51
360.0
 73
     1
 72
     1
 10
-5.06599952
 20
1.44099915
 11
-5.06599952
 21
2.24100009
 72
     2
 10
-5.36599892
 20
2.24100009
 40
0.2999994
 50
0.0
 51
180.0
 73
     1
 72
     1
 10
-5.66599832
 20
2.24100009
 11
-5.66599832
 21
1.44099915
 97
        1
330
370
 75
     0
 76
     1
 98
        0
  0
REGION
  5
372
102
{ACAD_REACTORS
330
373
102
}
330
36B
100
AcDbEntity
  8
PAD_HOLES
 62
     7
100
AcDbModelerGeometry
 70
     1
  1
noi mi n o 
  1
=0;& {rn {mj {rn {rn |
  1
/061+ {rn jqjhlfffjnfffffffm nqkkofffnkffffffff o |
  1
):-+:' {rn {nf {n |
  1
/061+ {rn iqnhlffglnffffffff nqkkofffnkffffffff o |
  1
):-+:' {rn {nl {l |
  1
/061+ {rn iqnhlffglnfffffff mqmknoooof o |
  1
):-+:' {rn {ni {j |
  1
/061+ {rn jqjhlfffjmooooooon mqmknoooof o |
  1
):-+:' {rn {nf {h |
  1
:336/,:r<*-): {rn jqghlffgfnfffffffn nqkkofffnkffffffff o o o n roqmffffflfffffffffh o o n o o |
  1
:;8: {rn {m {k {nn {f o |
  1
<0:;8: {rn {nk {mo {rn {no o {mn {rn |
  1
,+->687+r<*-): {rn iqnhlffglnffffffff nqkkofffnkffffffff o o oqgooooofkooooooon o o o |
  1
:;8: {rn {k {i {nk {nm o |
  1
<0:;8: {rn {nh {nn {rn {nl o {mn {rn |
  1
:336/,:r<*-): {rn jqghlffgfnfffffffn mqmknoooof o o o n oqmffffflfffffffffh o o n o o |
  1
:;8: {rn {i {g {nh {nj o |
  1
<0:;8: {rn {mo {nk {rn {ni o {mn {rn |
  1
,+->687+r<*-): {rn jqjhlfffjmooooooon mqmknoooof o o roqgooooofkooooooon o o o |
  1
:;8: {rn {g {m {mo {ng o |
  1
<0:;8: {rn {nn {nh {rn {nf o {mn {rn |
  1
300/ {rn {rn {nn {ml |
  1
/3>1:r,*-9><: {rn jqghlffgfnfffffffn nqgkofffinfffffffg o o o n rn o o o o o o o |
  1
9><: {rn {rn {mn {mk {rn {mm o n o |
  1
,7:33 {rn {rn {rn {ml {mj |
  1
3*2/ {rn {rn {mk {o |
  1
Z1;r09r^ \VLr;>+> 
1001
ACAD_OBJECT_CHANGE_GUID
1070
     1
1071
1046619403
1070
  7186
1070
 19709
1070
   132
1070
    67
1070
    37
1070
   175
1070
     6
1070
    33
1070
   139
1070
   159
  0
HATCH
  5
373
330
36B
100
AcDbEntity
  8
PAD_HOLES
 62
     7
100
AcDbHatch
 10
0.0
 20
0.0
 30
0.0
210
0.0
220
0.0
230
1.0
  2
SOLID
 70
     1
 71
     1
 91
        1
 92
        1
 93
        4
 72
     2
 10
5.873998919999999
 20
1.44099915
 40
0.2999994
 50
180.0
 51
360.0
 73
     1
 72
     1
 10
6.17399832
 20
1.44099915
 11
6.17399832
 21
2.24100009
 72
     2
 10
5.873998919999999
 20
2.24100009
 40
0.2999994
 50
0.0
 51
180.0
 73
     1
 72
     1
 10
5.57399952
 20
2.24100009
 11
5.57399952
 21
1.44099915
 97
        1
330
372
 75
     0
 76
     1
 98
        0
  0
ENDBLK
  5
408
330
36B
100
AcDbEntity
  8
0
100
AcDbBlockEnd
  0
BLOCK
  5
409
330
375
100
AcDbEntity
  8
0
100
AcDbBlockBegin
  2
TEST_POINT_1_5MM_B_4
 70
     0
 10
0.0
 20
0.0
 30
0.0
  3
TEST_POINT_1_5MM_B_4
  1

  0
ENDBLK
  5
40A
330
375
100
AcDbEntity
  8
0
100
AcDbBlockEnd
  0
BLOCK
  5
40B
330
377
100
AcDbEntity
  8
0
100
AcDbBlockBegin
  2
TEST_POINT_1_5MM_B_5
 70
     0
 10
0.0
 20
0.0
 30
0.0
  3
TEST_POINT_1_5MM_B_5
  1

  0
ENDBLK
  5
40C
330
377
100
AcDbEntity
  8
0
100
AcDbBlockEnd
  0
BLOCK
  5
40D
330
379
100
AcDbEntity
  8
0
100
AcDbBlockBegin
  2
TEST_POINT_1_5MM_B_6
 70
     0
 10
0.0
 20
0.0
 30
0.0
  3
TEST_POINT_1_5MM_B_6
  1

  0
ENDBLK
  5
40E
330
379
100
AcDbEntity
  8
0
100
AcDbBlockEnd
  0
BLOCK
  5
40F
330
37B
100
AcDbEntity
  8
0
100
AcDbBlockBegin
  2
TEST_POINT_1_5MM_B_7
 70
     0
 10
0.0
 20
0.0
 30
0.0
  3
TEST_POINT_1_5MM_B_7
  1

  0
ENDBLK
  5
410
330
37B
100
AcDbEntity
  8
0
100
AcDbBlockEnd
  0
BLOCK
  5
411
330
37D
100
AcDbEntity
  8
0
100
AcDbBlockBegin
  2
TEST_POINT_1_5MM_B_8
 70
     0
 10
0.0
 20
0.0
 30
0.0
  3
TEST_POINT_1_5MM_B_8
  1

  0
ENDBLK
  5
412
330
37D
100
AcDbEntity
  8
0
100
AcDbBlockEnd
  0
BLOCK
  5
413
330
37F
100
AcDbEntity
  8
0
100
AcDbBlockBegin
  2
TEST_POINT_1_5MM_B_9
 70
     0
 10
0.0
 20
0.0
 30
0.0
  3
TEST_POINT_1_5MM_B_9
  1

  0
ENDBLK
  5
414
330
37F
100
AcDbEntity
  8
0
100
AcDbBlockEnd
  0
BLOCK
  5
415
330
381
100
AcDbEntity
  8
0
100
AcDbBlockBegin
  2
TEST_POINT_1_5MM_B_10
 70
     0
 10
0.0
 20
0.0
 30
0.0
  3
TEST_POINT_1_5MM_B_10
  1

  0
ENDBLK
  5
416
330
381
100
AcDbEntity
  8
0
100
AcDbBlockEnd
  0
BLOCK
  5
417
330
383
100
AcDbEntity
  8
0
100
AcDbBlockBegin
  2
TEST_POINT_1_5MM_B_11
 70
     0
 10
0.0
 20
0.0
 30
0.0
  3
TEST_POINT_1_5MM_B_11
  1

  0
ENDBLK
  5
418
330
383
100
AcDbEntity
  8
0
100
AcDbBlockEnd
  0
BLOCK
  5
419
330
385
100
AcDbEntity
  8
0
100
AcDbBlockBegin
  2
TEST_POINT_1_5MM_B_12
 70
     0
 10
0.0
 20
0.0
 30
0.0
  3
TEST_POINT_1_5MM_B_12
  1

  0
ENDBLK
  5
41A
330
385
100
AcDbEntity
  8
0
100
AcDbBlockEnd
  0
BLOCK
  5
41B
330
387
100
AcDbEntity
  8
0
100
AcDbBlockBegin
  2
TEST_POINT_1_5MM_B_13
 70
     0
 10
0.0
 20
0.0
 30
0.0
  3
TEST_POINT_1_5MM_B_13
  1

  0
ENDBLK
  5
41C
330
387
100
AcDbEntity
  8
0
100
AcDbBlockEnd
  0
BLOCK
  5
41D
330
389
100
AcDbEntity
  8
0
100
AcDbBlockBegin
  2
TEST_POINT_1_5MM_B_14
 70
     0
 10
0.0
 20
0.0
 30
0.0
  3
TEST_POINT_1_5MM_B_14
  1

  0
ENDBLK
  5
41E
330
389
100
AcDbEntity
  8
0
100
AcDbBlockEnd
  0
BLOCK
  5
41F
330
38B
100
AcDbEntity
  8
0
100
AcDbBlockBegin
  2
TEST_POINT_1_5MM_B_15
 70
     0
 10
0.0
 20
0.0
 30
0.0
  3
TEST_POINT_1_5MM_B_15
  1

  0
ENDBLK
  5
420
330
38B
100
AcDbEntity
  8
0
100
AcDbBlockEnd
  0
BLOCK
  5
421
330
38D
100
AcDbEntity
  8
0
100
AcDbBlockBegin
  2
TEST_POINT_1_5MM_B_16
 70
     0
 10
0.0
 20
0.0
 30
0.0
  3
TEST_POINT_1_5MM_B_16
  1

  0
ENDBLK
  5
422
330
38D
100
AcDbEntity
  8
0
100
AcDbBlockEnd
  0
BLOCK
  5
423
330
38F
100
AcDbEntity
  8
0
100
AcDbBlockBegin
  2
U_TSSOP_24_17
 70
     0
 10
0.0
 20
0.0
 30
0.0
  3
U_TSSOP_24_17
  1

  0
ENDBLK
  5
424
330
38F
100
AcDbEntity
  8
0
100
AcDbBlockEnd
  0
BLOCK
  5
425
330
391
100
AcDbEntity
  8
0
100
AcDbBlockBegin
  2
AZP1159C1_18
 70
     0
 10
0.0
 20
0.0
 30
0.0
  3
AZP1159C1_18
  1

  0
ENDBLK
  5
426
330
391
100
AcDbEntity
  8
0
100
AcDbBlockEnd
  0
BLOCK
  5
427
330
393
100
AcDbEntity
  8
0
100
AcDbBlockBegin
  2
SOT_23_19
 70
     0
 10
0.0
 20
0.0
 30
0.0
  3
SOT_23_19
  1

  0
ENDBLK
  5
428
330
393
100
AcDbEntity
  8
0
100
AcDbBlockEnd
  0
BLOCK
  5
429
330
395
100
AcDbEntity
  8
0
100
AcDbBlockBegin
  2
SOT_223_20
 70
     0
 10
0.0
 20
0.0
 30
0.0
  3
SOT_223_20
  1

  0
ENDBLK
  5
42A
330
395
100
AcDbEntity
  8
0
100
AcDbBlockEnd
  0
BLOCK
  5
42B
330
397
100
AcDbEntity
  8
0
100
AcDbBlockBegin
  2
S_GABOU_KFC_807_21
 70
     0
 10
0.0
 20
0.0
 30
0.0
  3
S_GABOU_KFC_807_21
  1

  0
ENDBLK
  5
42C
330
397
100
AcDbEntity
  8
0
100
AcDbBlockEnd
  0
BLOCK
  5
42D
330
399
100
AcDbEntity
  8
0
100
AcDbBlockBegin
  2
S_C_K_OS103011MS8QP1_B_22
 70
     0
 10
0.0
 20
0.0
 30
0.0
  3
S_C_K_OS103011MS8QP1_B_22
  1

  0
REGION
  5
39A
102
{ACAD_REACTORS
330
39B
102
}
330
399
100
AcDbEntity
  8
PAD_HOLES
 62
     7
100
AcDbModelerGeometry
 70
     1
  1
noi nn n o 
  1
=0;& {rn {no {rn {rn |
  1
/061+ {rn iqgkfffikjfffffffg o o |
  1
):-+:' {rn {k {n |
  1
:336/,:r<*-): {rn iqoffffhfjfffffffi o o o o n oqhkfffgjooooooooon o o n o o |
  1
:;8: {rn {m {m {j {l o |
  1
<0:;8: {rn {j {j {rn {k o {i {rn |
  1
300/ {rn {rn {j {g |
  1
/3>1:r,*-9><: {rn jqhmkffghofffffffj o o o o n rn o o o o o o o |
  1
9><: {rn {rn {i {f {rn {h o n o |
  1
,7:33 {rn {rn {rn {g {no |
  1
3*2/ {rn {rn {f {o |
  1
Z1;r09r^ \VLr;>+> 
1001
ACAD_OBJECT_CHANGE_GUID
1070
     1
1071
-1866773311
1070
  8159
1070
 18272
1070
   131
1070
   195
1070
   245
1070
    72
1070
   116
1070
   221
1070
    30
1070
    52
  0
HATCH
  5
39B
330
399
100
AcDbEntity
  8
PAD_HOLES
 62
     7
100
AcDbHatch
 10
0.0
 20
0.0
 30
0.0
210
0.0
220
0.0
230
1.0
  2
SOLID
 70
     1
 71
     1
 91
        1
 92
        1
 93
        1
 72
     2
 10
6.09999796
 20
0.0
 40
0.7499985
 50
0.0
 51
360.0
 73
     1
 97
        1
330
39A
 75
     0
 76
     1
 98
        0
  0
REGION
  5
39C
102
{ACAD_REACTORS
330
39D
102
}
330
399
100
AcDbEntity
  8
PAD_HOLES
 62
     7
100
AcDbModelerGeometry
 70
     1
  1
noi nn n o 
  1
=0;& {rn {no {rn {rn |
  1
/061+ {rn rjqljooonfffffffff o o |
  1
):-+:' {rn {k {n |
  1
:336/,:r<*-): {rn riqnoooookffffffffl o o o o n oqhkfffgjooooooooon o o n o o |
  1
:;8: {rn {m {m {j {l o |
  1
<0:;8: {rn {j {j {rn {k o {i {rn |
  1
300/ {rn {rn {j {g |
  1
/3>1:r,*-9><: {rn riqkhkfffhkfffffffk o o o o n rn o o o o o o o |
  1
9><: {rn {rn {i {f {rn {h o n o |
  1
,7:33 {rn {rn {rn {g {no |
  1
3*2/ {rn {rn {f {o |
  1
Z1;r09r^ \VLr;>+> 
1001
ACAD_OBJECT_CHANGE_GUID
1070
     1
1071
-1446742890
1070
-23873
1070
 18029
1070
   172
1070
    39
1070
   106
1070
    88
1070
    60
1070
    19
1070
    47
1070
   240
  0
HATCH
  5
39D
330
399
100
AcDbEntity
  8
PAD_HOLES
 62
     7
100
AcDbHatch
 10
0.0
 20
0.0
 30
0.0
210
0.0
220
0.0
230
1.0
  2
SOLID
 70
     1
 71
     1
 91
        1
 92
        1
 93
        1
 72
     2
 10
-6.100000499999999
 20
0.0
 40
0.7499985
 50
0.0
 51
360.0
 73
     1
 97
        1
330
39C
 75
     0
 76
     1
 98
        0
  0
REGION
  5
39E
102
{ACAD_REACTORS
330
39F
102
}
330
399
100
AcDbEntity
  8
PAD_HOLES
 62
     7
100
AcDbModelerGeometry
 70
     1
  1
noi nn n o 
  1
=0;& {rn {no {rn {rn |
  1
/061+ {rn rlqioooooknfffffffg o o |
  1
):-+:' {rn {k {n |
  1
:336/,:r<*-): {rn rlqffffffinfffffffi o o o o n oqlfffffm o o n o o |
  1
:;8: {rn {m {m {j {l o |
  1
<0:;8: {rn {j {j {rn {k o {i {rn |
  1
300/ {rn {rn {j {g |
  1
/3>1:r,*-9><: {rn rkqnfffffmnfffffffi jqjjnnnjnmlnmjhgmh:ronh o o o n rn o o o o o o o |
  1
9><: {rn {rn {i {f {rn {h o n o |
  1
,7:33 {rn {rn {rn {g {no |
  1
3*2/ {rn {rn {f {o |
  1
Z1;r09r^ \VLr;>+> 
1001
ACAD_OBJECT_CHANGE_GUID
1070
     1
1071
-476889884
1070
 15010
1070
 20039
1070
   188
1070
    90
1070
   201
1070
   212
1070
   253
1070
    95
1070
   250
1070
   250
  0
HATCH
  5
39F
330
399
100
AcDbEntity
  8
PAD_HOLES
 62
     7
100
AcDbHatch
 10
0.0
 20
0.0
 30
0.0
210
0.0
220
0.0
230
1.0
  2
SOLID
 70
     1
 71
     1
 91
        1
 92
        1
 93
        1
 72
     2
 10
-3.99999962
 20
0.0
 40
0.3999992
 50
0.0
 51
360.0
 73
     1
 97
        1
330
39E
 75
     0
 76
     1
 98
        0
  0
REGION
  5
3A0
102
{ACAD_REACTORS
330
3A1
102
}
330
399
100
AcDbEntity
  8
PAD_HOLES
 62
     7
100
AcDbModelerGeometry
 70
     1
  1
noi nn n o 
  1
=0;& {rn {no {rn {rn |
  1
/061+ {rn oqlfffffm o o |
  1
):-+:' {rn {k {n |
  1
:336/,:r<*-): {rn o o o o o n oqlfffffm o o n o o |
  1
:;8: {rn {m {m {j {l o |
  1
<0:;8: {rn {j {j {rn {k o {i {rn |
  1
300/ {rn {rn {j {g |
  1
/3>1:r,*-9><: {rn roqnfffffioooooooooi jqjjnnnjnmlnmjhgmh:ronh o o o n rn o o o o o o o |
  1
9><: {rn {rn {i {f {rn {h o n o |
  1
,7:33 {rn {rn {rn {g {no |
  1
3*2/ {rn {rn {f {o |
  1
Z1;r09r^ \VLr;>+> 
1001
ACAD_OBJECT_CHANGE_GUID
1070
     1
1071
180027888
1070
-22517
1070
 18549
1070
   172
1070
   235
1070
    59
1070
   246
1070
   164
1070
    83
1070
    17
1070
   123
  0
HATCH
  5
3A1
330
399
100
AcDbEntity
  8
PAD_HOLES
 62
     7
100
AcDbHatch
 10
0.0
 20
0.0
 30
0.0
210
0.0
220
0.0
230
1.0
  2
SOLID
 70
     1
 71
     1
 91
        1
 92
        1
 93
        1
 72
     2
 10
0.0
 20
0.0
 40
0.3999992
 50
0.0
 51
360.0
 73
     1
 97
        1
330
3A0
 75
     0
 76
     1
 98
        0
  0
REGION
  5
3A2
102
{ACAD_REACTORS
330
3A3
102
}
330
399
100
AcDbEntity
  8
PAD_HOLES
 62
     7
100
AcDbModelerGeometry
 70
     1
  1
noi nn n o 
  1
=0;& {rn {no {rn {rn |
  1
/061+ {rn kqlffffggnfffffffj o o |
  1
):-+:' {rn {k {n |
  1
:336/,:r<*-): {rn lqffffffinfffffffi o o o o n oqlfffffm o o n o o |
  1
:;8: {rn {m {m {j {l o |
  1
<0:;8: {rn {j {j {rn {k o {i {rn |
  1
300/ {rn {rn {j {g |
  1
/3>1:r,*-9><: {rn lqgoooooonfffffffh jqjjnnnjnmlnmjhgmh:ronh o o o n rn o o o o o o o |
  1
9><: {rn {rn {i {f {rn {h o n o |
  1
,7:33 {rn {rn {rn {g {no |
  1
3*2/ {rn {rn {f {o |
  1
Z1;r09r^ \VLr;>+> 
1001
ACAD_OBJECT_CHANGE_GUID
1070
     1
1071
-120496841
1070
 25562
1070
 19142
1070
   190
1070
   150
1070
   173
1070
   233
1070
   101
1070
     7
1070
   175
1070
   159
  0
HATCH
  5
3A3
330
399
100
AcDbEntity
  8
PAD_HOLES
 62
     7
100
AcDbHatch
 10
0.0
 20
0.0
 30
0.0
210
0.0
220
0.0
230
1.0
  2
SOLID
 70
     1
 71
     1
 91
        1
 92
        1
 93
        1
 72
     2
 10
3.99999962
 20
0.0
 40
0.3999992
 50
0.0
 51
360.0
 73
     1
 97
        1
330
3A2
 75
     0
 76
     1
 98
        0
  0
REGION
  5
3A4
102
{ACAD_REACTORS
330
3A5
102
}
330
399
100
AcDbEntity
  8
PAD_HOLES
 62
     7
100
AcDbModelerGeometry
 70
     1
  1
noi nn n o 
  1
=0;& {rn {no {rn {rn |
  1
/061+ {rn mqkooooomhfffffffj o o |
  1
):-+:' {rn {k {n |
  1
:336/,:r<*-): {rn mqooooonohfffffffh o o o o n oqlfffffm o o n o o |
  1
:;8: {rn {m {m {j {l o |
  1
<0:;8: {rn {j {j {rn {k o {i {rn |
  1
300/ {rn {rn {j {g |
  1
/3>1:r,*-9><: {rn nqgoooonkhfffffffh jqjjnnnjnmlnmjhgmh:ronh o o o n rn o o o o o o o |
  1
9><: {rn {rn {i {f {rn {h o n o |
  1
,7:33 {rn {rn {rn {g {no |
  1
3*2/ {rn {rn {f {o |
  1
Z1;r09r^ \VLr;>+> 
1001
ACAD_OBJECT_CHANGE_GUID
1070
     1
1071
-632627041
1070
 21735
1070
 19331
1070
   131
1070
   253
1070
   185
1070
   165
1070
    22
1070
    41
1070
   125
1070
    25
  0
HATCH
  5
3A5
330
399
100
AcDbEntity
  8
PAD_HOLES
 62
     7
100
AcDbHatch
 10
0.0
 20
0.0
 30
0.0
210
0.0
220
0.0
230
1.0
  2
SOLID
 70
     1
 71
     1
 91
        1
 92
        1
 93
        1
 72
     2
 10
2.00000108
 20
0.0
 40
0.3999992
 50
0.0
 51
360.0
 73
     1
 97
        1
330
3A4
 75
     0
 76
     1
 98
        0
  0
ENDBLK
  5
42E
330
399
100
AcDbEntity
  8
0
100
AcDbBlockEnd
  0
BLOCK
  5
42F
330
3A7
100
AcDbEntity
  8
0
100
AcDbBlockBegin
  2
R_0603_23
 70
     0
 10
0.0
 20
0.0
 30
0.0
  3
R_0603_23
  1

  0
ENDBLK
  5
430
330
3A7
100
AcDbEntity
  8
0
100
AcDbBlockEnd
  0
BLOCK
  5
431
330
3A9
100
AcDbEntity
  8
0
100
AcDbBlockBegin
  2
R_0603_24
 70
     0
 10
0.0
 20
0.0
 30
0.0
  3
R_0603_24
  1

  0
ENDBLK
  5
432
330
3A9
100
AcDbEntity
  8
0
100
AcDbBlockEnd
  0
BLOCK
  5
433
330
3AB
100
AcDbEntity
  8
0
100
AcDbBlockBegin
  2
R_0603_25
 70
     0
 10
0.0
 20
0.0
 30
0.0
  3
R_0603_25
  1

  0
ENDBLK
  5
434
330
3AB
100
AcDbEntity
  8
0
100
AcDbBlockEnd
  0
BLOCK
  5
435
330
3AD
100
AcDbEntity
  8
0
100
AcDbBlockBegin
  2
R_0603_26
 70
     0
 10
0.0
 20
0.0
 30
0.0
  3
R_0603_26
  1

  0
ENDBLK
  5
436
330
3AD
100
AcDbEntity
  8
0
100
AcDbBlockEnd
  0
BLOCK
  5
437
330
3AF
100
AcDbEntity
  8
0
100
AcDbBlockBegin
  2
R_0603_27
 70
     0
 10
0.0
 20
0.0
 30
0.0
  3
R_0603_27
  1

  0
ENDBLK
  5
438
330
3AF
100
AcDbEntity
  8
0
100
AcDbBlockEnd
  0
BLOCK
  5
439
330
3B1
100
AcDbEntity
  8
0
100
AcDbBlockBegin
  2
R_0603_28
 70
     0
 10
0.0
 20
0.0
 30
0.0
  3
R_0603_28
  1

  0
ENDBLK
  5
43A
330
3B1
100
AcDbEntity
  8
0
100
AcDbBlockEnd
  0
BLOCK
  5
43B
330
3B3
100
AcDbEntity
  8
0
100
AcDbBlockBegin
  2
R_0603_29
 70
     0
 10
0.0
 20
0.0
 30
0.0
  3
R_0603_29
  1

  0
ENDBLK
  5
43C
330
3B3
100
AcDbEntity
  8
0
100
AcDbBlockEnd
  0
BLOCK
  5
43D
330
3B5
100
AcDbEntity
  8
0
100
AcDbBlockBegin
  2
R_0603_30
 70
     0
 10
0.0
 20
0.0
 30
0.0
  3
R_0603_30
  1

  0
ENDBLK
  5
43E
330
3B5
100
AcDbEntity
  8
0
100
AcDbBlockEnd
  0
BLOCK
  5
43F
330
3B7
100
AcDbEntity
  8
0
100
AcDbBlockBegin
  2
R_0603_31
 70
     0
 10
0.0
 20
0.0
 30
0.0
  3
R_0603_31
  1

  0
ENDBLK
  5
440
330
3B7
100
AcDbEntity
  8
0
100
AcDbBlockEnd
  0
BLOCK
  5
441
330
3B9
100
AcDbEntity
  8
0
100
AcDbBlockBegin
  2
R_0603_32
 70
     0
 10
0.0
 20
0.0
 30
0.0
  3
R_0603_32
  1

  0
ENDBLK
  5
442
330
3B9
100
AcDbEntity
  8
0
100
AcDbBlockEnd
  0
BLOCK
  5
443
330
3BB
100
AcDbEntity
  8
0
100
AcDbBlockBegin
  2
R_0603_33
 70
     0
 10
0.0
 20
0.0
 30
0.0
  3
R_0603_33
  1

  0
ENDBLK
  5
444
330
3BB
100
AcDbEntity
  8
0
100
AcDbBlockEnd
  0
BLOCK
  5
445
330
3BD
100
AcDbEntity
  8
0
100
AcDbBlockBegin
  2
R_POLYSWITCH_1206_34
 70
     0
 10
0.0
 20
0.0
 30
0.0
  3
R_POLYSWITCH_1206_34
  1

  0
ENDBLK
  5
446
330
3BD
100
AcDbEntity
  8
0
100
AcDbBlockEnd
  0
BLOCK
  5
447
330
3BF
100
AcDbEntity
  8
0
100
AcDbBlockBegin
  2
R_0603_35
 70
     0
 10
0.0
 20
0.0
 30
0.0
  3
R_0603_35
  1

  0
ENDBLK
  5
448
330
3BF
100
AcDbEntity
  8
0
100
AcDbBlockEnd
  0
BLOCK
  5
449
330
3C1
100
AcDbEntity
  8
0
100
AcDbBlockBegin
  2
R_0603_36
 70
     0
 10
0.0
 20
0.0
 30
0.0
  3
R_0603_36
  1

  0
ENDBLK
  5
44A
330
3C1
100
AcDbEntity
  8
0
100
AcDbBlockEnd
  0
BLOCK
  5
44B
330
3C3
100
AcDbEntity
  8
0
100
AcDbBlockBegin
  2
R_0603_37
 70
     0
 10
0.0
 20
0.0
 30
0.0
  3
R_0603_37
  1

  0
ENDBLK
  5
44C
330
3C3
100
AcDbEntity
  8
0
100
AcDbBlockEnd
  0
BLOCK
  5
44D
330
3C5
100
AcDbEntity
  8
0
100
AcDbBlockBegin
  2
MPAD_X7_0Y7_0_D3_3_38
 70
     0
 10
0.0
 20
0.0
 30
0.0
  3
MPAD_X7_0Y7_0_D3_3_38
  1

  0
REGION
  5
3C6
102
{ACAD_REACTORS
330
3C7
102
}
330
3C5
100
AcDbEntity
  8
PAD_HOLES
 62
     7
100
AcDbModelerGeometry
 70
     1
  1
noi nn n o 
  1
=0;& {rn {no {rn {rn |
  1
/061+ {rn nqikffffmlfffffffi o o |
  1
):-+:' {rn {k {n |
  1
:336/,:r<*-): {rn o o o o o n nqikffffmlfffffffi o o n o o |
  1
:;8: {rn {m {m {j {l o |
  1
<0:;8: {rn {j {j {rn {k o {i {rn |
  1
300/ {rn {rn {j {g |
  1
/3>1:r,*-9><: {rn roqgmkfffimooooooook mqmmokkiokfmjolnln:roni o o o n rn o o o o o o o |
  1
9><: {rn {rn {i {f {rn {h o n o |
  1
,7:33 {rn {rn {rn {g {no |
  1
3*2/ {rn {rn {f {o |
  1
Z1;r09r^ \VLr;>+> 
1001
ACAD_OBJECT_CHANGE_GUID
1070
     1
1071
263368851
1070
-21110
1070
 18562
1070
   191
1070
   234
1070
    87
1070
   206
1070
     4
1070
   137
1070
   122
1070
   124
  0
HATCH
  5
3C7
330
3C5
100
AcDbEntity
  8
PAD_HOLES
 62
     7
100
AcDbHatch
 10
0.0
 20
0.0
 30
0.0
210
0.0
220
0.0
230
1.0
  2
SOLID
 70
     1
 71
     1
 91
        1
 92
        1
 93
        1
 72
     2
 10
0.0
 20
0.0
 40
1.64999924
 50
0.0
 51
360.0
 73
     1
 97
        1
330
3C6
 75
     0
 76
     1
 98
        0
  0
ENDBLK
  5
44E
330
3C5
100
AcDbEntity
  8
0
100
AcDbBlockEnd
  0
BLOCK
  5
44F
330
3C9
100
AcDbEntity
  8
0
100
AcDbBlockBegin
  2
MPAD_X7_0Y7_0_D3_3_39
 70
     0
 10
0.0
 20
0.0
 30
0.0
  3
MPAD_X7_0Y7_0_D3_3_39
  1

  0
REGION
  5
3CA
102
{ACAD_REACTORS
330
3CB
102
}
330
3C9
100
AcDbEntity
  8
PAD_HOLES
 62
     7
100
AcDbModelerGeometry
 70
     1
  1
noi nn n o 
  1
=0;& {rn {no {rn {rn |
  1
/061+ {rn nqikffffmlfffffffi o o |
  1
):-+:' {rn {k {n |
  1
:336/,:r<*-): {rn o o o o o n nqikffffmlfffffffi o o n o o |
  1
:;8: {rn {m {m {j {l o |
  1
<0:;8: {rn {j {j {rn {k o {i {rn |
  1
300/ {rn {rn {j {g |
  1
/3>1:r,*-9><: {rn roqgmkfffimooooooook mqmmokkiokfmjolnln:roni o o o n rn o o o o o o o |
  1
9><: {rn {rn {i {f {rn {h o n o |
  1
,7:33 {rn {rn {rn {g {no |
  1
3*2/ {rn {rn {f {o |
  1
Z1;r09r^ \VLr;>+> 
1001
ACAD_OBJECT_CHANGE_GUID
1070
     1
1071
-1369350759
1070
 27349
1070
 16742
1070
   142
1070
     9
1070
   117
1070
    16
1070
    14
1070
     4
1070
   181
1070
   102
  0
HATCH
  5
3CB
330
3C9
100
AcDbEntity
  8
PAD_HOLES
 62
     7
100
AcDbHatch
 10
0.0
 20
0.0
 30
0.0
210
0.0
220
0.0
230
1.0
  2
SOLID
 70
     1
 71
     1
 91
        1
 92
        1
 93
        1
 72
     2
 10
0.0
 20
0.0
 40
1.64999924
 50
0.0
 51
360.0
 73
     1
 97
        1
330
3CA
 75
     0
 76
     1
 98
        0
  0
ENDBLK
  5
450
330
3C9
100
AcDbEntity
  8
0
100
AcDbBlockEnd
  0
BLOCK
  5
451
330
3CD
100
AcDbEntity
  8
0
100
AcDbBlockBegin
  2
MPAD_X7_0Y7_0_D3_3_40
 70
     0
 10
0.0
 20
0.0
 30
0.0
  3
MPAD_X7_0Y7_0_D3_3_40
  1

  0
REGION
  5
3CE
102
{ACAD_REACTORS
330
3CF
102
}
330
3CD
100
AcDbEntity
  8
PAD_HOLES
 62
     7
100
AcDbModelerGeometry
 70
     1
  1
noi nn n o 
  1
=0;& {rn {no {rn {rn |
  1
/061+ {rn nqikffffmlfffffffi o o |
  1
):-+:' {rn {k {n |
  1
:336/,:r<*-): {rn o o o o o n nqikffffmlfffffffi o o n o o |
  1
:;8: {rn {m {m {j {l o |
  1
<0:;8: {rn {j {j {rn {k o {i {rn |
  1
300/ {rn {rn {j {g |
  1
/3>1:r,*-9><: {rn roqgmkfffimooooooook mqmmokkiokfmjolnln:roni o o o n rn o o o o o o o |
  1
9><: {rn {rn {i {f {rn {h o n o |
  1
,7:33 {rn {rn {rn {g {no |
  1
3*2/ {rn {rn {f {o |
  1
Z1;r09r^ \VLr;>+> 
1001
ACAD_OBJECT_CHANGE_GUID
1070
     1
1071
1665933821
1070
-17935
1070
 19563
1070
   145
1070
     0
1070
   235
1070
    39
1070
   178
1070
    79
1070
    23
1070
   107
  0
HATCH
  5
3CF
330
3CD
100
AcDbEntity
  8
PAD_HOLES
 62
     7
100
AcDbHatch
 10
0.0
 20
0.0
 30
0.0
210
0.0
220
0.0
230
1.0
  2
SOLID
 70
     1
 71
     1
 91
        1
 92
        1
 93
        1
 72
     2
 10
0.0
 20
0.0
 40
1.64999924
 50
0.0
 51
360.0
 73
     1
 97
        1
330
3CE
 75
     0
 76
     1
 98
        0
  0
ENDBLK
  5
452
330
3CD
100
AcDbEntity
  8
0
100
AcDbBlockEnd
  0
BLOCK
  5
453
330
3D1
100
AcDbEntity
  8
0
100
AcDbBlockBegin
  2
MPAD_X7_0Y7_0_D3_3_41
 70
     0
 10
0.0
 20
0.0
 30
0.0
  3
MPAD_X7_0Y7_0_D3_3_41
  1

  0
REGION
  5
3D2
102
{ACAD_REACTORS
330
3D3
102
}
330
3D1
100
AcDbEntity
  8
PAD_HOLES
 62
     7
100
AcDbModelerGeometry
 70
     1
  1
noi nn n o 
  1
=0;& {rn {no {rn {rn |
  1
/061+ {rn nqikffffmlfffffffi o o |
  1
):-+:' {rn {k {n |
  1
:336/,:r<*-): {rn o o o o o n nqikffffmlfffffffi o o n o o |
  1
:;8: {rn {m {m {j {l o |
  1
<0:;8: {rn {j {j {rn {k o {i {rn |
  1
300/ {rn {rn {j {g |
  1
/3>1:r,*-9><: {rn roqgmkfffimooooooook mqmmokkiokfmjolnln:roni o o o n rn o o o o o o o |
  1
9><: {rn {rn {i {f {rn {h o n o |
  1
,7:33 {rn {rn {rn {g {no |
  1
3*2/ {rn {rn {f {o |
  1
Z1;r09r^ \VLr;>+> 
1001
ACAD_OBJECT_CHANGE_GUID
1070
     1
1071
-2003452718
1070
 23819
1070
 17729
1070
   141
1070
     3
1070
   122
1070
   132
1070
   229
1070
    55
1070
   155
1070
    35
  0
HATCH
  5
3D3
330
3D1
100
AcDbEntity
  8
PAD_HOLES
 62
     7
100
AcDbHatch
 10
0.0
 20
0.0
 30
0.0
210
0.0
220
0.0
230
1.0
  2
SOLID
 70
     1
 71
     1
 91
        1
 92
        1
 93
        1
 72
     2
 10
0.0
 20
0.0
 40
1.64999924
 50
0.0
 51
360.0
 73
     1
 97
        1
330
3D2
 75
     0
 76
     1
 98
        0
  0
ENDBLK
  5
454
330
3D1
100
AcDbEntity
  8
0
100
AcDbBlockEnd
  0
BLOCK
  5
455
330
3D5
100
AcDbEntity
  8
0
100
AcDbBlockBegin
  2
P_BERG_8W_HDR_RA_SIL_42
 70
     0
 10
0.0
 20
0.0
 30
0.0
  3
P_BERG_8W_HDR_RA_SIL_42
  1

  0
REGION
  5
3D6
102
{ACAD_REACTORS
330
3D7
102
}
330
3D5
100
AcDbEntity
  8
PAD_HOLES
 62
     7
100
AcDbModelerGeometry
 70
     1
  1
noi nn n o 
  1
=0;& {rn {no {rn {rn |
  1
/061+ {rn iqgkfffgfffffffffj o o |
  1
):-+:' {rn {k {n |
  1
:336/,:r<*-): {rn iqlkfffffffffffffi o o o o n oqkfffffooooooooool o o n o o |
  1
:;8: {rn {m {m {j {l o |
  1
<0:;8: {rn {j {j {rn {k o {i {rn |
  1
300/ {rn {rn {j {g |
  1
/3>1:r,*-9><: {rn iqnooooojoooooooom jqjjnnnjnmlnmjhgmh:ronh o o o n rn o o o o o o o |
  1
9><: {rn {rn {i {f {rn {h o n o |
  1
,7:33 {rn {rn {rn {g {no |
  1
3*2/ {rn {rn {f {o |
  1
Z1;r09r^ \VLr;>+> 
1001
ACAD_OBJECT_CHANGE_GUID
1070
     1
1071
2024646923
1070
-13140
1070
 19719
1070
   148
1070
    10
1070
    83
1070
   137
1070
   117
1070
   140
1070
   216
1070
   122
  0
HATCH
  5
3D7
330
3D5
100
AcDbEntity
  8
PAD_HOLES
 62
     7
100
AcDbHatch
 10
0.0
 20
0.0
 30
0.0
210
0.0
220
0.0
230
1.0
  2
SOLID
 70
     1
 71
     1
 91
        1
 92
        1
 93
        1
 72
     2
 10
6.35
 20
0.0
 40
0.499999
 50
0.0
 51
360.0
 73
     1
 97
        1
330
3D6
 75
     0
 76
     1
 98
        0
  0
REGION
  5
3D8
102
{ACAD_REACTORS
330
3D9
102
}
330
3D5
100
AcDbEntity
  8
PAD_HOLES
 62
     7
100
AcDbModelerGeometry
 70
     1
  1
noi nn n o 
  1
=0;& {rn {no {rn {rn |
  1
/061+ {rn fqlgfffgfffffffffj o o |
  1
):-+:' {rn {k {n |
  1
:336/,:r<*-): {rn gqggffffffffffffgg o o o o n oqkfffffooooooooool o o n o o |
  1
:;8: {rn {m {m {j {l o |
  1
<0:;8: {rn {j {j {rn {k o {i {rn |
  1
300/ {rn {rn {j {g |
  1
/3>1:r,*-9><: {rn gqikooookffffffffl jqjjnnnjnmlnmjhgmh:ronh o o o n rn o o o o o o o |
  1
9><: {rn {rn {i {f {rn {h o n o |
  1
,7:33 {rn {rn {rn {g {no |
  1
3*2/ {rn {rn {f {o |
  1
Z1;r09r^ \VLr;>+> 
1001
ACAD_OBJECT_CHANGE_GUID
1070
     1
1071
-1608934803
1070
-15567
1070
 20451
1070
   154
1070
   215
1070
   131
1070
     0
1070
    83
1070
   111
1070
    16
1070
   234
  0
HATCH
  5
3D9
330
3D5
100
AcDbEntity
  8
PAD_HOLES
 62
     7
100
AcDbHatch
 10
0.0
 20
0.0
 30
0.0
210
0.0
220
0.0
230
1.0
  2
SOLID
 70
     1
 71
     1
 91
        1
 92
        1
 93
        1
 72
     2
 10
8.889999999999999
 20
0.0
 40
0.499999
 50
0.0
 51
360.0
 73
     1
 97
        1
330
3D8
 75
     0
 76
     1
 98
        0
  0
REGION
  5
3DA
102
{ACAD_REACTORS
330
3DB
102
}
330
3D5
100
AcDbEntity
  8
PAD_HOLES
 62
     7
100
AcDbModelerGeometry
 70
     1
  1
noi nn n o 
  1
=0;& {rn {no {rn {rn |
  1
/061+ {rn kqlofffgfffffffffj o o |
  1
):-+:' {rn {k {n |
  1
:336/,:r<*-): {rn lqgofffffffffffffi o o o o n oqkfffffooooooooool o o n o o |
  1
:;8: {rn {m {m {j {l o |
  1
<0:;8: {rn {j {j {rn {k o {i {rn |
  1
300/ {rn {rn {j {g |
  1
/3>1:r,*-9><: {rn lqjiooookffffffffm jqjjnnnjnmlnmjhgmh:ronh o o o n rn o o o o o o o |
  1
9><: {rn {rn {i {f {rn {h o n o |
  1
,7:33 {rn {rn {rn {g {no |
  1
3*2/ {rn {rn {f {o |
  1
Z1;r09r^ \VLr;>+> 
1001
ACAD_OBJECT_CHANGE_GUID
1070
     1
1071
-458859604
1070
 30175
1070
 17037
1070
   132
1070
   175
1070
   146
1070
   182
1070
    86
1070
   153
1070
   236
1070
    40
  0
HATCH
  5
3DB
330
3D5
100
AcDbEntity
  8
PAD_HOLES
 62
     7
100
AcDbHatch
 10
0.0
 20
0.0
 30
0.0
210
0.0
220
0.0
230
1.0
  2
SOLID
 70
     1
 71
     1
 91
        1
 92
        1
 93
        1
 72
     2
 10
3.81
 20
0.0
 40
0.499999
 50
0.0
 51
360.0
 73
     1
 97
        1
330
3DA
 75
     0
 76
     1
 98
        0
  0
REGION
  5
3DC
102
{ACAD_REACTORS
330
3DD
102
}
330
3D5
100
AcDbEntity
  8
PAD_HOLES
 62
     7
100
AcDbModelerGeometry
 70
     1
  1
noi nn n o 
  1
=0;& {rn {no {rn {rn |
  1
/061+ {rn roqhhooooffffffffffk o o |
  1
):-+:' {rn {k {n |
  1
:336/,:r<*-): {rn rnqmh o o o o n oqkfffffooooooooool o o n o o |
  1
:;8: {rn {m {m {j {l o |
  1
<0:;8: {rn {j {j {rn {k o {i {rn |
  1
300/ {rn {rn {j {g |
  1
/3>1:r,*-9><: {rn rnqjnffffkfffffffff jqjjnnnjnmlnmjhgmh:ronh o o o n rn o o o o o o o |
  1
9><: {rn {rn {i {f {rn {h o n o |
  1
,7:33 {rn {rn {rn {g {no |
  1
3*2/ {rn {rn {f {o |
  1
Z1;r09r^ \VLr;>+> 
1001
ACAD_OBJECT_CHANGE_GUID
1070
     1
1071
-113963440
1070
 -4314
1070
 17598
1070
   129
1070
    96
1070
   248
1070
    59
1070
    31
1070
   139
1070
   189
1070
    25
  0
HATCH
  5
3DD
330
3D5
100
AcDbEntity
  8
PAD_HOLES
 62
     7
100
AcDbHatch
 10
0.0
 20
0.0
 30
0.0
210
0.0
220
0.0
230
1.0
  2
SOLID
 70
     1
 71
     1
 91
        1
 92
        1
 93
        1
 72
     2
 10
-1.27
 20
0.0
 40
0.499999
 50
0.0
 51
360.0
 73
     1
 97
        1
330
3DC
 75
     0
 76
     1
 98
        0
  0
REGION
  5
3DE
102
{ACAD_REACTORS
330
3DF
102
}
330
3D5
100
AcDbEntity
  8
PAD_HOLES
 62
     7
100
AcDbModelerGeometry
 70
     1
  1
noi nn n o 
  1
=0;& {rn {no {rn {rn |
  1
/061+ {rn rlqlnoooofffffffffh o o |
  1
):-+:' {rn {k {n |
  1
:336/,:r<*-): {rn rlqgofffffffffffffi o o o o n oqkfffffooooooooool o o n o o |
  1
:;8: {rn {m {m {j {l o |
  1
<0:;8: {rn {j {j {rn {k o {i {rn |
  1
300/ {rn {rn {j {g |
  1
/3>1:r,*-9><: {rn rkqojffffj jqjjnnnjnmlnmjhgmh:ronh o o o n rn o o o o o o o |
  1
9><: {rn {rn {i {f {rn {h o n o |
  1
,7:33 {rn {rn {rn {g {no |
  1
3*2/ {rn {rn {f {o |
  1
Z1;r09r^ \VLr;>+> 
1001
ACAD_OBJECT_CHANGE_GUID
1070
     1
1071
-1284490714
1070
 22788
1070
 17550
1070
   137
1070
   144
1070
   238
1070
    20
1070
   127
1070
   231
1070
    36
1070
    59
  0
HATCH
  5
3DF
330
3D5
100
AcDbEntity
  8
PAD_HOLES
 62
     7
100
AcDbHatch
 10
0.0
 20
0.0
 30
0.0
210
0.0
220
0.0
230
1.0
  2
SOLID
 70
     1
 71
     1
 91
        1
 92
        1
 93
        1
 72
     2
 10
-3.81
 20
0.0
 40
0.499999
 50
0.0
 51
360.0
 73
     1
 97
        1
330
3DE
 75
     0
 76
     1
 98
        0
  0
REGION
  5
3E0
102
{ACAD_REACTORS
330
3E1
102
}
330
3D5
100
AcDbEntity
  8
PAD_HOLES
 62
     7
100
AcDbModelerGeometry
 70
     1
  1
noi nn n o 
  1
=0;& {rn {no {rn {rn |
  1
/061+ {rn rjqgjoooofffffffffg o o |
  1
):-+:' {rn {k {n |
  1
:336/,:r<*-): {rn riqlkfffffffffffffi o o o o n oqkfffffooooooooool o o n o o |
  1
:;8: {rn {m {m {j {l o |
  1
<0:;8: {rn {j {j {rn {k o {i {rn |
  1
300/ {rn {rn {j {g |
  1
/3>1:r,*-9><: {rn riqjfffffkffffffffn jqjjnnnjnmlnmjhgmh:ronh o o o n rn o o o o o o o |
  1
9><: {rn {rn {i {f {rn {h o n o |
  1
,7:33 {rn {rn {rn {g {no |
  1
3*2/ {rn {rn {f {o |
  1
Z1;r09r^ \VLr;>+> 
1001
ACAD_OBJECT_CHANGE_GUID
1070
     1
1071
1631675763
1070
-31226
1070
 19451
1070
   149
1070
   111
1070
   164
1070
    92
1070
   160
1070
   228
1070
   115
1070
   145
  0
HATCH
  5
3E1
330
3D5
100
AcDbEntity
  8
PAD_HOLES
 62
     7
100
AcDbHatch
 10
0.0
 20
0.0
 30
0.0
210
0.0
220
0.0
230
1.0
  2
SOLID
 70
     1
 71
     1
 91
        1
 92
        1
 93
        1
 72
     2
 10
-6.35
 20
0.0
 40
0.499999
 50
0.0
 51
360.0
 73
     1
 97
        1
330
3E0
 75
     0
 76
     1
 98
        0
  0
REGION
  5
3E2
102
{ACAD_REACTORS
330
3E3
102
}
330
3D5
100
AcDbEntity
  8
PAD_HOLES
 62
     7
100
AcDbModelerGeometry
 70
     1
  1
noi nn n o 
  1
=0;& {rn {no {rn {rn |
  1
/061+ {rn rgqlfooooffffffffg o o |
  1
):-+:' {rn {k {n |
  1
:336/,:r<*-): {rn rgqggffffffffffffgg o o o o n oqkfffffooooooooool o o n o o |
  1
:;8: {rn {m {m {j {l o |
  1
<0:;8: {rn {j {j {rn {k o {i {rn |
  1
300/ {rn {rn {j {g |
  1
/3>1:r,*-9><: {rn rfqnlffffkfffffffgl jqjjnnnjnmlnmjhgmh:ronh o o o n rn o o o o o o o |
  1
9><: {rn {rn {i {f {rn {h o n o |
  1
,7:33 {rn {rn {rn {g {no |
  1
3*2/ {rn {rn {f {o |
  1
Z1;r09r^ \VLr;>+> 
1001
ACAD_OBJECT_CHANGE_GUID
1070
     1
1071
1524957196
1070
-20880
1070
 19734
1070
   158
1070
   219
1070
   235
1070
    75
1070
   109
1070
   138
1070
   158
1070
   216
  0
HATCH
  5
3E3
330
3D5
100
AcDbEntity
  8
PAD_HOLES
 62
     7
100
AcDbHatch
 10
0.0
 20
0.0
 30
0.0
210
0.0
220
0.0
230
1.0
  2
SOLID
 70
     1
 71
     1
 91
        1
 92
        1
 93
        1
 72
     2
 10
-8.889999999999999
 20
0.0
 40
0.499999
 50
0.0
 51
360.0
 73
     1
 97
        1
330
3E2
 75
     0
 76
     1
 98
        0
  0
REGION
  5
3E4
102
{ACAD_REACTORS
330
3E5
102
}
330
3D5
100
AcDbEntity
  8
PAD_HOLES
 62
     7
100
AcDbModelerGeometry
 70
     1
  1
noi nn n o 
  1
=0;& {rn {no {rn {rn |
  1
/061+ {rn nqhiffffooooooooon o o |
  1
):-+:' {rn {k {n |
  1
:336/,:r<*-): {rn nqmh o o o o n oqkfffffooooooooool o o n o o |
  1
:;8: {rn {m {m {j {l o |
  1
<0:;8: {rn {j {j {rn {k o {i {rn |
  1
300/ {rn {rn {j {g |
  1
/3>1:r,*-9><: {rn nqomoooojoooooooon jqjjnnnjnmlnmjhgmh:ronh o o o n rn o o o o o o o |
  1
9><: {rn {rn {i {f {rn {h o n o |
  1
,7:33 {rn {rn {rn {g {no |
  1
3*2/ {rn {rn {f {o |
  1
Z1;r09r^ \VLr;>+> 
1001
ACAD_OBJECT_CHANGE_GUID
1070
     1
1071
520160841
1070
 17700
1070
 18350
1070
   175
1070
    91
1070
    65
1070
    79
1070
     5
1070
     7
1070
   223
1070
    68
  0
HATCH
  5
3E5
330
3D5
100
AcDbEntity
  8
PAD_HOLES
 62
     7
100
AcDbHatch
 10
0.0
 20
0.0
 30
0.0
210
0.0
220
0.0
230
1.0
  2
SOLID
 70
     1
 71
     1
 91
        1
 92
        1
 93
        1
 72
     2
 10
1.27
 20
0.0
 40
0.499999
 50
0.0
 51
360.0
 73
     1
 97
        1
330
3E4
 75
     0
 76
     1
 98
        0
  0
ENDBLK
  5
456
330
3D5
100
AcDbEntity
  8
0
100
AcDbBlockEnd
  0
BLOCK
  5
457
330
3E7
100
AcDbEntity
  8
0
100
AcDbBlockBegin
  2
P_BERG_10W_HDR_EDGE_43
 70
     0
 10
0.0
 20
0.0
 30
0.0
  3
P_BERG_10W_HDR_EDGE_43
  1

  0
ENDBLK
  5
458
330
3E7
100
AcDbEntity
  8
0
100
AcDbBlockEnd
  0
BLOCK
  5
459
330
3E9
100
AcDbEntity
  8
0
100
AcDbBlockBegin
  2
TEST_POINT_1_5MM_B_44
 70
     0
 10
0.0
 20
0.0
 30
0.0
  3
TEST_POINT_1_5MM_B_44
  1

  0
ENDBLK
  5
45A
330
3E9
100
AcDbEntity
  8
0
100
AcDbBlockEnd
  0
BLOCK
  5
45B
330
3EB
100
AcDbEntity
  8
0
100
AcDbBlockBegin
  2
D_LED_BLUE_0603___WEJ_____
 70
     0
 10
0.0
 20
0.0
 30
0.0
  3
D_LED_BLUE_0603___WEJ_____
  1

  0
ENDBLK
  5
45C
330
3EB
100
AcDbEntity
  8
0
100
AcDbBlockEnd
  0
BLOCK
  5
45D
330
3ED
100
AcDbEntity
  8
0
100
AcDbBlockBegin
  2
D_LED_RED_0603_46
 70
     0
 10
0.0
 20
0.0
 30
0.0
  3
D_LED_RED_0603_46
  1

  0
ENDBLK
  5
45E
330
3ED
100
AcDbEntity
  8
0
100
AcDbBlockEnd
  0
BLOCK
  5
45F
330
3EF
100
AcDbEntity
  8
0
100
AcDbBlockBegin
  2
D_SOD_323_47
 70
     0
 10
0.0
 20
0.0
 30
0.0
  3
D_SOD_323_47
  1

  0
ENDBLK
  5
460
330
3EF
100
AcDbEntity
  8
0
100
AcDbBlockEnd
  0
BLOCK
  5
461
330
3F1
100
AcDbEntity
  8
0
100
AcDbBlockBegin
  2
SOT_23_48
 70
     0
 10
0.0
 20
0.0
 30
0.0
  3
SOT_23_48
  1

  0
ENDBLK
  5
462
330
3F1
100
AcDbEntity
  8
0
100
AcDbBlockEnd
  0
BLOCK
  5
463
330
3F3
100
AcDbEntity
  8
0
100
AcDbBlockBegin
  2
C_0603_49
 70
     0
 10
0.0
 20
0.0
 30
0.0
  3
C_0603_49
  1

  0
ENDBLK
  5
464
330
3F3
100
AcDbEntity
  8
0
100
AcDbBlockEnd
  0
BLOCK
  5
465
330
3F5
100
AcDbEntity
  8
0
100
AcDbBlockBegin
  2
C_0603_50
 70
     0
 10
0.0
 20
0.0
 30
0.0
  3
C_0603_50
  1

  0
ENDBLK
  5
466
330
3F5
100
AcDbEntity
  8
0
100
AcDbBlockEnd
  0
BLOCK
  5
467
330
3F7
100
AcDbEntity
  8
0
100
AcDbBlockBegin
  2
C_0603_51
 70
     0
 10
0.0
 20
0.0
 30
0.0
  3
C_0603_51
  1

  0
ENDBLK
  5
468
330
3F7
100
AcDbEntity
  8
0
100
AcDbBlockEnd
  0
BLOCK
  5
469
330
3F9
100
AcDbEntity
  8
0
100
AcDbBlockBegin
  2
C_0603_52
 70
     0
 10
0.0
 20
0.0
 30
0.0
  3
C_0603_52
  1

  0
ENDBLK
  5
46A
330
3F9
100
AcDbEntity
  8
0
100
AcDbBlockEnd
  0
BLOCK
  5
46B
330
3FB
100
AcDbEntity
  8
0
100
AcDbBlockBegin
  2
C_0603_53
 70
     0
 10
0.0
 20
0.0
 30
0.0
  3
C_0603_53
  1

  0
ENDBLK
  5
46C
330
3FB
100
AcDbEntity
  8
0
100
AcDbBlockEnd
  0
BLOCK
  5
46D
330
3FD
100
AcDbEntity
  8
0
100
AcDbBlockBegin
  2
C_0603_54
 70
     0
 10
0.0
 20
0.0
 30
0.0
  3
C_0603_54
  1

  0
ENDBLK
  5
46E
330
3FD
100
AcDbEntity
  8
0
100
AcDbBlockEnd
  0
BLOCK
  5
46F
330
3FF
100
AcDbEntity
  8
0
100
AcDbBlockBegin
  2
C_0603_55
 70
     0
 10
0.0
 20
0.0
 30
0.0
  3
C_0603_55
  1

  0
ENDBLK
  5
470
330
3FF
100
AcDbEntity
  8
0
100
AcDbBlockEnd
  0
BLOCK
  5
471
330
401
100
AcDbEntity
  8
0
100
AcDbBlockBegin
  2
TEST_POINT_1_5MM_B_56
 70
     0
 10
0.0
 20
0.0
 30
0.0
  3
TEST_POINT_1_5MM_B_56
  1

  0
ENDBLK
  5
472
330
401
100
AcDbEntity
  8
0
100
AcDbBlockEnd
  0
ENDSEC
  0
SECTION
  2
ENTITIES
  0
LWPOLYLINE
  5
61
330
1F
100
AcDbEntity
  8
TESTPOINT-TEST_JIG_LAYER
100
AcDbPolyline
 90
        2
 70
     0
 43
0.499999
 10
70.05000213999999
 20
78.33092283999999
 10
70.05000213999999
 20
97.33092294
  0
LWPOLYLINE
  5
62
330
1F
100
AcDbEntity
  8
TESTPOINT-TEST_JIG_LAYER
100
AcDbPolyline
 90
        2
 70
     1
 43
0.2499995
 10
69.92500365999999
 20
78.33092283999999
 42
1.0
 10
70.17500061999999
 20
78.33092283999999
 42
1.0
  0
LWPOLYLINE
  5
63
330
1F
100
AcDbEntity
  8
TESTPOINT-TEST_JIG_LAYER
100
AcDbPolyline
 90
        2
 70
     1
 43
0.2499995
 10
69.92500365999999
 20
97.33092294
 42
1.0
 10
70.17500061999999
 20
97.33092294
 42
1.0
  0
LWPOLYLINE
  5
64
330
1F
100
AcDbEntity
  8
TESTPOINT-TEST_JIG_LAYER
100
AcDbPolyline
 90
        2
 70
     0
 43
0.1999996
 10
-13.37640962
 20
89.77078312
 10
70.05000213999999
 20
89.77078312
  0
LWPOLYLINE
  5
65
330
1F
100
AcDbEntity
  8
TESTPOINT-TEST_JIG_LAYER
100
AcDbPolyline
 90
        2
 70
     1
 43
0.0999998
 10
-13.42640952
 20
89.77078312
 42
1.0
 10
-13.32640972
 20
89.77078312
 42
1.0
  0
LWPOLYLINE
  5
66
330
1F
100
AcDbEntity
  8
TESTPOINT-TEST_JIG_LAYER
100
AcDbPolyline
 90
        2
 70
     1
 43
0.0999998
 10
70.00000224
 20
89.77078312
 42
1.0
 10
70.10000203999999
 20
89.77078312
 42
1.0
  0
LWPOLYLINE
  5
67
330
1F
100
AcDbEntity
  8
TESTPOINT-TEST_JIG_LAYER
100
AcDbPolyline
 90
        2
 70
     0
 43
0.1999996
 10
-13.62640912
 20
93.52078578
 10
70.05000213999999
 20
93.52078578
  0
LWPOLYLINE
  5
68
330
1F
100
AcDbEntity
  8
TESTPOINT-TEST_JIG_LAYER
100
AcDbPolyline
 90
        2
 70
     1
 43
0.0999998
 10
-13.67640902
 20
93.52078578
 42
1.0
 10
-13.57640922
 20
93.52078578
 42
1.0
  0
LWPOLYLINE
  5
69
330
1F
100
AcDbEntity
  8
TESTPOINT-TEST_JIG_LAYER
100
AcDbPolyline
 90
        2
 70
     1
 43
0.0999998
 10
70.00000224
 20
93.52078578
 42
1.0
 10
70.10000203999999
 20
93.52078578
 42
1.0
  0
LWPOLYLINE
  5
6A
330
1F
100
AcDbEntity
  8
TESTPOINT-TEST_JIG_LAYER
100
AcDbPolyline
 90
        2
 70
     0
 43
0.1999996
 10
-13.62640912
 20
86.020783
 10
70.05000213999999
 20
86.020783
  0
LWPOLYLINE
  5
6B
330
1F
100
AcDbEntity
  8
TESTPOINT-TEST_JIG_LAYER
100
AcDbPolyline
 90
        2
 70
     1
 43
0.0999998
 10
-13.67640902
 20
86.020783
 42
1.0
 10
-13.57640922
 20
86.020783
 42
1.0
  0
LWPOLYLINE
  5
6C
330
1F
100
AcDbEntity
  8
TESTPOINT-TEST_JIG_LAYER
100
AcDbPolyline
 90
        2
 70
     1
 43
0.0999998
 10
70.00000224
 20
86.020783
 42
1.0
 10
70.10000203999999
 20
86.020783
 42
1.0
  0
LWPOLYLINE
  5
6D
330
1F
100
AcDbEntity
  8
TESTPOINT-TEST_JIG_LAYER
100
AcDbPolyline
 90
        2
 70
     0
 43
0.1999996
 10
-13.62640912
 20
82.27078288
 10
70.05000213999999
 20
82.27078288
  0
LWPOLYLINE
  5
6E
330
1F
100
AcDbEntity
  8
TESTPOINT-TEST_JIG_LAYER
100
AcDbPolyline
 90
        2
 70
     1
 43
0.0999998
 10
-13.67640902
 20
82.27078288
 42
1.0
 10
-13.57640922
 20
82.27078288
 42
1.0
  0
LWPOLYLINE
  5
6F
330
1F
100
AcDbEntity
  8
TESTPOINT-TEST_JIG_LAYER
100
AcDbPolyline
 90
        2
 70
     1
 43
0.0999998
 10
70.00000224
 20
82.27078288
 42
1.0
 10
70.10000203999999
 20
82.27078288
 42
1.0
  0
LWPOLYLINE
  5
70
330
1F
100
AcDbEntity
  8
TESTPOINT-TEST_JIG_LAYER
100
AcDbPolyline
 90
        2
 70
     0
 43
0.499999
 10
-13.62640912
 20
78.33092283999999
 10
70.05000213999999
 20
78.33092283999999
  0
LWPOLYLINE
  5
71
330
1F
100
AcDbEntity
  8
TESTPOINT-TEST_JIG_LAYER
100
AcDbPolyline
 90
        2
 70
     1
 43
0.2499995
 10
-13.7514076
 20
78.33092283999999
 42
1.0
 10
-13.50141064
 20
78.33092283999999
 42
1.0
  0
LWPOLYLINE
  5
72
330
1F
100
AcDbEntity
  8
TESTPOINT-TEST_JIG_LAYER
100
AcDbPolyline
 90
        2
 70
     1
 43
0.2499995
 10
69.92500365999999
 20
78.33092283999999
 42
1.0
 10
70.17500061999999
 20
78.33092283999999
 42
1.0
  0
LWPOLYLINE
  5
73
330
1F
100
AcDbEntity
  8
TESTPOINT-TEST_JIG_LAYER
100
AcDbPolyline
 90
        2
 70
     0
 43
0.499999
 10
-13.62640912
 20
97.33092294
 10
70.05000213999999
 20
97.33092294
  0
LWPOLYLINE
  5
74
330
1F
100
AcDbEntity
  8
TESTPOINT-TEST_JIG_LAYER
100
AcDbPolyline
 90
        2
 70
     1
 43
0.2499995
 10
-13.7514076
 20
97.33092294
 42
1.0
 10
-13.50141064
 20
97.33092294
 42
1.0
  0
LWPOLYLINE
  5
75
330
1F
100
AcDbEntity
  8
TESTPOINT-TEST_JIG_LAYER
100
AcDbPolyline
 90
        2
 70
     1
 43
0.2499995
 10
69.92500365999999
 20
97.33092294
 42
1.0
 10
70.17500061999999
 20
97.33092294
 42
1.0
  0
LWPOLYLINE
  5
76
330
1F
100
AcDbEntity
  8
TESTPOINT-TEST_JIG_LAYER
100
AcDbPolyline
 90
        2
 70
     0
 43
0.499999
 10
-13.62640912
 20
78.33092283999999
 10
-13.62640912
 20
97.33092294
  0
LWPOLYLINE
  5
77
330
1F
100
AcDbEntity
  8
TESTPOINT-TEST_JIG_LAYER
100
AcDbPolyline
 90
        2
 70
     1
 43
0.2499995
 10
-13.7514076
 20
78.33092283999999
 42
1.0
 10
-13.50141064
 20
78.33092283999999
 42
1.0
  0
LWPOLYLINE
  5
78
330
1F
100
AcDbEntity
  8
TESTPOINT-TEST_JIG_LAYER
100
AcDbPolyline
 90
        2
 70
     1
 43
0.2499995
 10
-13.7514076
 20
97.33092294
 42
1.0
 10
-13.50141064
 20
97.33092294
 42
1.0
  0
REGION
  5
79
102
{ACAD_REACTORS
330
7A
102
}
330
1F
100
AcDbEntity
  8
TESTPOINT-TEST_JIG_LAYER
 62
     7
100
AcDbModelerGeometry
 70
     1
  1
noi mi n o 
  1
=0;& {rn {mj {rn {rn |
  1
/061+ {rn lqloooononfffffffk hgqjgofmmllfffffgh o |
  1
):-+:' {rn {nf {n |
  1
/061+ {rn nmqojooonmfffffffg hgqjgofmmllfffffgh o |
  1
):-+:' {rn {nl {l |
  1
/061+ {rn nmqojooonmfffffffg gmqllofmmkjffffffi o |
  1
):-+:' {rn {ni {j |
  1
/061+ {rn lqloooononfffffffk gmqllofmmkjffffffi o |
  1
):-+:' {rn {nf {h |
  1
,+->687+r<*-): {rn lqloooononfffffffk hgqjgofmmllfffffgh o gqhjoooomhffffffgl o o o o |
  1
:;8: {rn {m {k {nn {f o |
  1
<0:;8: {rn {nk {mo {rn {no o {mn {rn |
  1
,+->687+r<*-): {rn nmqojooonmfffffffg hgqjgofmmllfffffgh o o lqhjoooonmooooooff o o o |
  1
:;8: {rn {k {i {nk {nm o |
  1
<0:;8: {rn {nh {nn {rn {nl o {mn {rn |
  1
,+->687+r<*-): {rn nmqojooonmfffffffg gmqllofmmkjffffffi o rgqhjoooomhffffffgl o o o o |
  1
:;8: {rn {i {g {nh {nj o |
  1
<0:;8: {rn {mo {nk {rn {ni o {mn {rn |
  1
,+->687+r<*-): {rn lqloooononfffffffk gmqllofmmkjffffffi o o rlqhjoooonmooooooff o o o |
  1
:;8: {rn {g {m {mo {ng o |
  1
<0:;8: {rn {nn {nh {rn {nf o {mn {rn |
  1
300/ {rn {rn {nn {ml |
  1
/3>1:r,*-9><: {rn hqihjoonnjfffffff hgqjgofmmllfffffgh o o o n n o o o o o o o |
  1
9><: {rn {rn {mn {mk {rn {mm o n o |
  1
,7:33 {rn {rn {rn {ml {mj |
  1
3*2/ {rn {rn {mk {o |
  1
Z1;r09r^ \VLr;>+> 
1001
ACAD_OBJECT_CHANGE_GUID
1070
     1
1071
-1733465049
1070
 15332
1070
 18878
1070
   184
1070
    62
1070
   168
1070
   105
1070
   158
1070
   243
1070
    47
1070
    45
  0
HATCH
  5
7A
330
1F
100
AcDbEntity
  8
TESTPOINT-TEST_JIG_LAYER
 62
     7
100
AcDbHatch
 10
0.0
 20
0.0
 30
0.0
210
0.0
220
0.0
230
1.0
  2
SOLID
 70
     1
 71
     1
 91
        1
 92
        1
 93
        4
 72
     1
 10
3.300001019999999
 20
78.58092233999999
 11
12.0500013
 21
78.58092233999999
 72
     1
 10
12.0500013
 20
78.58092233999999
 11
12.0500013
 21
82.33092246
 72
     1
 10
12.0500013
 20
82.33092246
 11
3.30000102
 21
82.33092246
 72
     1
 10
3.300001019999999
 20
82.33092246
 11
3.300001019999999
 21
78.58092233999999
 97
        1
330
79
 75
     0
 76
     1
 98
        0
  0
REGION
  5
7B
102
{ACAD_REACTORS
330
7C
102
}
330
1F
100
AcDbEntity
  8
TESTPOINT-TEST_JIG_LAYER
 62
     7
100
AcDbModelerGeometry
 70
     1
  1
noi mi n o 
  1
=0;& {rn {mj {rn {rn |
  1
/061+ {rn oqokfffff gfqglofmmiffffffgg o |
  1
):-+:' {rn {nf {n |
  1
/061+ {rn nmqojooonmfffffffg gfqglofmmiffffffgg o |
  1
):-+:' {rn {nl {l |
  1
/061+ {rn nmqojooonmfffffffg flqjmohgjhhffffffh o |
  1
):-+:' {rn {ni {j |
  1
/061+ {rn oqokfffff flqjmohgjhhffffffh o |
  1
):-+:' {rn {nf {h |
  1
,+->687+r<*-): {rn oqokfffff gfqglofmmiffffffgg o nmqooooonlffffffff o o o o |
  1
:;8: {rn {m {k {nn {f o |
  1
<0:;8: {rn {nk {mo {rn {no o {mn {rn |
  1
,+->687+r<*-): {rn nmqojooonmfffffffg gfqglofmmiffffffgg o o lqigfgilogoooooofm o o o |
  1
:;8: {rn {k {i {nk {nm o |
  1
<0:;8: {rn {nh {nn {rn {nl o {mn {rn |
  1
,+->687+r<*-): {rn nmqojooonmfffffffg flqjmohgjhhffffffh o rnmqooooonlffffffff o o o o |
  1
:;8: {rn {i {g {nh {nj o |
  1
<0:;8: {rn {mo {nk {rn {ni o {mn {rn |
  1
,+->687+r<*-): {rn oqokfffff flqjmohgjhhffffffh o o rlqigfgilogoooooofm o o o |
  1
:;8: {rn {g {m {mo {ng o |
  1
<0:;8: {rn {nn {nh {rn {nf o {mn {rn |
  1
300/ {rn {rn {nn {ml |
  1
/3>1:r,*-9><: {rn iqojoooojffffffffh gfqglofmmiffffffgg o o o n n o o o o o o o |
  1
9><: {rn {rn {mn {mk {rn {mm o n o |
  1
,7:33 {rn {rn {rn {ml {mj |
  1
3*2/ {rn {rn {mk {o |
  1
Z1;r09r^ \VLr;>+> 
1001
ACAD_OBJECT_CHANGE_GUID
1070
     1
1071
259753998
1070
-14827
1070
 17873
1070
   135
1070
    71
1070
   106
1070
   247
1070
   182
1070
   185
1070
   196
1070
   115
  0
HATCH
  5
7C
330
1F
100
AcDbEntity
  8
TESTPOINT-TEST_JIG_LAYER
 62
     7
100
AcDbHatch
 10
0.0
 20
0.0
 30
0.0
210
0.0
220
0.0
230
1.0
  2
SOLID
 70
     1
 71
     1
 91
        1
 92
        1
 93
        4
 72
     1
 10
0.0499999
 20
89.83092269999999
 11
12.0500013
 21
89.83092269999999
 72
     1
 10
12.0500013
 20
89.83092269999999
 11
12.0500013
 21
93.52078578
 72
     1
 10
12.0500013
 20
93.52078578
 11
0.0499998999999995
 21
93.52078578
 72
     1
 10
0.0499999
 20
93.52078578
 11
0.0499999
 21
89.83092269999999
 97
        1
330
7B
 75
     0
 76
     1
 98
        0
  0
REGION
  5
7D
102
{ACAD_REACTORS
330
7E
102
}
330
1F
100
AcDbEntity
  8
TESTPOINT-TEST_JIG_LAYER
 62
     7
100
AcDbModelerGeometry
 70
     1
  1
noi mi n o 
  1
=0;& {rn {mj {rn {rn |
  1
/061+ {rn rlqhooooomnfffffffh flqllofmllnffffffh o |
  1
):-+:' {rn {nf {n |
  1
/061+ {rn nmqojooonmfffffffg flqllofmllnffffffh o |
  1
):-+:' {rn {nl {l |
  1
/061+ {rn nmqojooonmfffffffg fhqllofmolfffffffh o |
  1
):-+:' {rn {ni {j |
  1
/061+ {rn rlqhooooomnfffffffh fhqllofmolfffffffh o |
  1
):-+:' {rn {nf {h |
  1
,+->687+r<*-): {rn rlqhooooomnfffffffh flqllofmllnffffffh o njqhjooonjnffffffg o o o o |
  1
:;8: {rn {m {k {nn {f o |
  1
<0:;8: {rn {nk {mo {rn {no o {mn {rn |
  1
,+->687+r<*-): {rn nmqojooonmfffffffg flqllofmllnffffffh o o lqfffffhog o o o |
  1
:;8: {rn {k {i {nk {nm o |
  1
<0:;8: {rn {nh {nn {rn {nl o {mn {rn |
  1
,+->687+r<*-): {rn nmqojooonmfffffffg fhqllofmolfffffffh o rnjqhjooonjnffffffg o o o o |
  1
:;8: {rn {i {g {nh {nj o |
  1
<0:;8: {rn {mo {nk {rn {ni o {mn {rn |
  1
,+->687+r<*-): {rn rlqhooooomnfffffffh fhqllofmolfffffffh o o rlqfffffhog o o o |
  1
:;8: {rn {g {m {mo {ng o |
  1
<0:;8: {rn {nn {nh {rn {nf o {mn {rn |
  1
300/ {rn {rn {nn {ml |
  1
/3>1:r,*-9><: {rn kqnhjooojlfffffffm flqllofmllnffffffh o o o n n o o o o o o o |
  1
9><: {rn {rn {mn {mk {rn {mm o n o |
  1
,7:33 {rn {rn {rn {ml {mj |
  1
3*2/ {rn {rn {mk {o |
  1
Z1;r09r^ \VLr;>+> 
1001
ACAD_OBJECT_CHANGE_GUID
1070
     1
1071
1284700247
1070
-30765
1070
 16742
1070
   130
1070
     3
1070
   254
1070
   120
1070
   115
1070
    79
1070
    79
1070
   158
  0
HATCH
  5
7E
330
1F
100
AcDbEntity
  8
TESTPOINT-TEST_JIG_LAYER
 62
     7
100
AcDbHatch
 10
0.0
 20
0.0
 30
0.0
210
0.0
220
0.0
230
1.0
  2
SOLID
 70
     1
 71
     1
 91
        1
 92
        1
 93
        4
 72
     1
 10
-3.70000022
 20
93.33092332
 11
12.0500013
 21
93.33092332
 72
     1
 10
12.0500013
 20
93.33092332
 11
12.0500013
 21
97.3309204
 72
     1
 10
12.0500013
 20
97.3309204
 11
-3.70000022
 21
97.3309204
 72
     1
 10
-3.70000022
 20
97.3309204
 11
-3.70000022
 21
93.33092332
 97
        1
330
7D
 75
     0
 76
     1
 98
        0
  0
REGION
  5
7F
102
{ACAD_REACTORS
330
80
102
}
330
1F
100
AcDbEntity
  8
TESTPOINT-TEST_JIG_LAYER
 62
     7
100
AcDbModelerGeometry
 70
     1
  1
noi mi n o 
  1
=0;& {rn {mj {rn {rn |
  1
/061+ {rn rkqiffffgmnfffffffk giqogofmmjhffffffm o |
  1
):-+:' {rn {nf {n |
  1
/061+ {rn nmqojooonmfffffffg giqogofmmjhffffffm o |
  1
):-+:' {rn {nl {l |
  1
/061+ {rn nmqojooonmfffffffg gfqglofmmiffffffgg o |
  1
):-+:' {rn {ni {j |
  1
/061+ {rn rkqiffffgmnfffffffk gfqglofmmiffffffgg o |
  1
):-+:' {rn {nf {h |
  1
,+->687+r<*-): {rn rkqiffffgmnfffffffk giqogofmmjhffffffm o niqhkffffjnffffffi o o o o |
  1
:;8: {rn {m {k {nn {f o |
  1
<0:;8: {rn {nk {mo {rn {no o {mn {rn |
  1
,+->687+r<*-): {rn nmqojooonmfffffffg giqogofmmjhffffffm o o lqhjoooonnffffffjh o o o |
  1
:;8: {rn {k {i {nk {nm o |
  1
<0:;8: {rn {nh {nn {rn {nl o {mn {rn |
  1
,+->687+r<*-): {rn nmqojooonmfffffffg gfqglofmmiffffffgg o rniqhkffffjnffffffi o o o o |
  1
:;8: {rn {i {g {nh {nj o |
  1
<0:;8: {rn {mo {nk {rn {ni o {mn {rn |
  1
,+->687+r<*-): {rn rkqiffffgmnfffffffk gfqglofmmiffffffgg o o rlqhjoooonnffffffjh o o o |
  1
:;8: {rn {g {m {mo {ng o |
  1
<0:;8: {rn {nn {nh {rn {nf o {mn {rn |
  1
300/ {rn {rn {nn {ml |
  1
/3>1:r,*-9><: {rn lqihjoonjlffffffgj giqogofmmjhffffffm o o o n n o o o o o o o |
  1
9><: {rn {rn {mn {mk {rn {mm o n o |
  1
,7:33 {rn {rn {rn {ml {mj |
  1
3*2/ {rn {rn {mk {o |
  1
Z1;r09r^ \VLr;>+> 
1001
ACAD_OBJECT_CHANGE_GUID
1070
     1
1071
-230894880
1070
 21002
1070
 19945
1070
   186
1070
   134
1070
    45
1070
   189
1070
    31
1070
   109
1070
    79
1070
    65
  0
HATCH
  5
80
330
1F
100
AcDbEntity
  8
TESTPOINT-TEST_JIG_LAYER
 62
     7
100
AcDbHatch
 10
0.0
 20
0.0
 30
0.0
210
0.0
220
0.0
230
1.0
  2
SOLID
 70
     1
 71
     1
 91
        1
 92
        1
 93
        4
 72
     1
 10
-4.699998219999999
 20
86.08092257999999
 11
12.0500013
 21
86.08092257999999
 72
     1
 10
12.0500013
 20
86.08092257999999
 11
12.0500013
 21
89.83092269999999
 72
     1
 10
12.0500013
 20
89.83092269999999
 11
-4.699998219999998
 21
89.83092269999999
 72
     1
 10
-4.699998219999999
 20
89.83092269999999
 11
-4.699998219999999
 21
86.08092257999999
 97
        1
330
7F
 75
     0
 76
     1
 98
        0
  0
REGION
  5
81
102
{ACAD_REACTORS
330
82
102
}
330
1F
100
AcDbEntity
  8
VIA_HOLES
 62
     7
100
AcDbModelerGeometry
 70
     1
  1
noi nn n o 
  1
=0;& {rn {no {rn {rn |
  1
/061+ {rn kfqkllofnlhffffffl mjqihjomgijfffffff o |
  1
):-+:' {rn {k {n |
  1
:336/,:r<*-): {rn kfqmllofnhhffffffj mjqihjomgijfffffff o o o n oqnfffffi o o n o o |
  1
:;8: {rn {m {m {j {l o |
  1
<0:;8: {rn {j {j {rn {k o {i {rn |
  1
300/ {rn {rn {j {g |
  1
/3>1:r,*-9><: {rn kfqnllofnfhffffffi mjqihjomgijfffffff o o o n rn o o o o o o o |
  1
9><: {rn {rn {i {f {rn {h o n o |
  1
,7:33 {rn {rn {rn {g {no |
  1
3*2/ {rn {rn {f {o |
  1
Z1;r09r^ \VLr;>+> 
1001
ACAD_OBJECT_CHANGE_GUID
1070
     1
1071
-20584974
1070
 29619
1070
 18989
1070
   129
1070
   117
1070
    43
1070
    23
1070
   179
1070
    33
1070
    90
1070
    17
  0
HATCH
  5
82
330
1F
100
AcDbEntity
  8
VIA_HOLES
 62
     7
100
AcDbHatch
 10
0.0
 20
0.0
 30
0.0
210
0.0
220
0.0
230
1.0
  2
SOLID
 70
     1
 71
     1
 91
        1
 92
        1
 93
        1
 72
     2
 10
49.23309178
 20
25.67502866
 40
0.1999996
 50
0.0
 51
360.0
 73
     1
 97
        1
330
81
 75
     0
 76
     1
 98
        0
  0
REGION
  5
83
102
{ACAD_REACTORS
330
84
102
}
330
1F
100
AcDbEntity
  8
VIA_HOLES
 62
     7
100
AcDbModelerGeometry
 70
     1
  1
noi nn n o 
  1
=0;& {rn {no {rn {rn |
  1
/061+ {rn joqfgloggmhffffffh mhqmonhfmngoooooom o |
  1
):-+:' {rn {k {n |
  1
:336/,:r<*-): {rn joqhgloggihfffffff mhqmonhfmngoooooom o o o n oqnfffffi o o n o o |
  1
:;8: {rn {m {m {j {l o |
  1
<0:;8: {rn {j {j {rn {k o {i {rn |
  1
300/ {rn {rn {j {g |
  1
/3>1:r,*-9><: {rn joqiglogggg mhqmonhfmngoooooom o o o n rn o o o o o o o |
  1
9><: {rn {rn {i {f {rn {h o n o |
  1
,7:33 {rn {rn {rn {g {no |
  1
3*2/ {rn {rn {f {o |
  1
Z1;r09r^ \VLr;>+> 
1001
ACAD_OBJECT_CHANGE_GUID
1070
     1
1071
-1277861730
1070
 28694
1070
 18447
1070
   181
1070
     4
1070
   215
1070
    42
1070
    64
1070
   195
1070
   101
1070
    30
  0
HATCH
  5
84
330
1F
100
AcDbEntity
  8
VIA_HOLES
 62
     7
100
AcDbHatch
 10
0.0
 20
0.0
 30
0.0
210
0.0
220
0.0
230
1.0
  2
SOLID
 70
     1
 71
     1
 91
        1
 92
        1
 93
        1
 72
     2
 10
50.78308868
 20
27.20179218
 40
0.1999996
 50
0.0
 51
360.0
 73
     1
 97
        1
330
83
 75
     0
 76
     1
 98
        0
  0
REGION
  5
85
102
{ACAD_REACTORS
330
86
102
}
330
1F
100
AcDbEntity
  8
VIA_HOLES
 62
     7
100
AcDbModelerGeometry
 70
     1
  1
noi nn n o 
  1
=0;& {rn {no {rn {rn |
  1
/061+ {rn joqfgloggmhffffffh loqoooomili o |
  1
):-+:' {rn {k {n |
  1
:336/,:r<*-): {rn joqhgloggihfffffff loqoooomili o o o n oqnfffffi o o n o o |
  1
:;8: {rn {m {m {j {l o |
  1
<0:;8: {rn {j {j {rn {k o {i {rn |
  1
300/ {rn {rn {j {g |
  1
/3>1:r,*-9><: {rn joqiglogggg loqoooomili o o o n rn o o o o o o o |
  1
9><: {rn {rn {i {f {rn {h o n o |
  1
,7:33 {rn {rn {rn {g {no |
  1
3*2/ {rn {rn {f {o |
  1
Z1;r09r^ \VLr;>+> 
1001
ACAD_OBJECT_CHANGE_GUID
1070
     1
1071
1350172051
1070
-32339
1070
 19371
1070
   159
1070
   107
1070
   203
1070
   196
1070
    63
1070
    40
1070
   181
1070
   196
  0
HATCH
  5
86
330
1F
100
AcDbEntity
  8
VIA_HOLES
 62
     7
100
AcDbHatch
 10
0.0
 20
0.0
 30
0.0
210
0.0
220
0.0
230
1.0
  2
SOLID
 70
     1
 71
     1
 91
        1
 92
        1
 93
        1
 72
     2
 10
50.78308868
 20
30.00002636
 40
0.1999996
 50
0.0
 51
360.0
 73
     1
 97
        1
330
85
 75
     0
 76
     1
 98
        0
  0
REGION
  5
87
102
{ACAD_REACTORS
330
88
102
}
330
1F
100
AcDbEntity
  8
VIA_HOLES
 62
     7
100
AcDbModelerGeometry
 70
     1
  1
noi nn n o 
  1
=0;& {rn {no {rn {rn |
  1
/061+ {rn jlqmifgmhknfffffff klqffoimjhjffffffl o |
  1
):-+:' {rn {k {n |
  1
:336/,:r<*-): {rn jlqoifgmhgm klqffoimjhjffffffl o o o n oqnfffffi o o n o o |
  1
:;8: {rn {m {m {j {l o |
  1
<0:;8: {rn {j {j {rn {k o {i {rn |
  1
300/ {rn {rn {j {g |
  1
/3>1:r,*-9><: {rn jmqfifgmgomoooooon klqffoimjhjffffffl o o o n rn o o o o o o o |
  1
9><: {rn {rn {i {f {rn {h o n o |
  1
,7:33 {rn {rn {rn {g {no |
  1
3*2/ {rn {rn {f {o |
  1
Z1;r09r^ \VLr;>+> 
1001
ACAD_OBJECT_CHANGE_GUID
1070
     1
1071
1686980403
1070
 30638
1070
 18240
1070
   135
1070
    72
1070
   100
1070
   159
1070
   128
1070
    67
1070
     4
1070
    58
  0
HATCH
  5
88
330
1F
100
AcDbEntity
  8
VIA_HOLES
 62
     7
100
AcDbHatch
 10
0.0
 20
0.0
 30
0.0
210
0.0
220
0.0
230
1.0
  2
SOLID
 70
     1
 71
     1
 91
        1
 92
        1
 93
        1
 72
     2
 10
53.06982782
 20
43.99062575999999
 40
0.1999996
 50
0.0
 51
360.0
 73
     1
 97
        1
330
87
 75
     0
 76
     1
 98
        0
  0
REGION
  5
89
102
{ACAD_REACTORS
330
8A
102
}
330
1F
100
AcDbEntity
  8
VIA_HOLES
 62
     7
100
AcDbModelerGeometry
 70
     1
  1
noi nn n o 
  1
=0;& {rn {no {rn {rn |
  1
/061+ {rn jnqnglhljjhffffffh kiqfgmmnmljffffffg o |
  1
):-+:' {rn {k {n |
  1
:336/,:r<*-): {rn joqfglhljfhfffffff kiqfgmmnmljffffffg o o o n oqnfffffi o o n o o |
  1
:;8: {rn {m {m {j {l o |
  1
<0:;8: {rn {j {j {rn {k o {i {rn |
  1
300/ {rn {rn {j {g |
  1
/3>1:r,*-9><: {rn joqgglhling kiqfgmmnmljffffffg o o o n rn o o o o o o o |
  1
9><: {rn {rn {i {f {rn {h o n o |
  1
,7:33 {rn {rn {rn {g {no |
  1
3*2/ {rn {rn {f {o |
  1
Z1;r09r^ \VLr;>+> 
1001
ACAD_OBJECT_CHANGE_GUID
1070
     1
1071
-125159054
1070
 26551
1070
 18253
1070
   175
1070
    14
1070
     1
1070
    38
1070
   104
1070
   173
1070
    56
1070
    91
  0
HATCH
  5
8A
330
1F
100
AcDbEntity
  8
VIA_HOLES
 62
     7
100
AcDbHatch
 10
0.0
 20
0.0
 30
0.0
210
0.0
220
0.0
230
1.0
  2
SOLID
 70
     1
 71
     1
 91
        1
 92
        1
 93
        1
 72
     2
 10
50.98373598
 20
46.98221236
 40
0.1999996
 50
0.0
 51
360.0
 73
     1
 97
        1
330
89
 75
     0
 76
     1
 98
        0
  0
REGION
  5
8B
102
{ACAD_REACTORS
330
8C
102
}
330
1F
100
AcDbEntity
  8
VIA_HOLES
 62
     7
100
AcDbModelerGeometry
 70
     1
  1
noi nn n o 
  1
=0;& {rn {no {rn {rn |
  1
/061+ {rn jlqljkogflhffffffn khqiijimkhjffffffl o |
  1
):-+:' {rn {k {n |
  1
:336/,:r<*-): {rn jlqnjkogfhhffffffl khqiijimkhjffffffl o o o n oqnfffffi o o n o o |
  1
:;8: {rn {m {m {j {l o |
  1
<0:;8: {rn {j {j {rn {k o {i {rn |
  1
300/ {rn {rn {j {g |
  1
/3>1:r,*-9><: {rn jlqojkogffhffffffl khqiijimkhjffffffl o o o n rn o o o o o o o |
  1
9><: {rn {rn {i {f {rn {h o n o |
  1
,7:33 {rn {rn {rn {g {no |
  1
3*2/ {rn {rn {f {o |
  1
Z1;r09r^ \VLr;>+> 
1001
ACAD_OBJECT_CHANGE_GUID
1070
     1
1071
686900155
1070
-17076
1070
 17869
1070
   176
1070
    92
1070
   185
1070
    21
1070
   121
1070
     5
1070
    66
1070
   129
  0
HATCH
  5
8C
330
1F
100
AcDbEntity
  8
VIA_HOLES
 62
     7
100
AcDbHatch
 10
0.0
 20
0.0
 30
0.0
210
0.0
220
0.0
230
1.0
  2
SOLID
 70
     1
 71
     1
 91
        1
 92
        1
 93
        1
 72
     2
 10
53.15408977999999
 20
47.66562475999999
 40
0.1999996
 50
0.0
 51
360.0
 73
     1
 97
        1
330
8B
 75
     0
 76
     1
 98
        0
  0
REGION
  5
8D
102
{ACAD_REACTORS
330
8E
102
}
330
1F
100
AcDbEntity
  8
VIA_HOLES
 62
     7
100
AcDbModelerGeometry
 70
     1
  1
noi nn n o 
  1
=0;& {rn {no {rn {rn |
  1
/061+ {rn jlqmiohhhlfffffffj lgqnihnfoim o |
  1
):-+:' {rn {k {n |
  1
:336/,:r<*-): {rn jlqoiohhhhfffffffh lgqnihnfoim o o o n oqnfffffi o o n o o |
  1
:;8: {rn {m {m {j {l o |
  1
<0:;8: {rn {j {j {rn {k o {i {rn |
  1
300/ {rn {rn {j {g |
  1
/3>1:r,*-9><: {rn jmqfiohhhffffffffg lgqnihnfoim o o o n rn o o o o o o o |
  1
9><: {rn {rn {i {f {rn {h o n o |
  1
,7:33 {rn {rn {rn {g {no |
  1
3*2/ {rn {rn {f {o |
  1
Z1;r09r^ \VLr;>+> 
1001
ACAD_OBJECT_CHANGE_GUID
1070
     1
1071
-145388789
1070
 17835
1070
 19925
1070
   159
1070
   104
1070
    47
1070
   110
1070
   141
1070
   201
1070
    10
1070
    52
  0
HATCH
  5
8E
330
1F
100
AcDbEntity
  8
VIA_HOLES
 62
     7
100
AcDbHatch
 10
0.0
 20
0.0
 30
0.0
210
0.0
220
0.0
230
1.0
  2
SOLID
 70
     1
 71
     1
 91
        1
 92
        1
 93
        1
 72
     2
 10
53.0607778
 20
38.16719062
 40
0.1999996
 50
0.0
 51
360.0
 73
     1
 97
        1
330
8D
 75
     0
 76
     1
 98
        0
  0
REGION
  5
8F
102
{ACAD_REACTORS
330
90
102
}
330
1F
100
AcDbEntity
  8
VIA_HOLES
 62
     7
100
AcDbModelerGeometry
 70
     1
  1
noi nn n o 
  1
=0;& {rn {no {rn {rn |
  1
/061+ {rn kiqfooooonhffffffm lhqkkiomghkooooool o |
  1
):-+:' {rn {k {n |
  1
:336/,:r<*-): {rn kiqhooooojhffffffk lhqkkiomghkooooool o o o n oqnfffffi o o n o o |
  1
:;8: {rn {m {m {j {l o |
  1
<0:;8: {rn {j {j {rn {k o {i {rn |
  1
300/ {rn {rn {j {g |
  1
/3>1:r,*-9><: {rn kiqiooooohhffffffj lhqkkiomghkooooool o o o n rn o o o o o o o |
  1
9><: {rn {rn {i {f {rn {h o n o |
  1
,7:33 {rn {rn {rn {g {no |
  1
3*2/ {rn {rn {f {o |
  1
Z1;r09r^ \VLr;>+> 
1001
ACAD_OBJECT_CHANGE_GUID
1070
     1
1071
-739308016
1070
 -3905
1070
 17132
1070
   159
1070
   178
1070
    84
1070
   219
1070
   196
1070
    95
1070
   118
1070
    43
  0
HATCH
  5
90
330
1F
100
AcDbEntity
  8
VIA_HOLES
 62
     7
100
AcDbHatch
 10
0.0
 20
0.0
 30
0.0
210
0.0
220
0.0
230
1.0
  2
SOLID
 70
     1
 71
     1
 91
        1
 92
        1
 93
        1
 72
     2
 10
46.70000057999999
 20
37.44602874
 40
0.1999996
 50
0.0
 51
360.0
 73
     1
 97
        1
330
8F
 75
     0
 76
     1
 98
        0
  0
REGION
  5
91
102
{ACAD_REACTORS
330
92
102
}
330
1F
100
AcDbEntity
  8
VIA_HOLES
 62
     7
100
AcDbModelerGeometry
 70
     1
  1
noi nn n o 
  1
=0;& {rn {no {rn {rn |
  1
/061+ {rn kmqlfhoofklffffffg lkqliimfnklffffffg o |
  1
):-+:' {rn {k {n |
  1
:336/,:r<*-): {rn kmqnfhoofgk lkqliimfnklffffffg o o o n oqnfffffi o o n o o |
  1
:;8: {rn {m {m {j {l o |
  1
<0:;8: {rn {j {j {rn {k o {i {rn |
  1
300/ {rn {rn {j {g |
  1
/3>1:r,*-9><: {rn kmqofhonookoooooon lkqliimfnklffffffg o o o n rn o o o o o o o |
  1
9><: {rn {rn {i {f {rn {h o n o |
  1
,7:33 {rn {rn {rn {g {no |
  1
3*2/ {rn {rn {f {o |
  1
Z1;r09r^ \VLr;>+> 
1001
ACAD_OBJECT_CHANGE_GUID
1070
     1
1071
791823261
1070
 18078
1070
 16403
1070
   144
1070
   242
1070
    64
1070
   116
1070
   235
1070
   254
1070
     2
1070
   161
  0
HATCH
  5
92
330
1F
100
AcDbEntity
  8
VIA_HOLES
 62
     7
100
AcDbHatch
 10
0.0
 20
0.0
 30
0.0
210
0.0
220
0.0
230
1.0
  2
SOLID
 70
     1
 71
     1
 91
        1
 92
        1
 93
        1
 72
     2
 10
42.19700984
 20
34.36629144
 40
0.1999996
 50
0.0
 51
360.0
 73
     1
 97
        1
330
91
 75
     0
 76
     1
 98
        0
  0
REGION
  5
93
102
{ACAD_REACTORS
330
94
102
}
330
1F
100
AcDbEntity
  8
VIA_HOLES
 62
     7
100
AcDbModelerGeometry
 70
     1
  1
noi nn n o 
  1
=0;& {rn {no {rn {rn |
  1
/061+ {rn kmqlfhoofklffffffg liqimjomhogoooooom o |
  1
):-+:' {rn {k {n |
  1
:336/,:r<*-): {rn kmqnfhoofgk liqimjomhogoooooom o o o n oqnfffffi o o n o o |
  1
:;8: {rn {m {m {j {l o |
  1
<0:;8: {rn {j {j {rn {k o {i {rn |
  1
300/ {rn {rn {j {g |
  1
/3>1:r,*-9><: {rn kmqofhonookoooooon liqimjomhogoooooom o o o n rn o o o o o o o |
  1
9><: {rn {rn {i {f {rn {h o n o |
  1
,7:33 {rn {rn {rn {g {no |
  1
3*2/ {rn {rn {f {o |
  1
Z1;r09r^ \VLr;>+> 
1001
ACAD_OBJECT_CHANGE_GUID
1070
     1
1071
2141392576
1070
 18943
1070
 16613
1070
   138
1070
   113
1070
   106
1070
    92
1070
   144
1070
    87
1070
    52
1070
    96
  0
HATCH
  5
94
330
1F
100
AcDbEntity
  8
VIA_HOLES
 62
     7
100
AcDbHatch
 10
0.0
 20
0.0
 30
0.0
210
0.0
220
0.0
230
1.0
  2
SOLID
 70
     1
 71
     1
 91
        1
 92
        1
 93
        1
 72
     2
 10
42.19700984
 20
36.62502708
 40
0.1999996
 50
0.0
 51
360.0
 73
     1
 97
        1
330
93
 75
     0
 76
     1
 98
        0
  0
REGION
  5
95
102
{ACAD_REACTORS
330
96
102
}
330
1F
100
AcDbEntity
  8
VIA_HOLES
 62
     7
100
AcDbModelerGeometry
 70
     1
  1
noi nn n o 
  1
=0;& {rn {no {rn {rn |
  1
/061+ {rn kmqlfhoofklffffffg lnqgggkgog o |
  1
):-+:' {rn {k {n |
  1
:336/,:r<*-): {rn kmqnfhoofgk lnqgggkgog o o o n oqnfffffi o o n o o |
  1
:;8: {rn {m {m {j {l o |
  1
<0:;8: {rn {j {j {rn {k o {i {rn |
  1
300/ {rn {rn {j {g |
  1
/3>1:r,*-9><: {rn kmqofhonookoooooon lnqgggkgogoooooook o o o n rn o o o o o o o |
  1
9><: {rn {rn {i {f {rn {h o n o |
  1
,7:33 {rn {rn {rn {g {no |
  1
3*2/ {rn {rn {f {o |
  1
Z1;r09r^ \VLr;>+> 
1001
ACAD_OBJECT_CHANGE_GUID
1070
     1
1071
144300044
1070
 21811
1070
 18141
1070
   148
1070
   178
1070
   245
1070
   223
1070
   196
1070
   222
1070
   109
1070
   242
  0
HATCH
  5
96
330
1F
100
AcDbEntity
  8
VIA_HOLES
 62
     7
100
AcDbHatch
 10
0.0
 20
0.0
 30
0.0
210
0.0
220
0.0
230
1.0
  2
SOLID
 70
     1
 71
     1
 91
        1
 92
        1
 93
        1
 72
     2
 10
42.19700984
 20
31.8884808
 40
0.1999996
 50
0.0
 51
360.0
 73
     1
 97
        1
330
95
 75
     0
 76
     1
 98
        0
  0
REGION
  5
97
102
{ACAD_REACTORS
330
98
102
}
330
1F
100
AcDbEntity
  8
VIA_HOLES
 62
     7
100
AcDbModelerGeometry
 70
     1
  1
noi nn n o 
  1
=0;& {rn {no {rn {rn |
  1
/061+ {rn kmqlfhoofklffffffg mfqomjomkjooooooon o |
  1
):-+:' {rn {k {n |
  1
:336/,:r<*-): {rn kmqnfhoofgk mfqomjomkjooooooon o o o n oqnfffffi o o n o o |
  1
:;8: {rn {m {m {j {l o |
  1
<0:;8: {rn {j {j {rn {k o {i {rn |
  1
300/ {rn {rn {j {g |
  1
/3>1:r,*-9><: {rn kmqofhonookoooooon mfqomjomkjooooooon o o o n rn o o o o o o o |
  1
9><: {rn {rn {i {f {rn {h o n o |
  1
,7:33 {rn {rn {rn {g {no |
  1
3*2/ {rn {rn {f {o |
  1
Z1;r09r^ \VLr;>+> 
1001
ACAD_OBJECT_CHANGE_GUID
1070
     1
1071
1152585375
1070
-28736
1070
 19398
1070
   147
1070
   141
1070
   255
1070
     3
1070
   124
1070
   200
1070
    80
1070
   185
  0
HATCH
  5
98
330
1F
100
AcDbEntity
  8
VIA_HOLES
 62
     7
100
AcDbHatch
 10
0.0
 20
0.0
 30
0.0
210
0.0
220
0.0
230
1.0
  2
SOLID
 70
     1
 71
     1
 91
        1
 92
        1
 93
        1
 72
     2
 10
42.19700984
 20
29.0250245
 40
0.1999996
 50
0.0
 51
360.0
 73
     1
 97
        1
330
97
 75
     0
 76
     1
 98
        0
  0
REGION
  5
99
102
{ACAD_REACTORS
330
9A
102
}
330
1F
100
AcDbEntity
  8
VIA_HOLES
 62
     7
100
AcDbModelerGeometry
 70
     1
  1
noi nn n o 
  1
=0;& {rn {no {rn {rn |
  1
/061+ {rn kmqlikoggkfffffffk miqnnjimhmm o |
  1
):-+:' {rn {k {n |
  1
:336/,:r<*-): {rn kmqnikogggfffffffi miqnnjimhmm o o o n oqnfffffi o o n o o |
  1
:;8: {rn {m {m {j {l o |
  1
<0:;8: {rn {j {j {rn {k o {i {rn |
  1
300/ {rn {rn {j {g |
  1
/3>1:r,*-9><: {rn kmqoikogfofffffffh miqnnjimhmm o o o n rn o o o o o o o |
  1
9><: {rn {rn {i {f {rn {h o n o |
  1
,7:33 {rn {rn {rn {g {no |
  1
3*2/ {rn {rn {f {o |
  1
Z1;r09r^ \VLr;>+> 
1001
ACAD_OBJECT_CHANGE_GUID
1070
     1
1071
1629863372
1070
-27810
1070
 18800
1070
   164
1070
    80
1070
    87
1070
    79
1070
     8
1070
   146
1070
   226
1070
    94
  0
HATCH
  5
9A
330
1F
100
AcDbEntity
  8
VIA_HOLES
 62
     7
100
AcDbHatch
 10
0.0
 20
0.0
 30
0.0
210
0.0
220
0.0
230
1.0
  2
SOLID
 70
     1
 71
     1
 91
        1
 92
        1
 93
        1
 72
     2
 10
42.1640889
 20
26.11562722
 40
0.1999996
 50
0.0
 51
360.0
 73
     1
 97
        1
330
99
 75
     0
 76
     1
 98
        0
  0
REGION
  5
9B
102
{ACAD_REACTORS
330
9C
102
}
330
1F
100
AcDbEntity
  8
VIA_HOLES
 62
     7
100
AcDbModelerGeometry
 70
     1
  1
noi nn n o 
  1
=0;& {rn {no {rn {rn |
  1
/061+ {rn koqjjoooonhffffffn jnqoiimfnojffffffg o |
  1
):-+:' {rn {k {n |
  1
:336/,:r<*-): {rn koqljoooojhffffffl jnqoiimfnojffffffg o o o n oqnfffffi o o n o o |
  1
:;8: {rn {m {m {j {l o |
  1
<0:;8: {rn {j {j {rn {k o {i {rn |
  1
300/ {rn {rn {j {g |
  1
/3>1:r,*-9><: {rn koqmjoooohhffffffl jnqoiimfnojffffffg o o o n rn o o o o o o o |
  1
9><: {rn {rn {i {f {rn {h o n o |
  1
,7:33 {rn {rn {rn {g {no |
  1
3*2/ {rn {rn {f {o |
  1
Z1;r09r^ \VLr;>+> 
1001
ACAD_OBJECT_CHANGE_GUID
1070
     1
1071
1846306064
1070
-13190
1070
 19160
1070
   175
1070
   254
1070
   234
1070
   100
1070
   248
1070
   112
1070
   219
1070
   224
  0
HATCH
  5
9C
330
1F
100
AcDbEntity
  8
VIA_HOLES
 62
     7
100
AcDbHatch
 10
0.0
 20
0.0
 30
0.0
210
0.0
220
0.0
230
1.0
  2
SOLID
 70
     1
 71
     1
 91
        1
 92
        1
 93
        1
 72
     2
 10
40.35000057999999
 20
51.06629106
 40
0.1999996
 50
0.0
 51
360.0
 73
     1
 97
        1
330
9B
 75
     0
 76
     1
 98
        0
  0
REGION
  5
9D
102
{ACAD_REACTORS
330
9E
102
}
330
1F
100
AcDbEntity
  8
VIA_HOLES
 62
     7
100
AcDbModelerGeometry
 70
     1
  1
noi nn n o 
  1
=0;& {rn {no {rn {rn |
  1
/061+ {rn koqiikofngfffffffj khqffiilmkhffffffj o |
  1
):-+:' {rn {k {n |
  1
:336/,:r<*-): {rn koqkikofmmfffffffh khqffiilmkhffffffj o o o n oqnfffffi o o n o o |
  1
:;8: {rn {m {m {j {l o |
  1
<0:;8: {rn {j {j {rn {k o {i {rn |
  1
300/ {rn {rn {j {g |
  1
/3>1:r,*-9><: {rn koqlikofmkfffffffg khqffiilmkhffffffj o o o n rn o o o o o o o |
  1
9><: {rn {rn {i {f {rn {h o n o |
  1
,7:33 {rn {rn {rn {g {no |
  1
3*2/ {rn {rn {f {o |
  1
Z1;r09r^ \VLr;>+> 
1001
ACAD_OBJECT_CHANGE_GUID
1070
     1
1071
1124689613
1070
 20175
1070
 16716
1070
   163
1070
   238
1070
    30
1070
   114
1070
    39
1070
    50
1070
    90
1070
    64
  0
HATCH
  5
9E
330
1F
100
AcDbEntity
  8
VIA_HOLES
 62
     7
100
AcDbHatch
 10
0.0
 20
0.0
 30
0.0
210
0.0
220
0.0
230
1.0
  2
SOLID
 70
     1
 71
     1
 91
        1
 92
        1
 93
        1
 72
     2
 10
40.4640923
 20
47.99663248
 40
0.1999996
 50
0.0
 51
360.0
 73
     1
 97
        1
330
9D
 75
     0
 76
     1
 98
        0
  0
REGION
  5
9F
102
{ACAD_REACTORS
330
A0
102
}
330
1F
100
AcDbEntity
  8
VIA_HOLES
 62
     7
100
AcDbModelerGeometry
 70
     1
  1
noi nn n o 
  1
=0;& {rn {no {rn {rn |
  1
/061+ {rn llqhhjooffnffffffj njqoghgfkilffffffg o |
  1
):-+:' {rn {k {n |
  1
:336/,:r<*-): {rn llqjhjonolnffffffh njqoghgfkilffffffg o o o n oqnfffffi o o n o o |
  1
:;8: {rn {m {m {j {l o |
  1
<0:;8: {rn {j {j {rn {k o {i {rn |
  1
300/ {rn {rn {j {g |
  1
/3>1:r,*-9><: {rn llqkhjonojnffffffg njqoghgfkilffffffg o o o n rn o o o o o o o |
  1
9><: {rn {rn {i {f {rn {h o n o |
  1
,7:33 {rn {rn {rn {g {no |
  1
3*2/ {rn {rn {f {o |
  1
Z1;r09r^ \VLr;>+> 
1001
ACAD_OBJECT_CHANGE_GUID
1070
     1
1071
2030981972
1070
-15040
1070
 18258
1070
   129
1070
    13
1070
    12
1070
     5
1070
    21
1070
   165
1070
    81
1070
    56
  0
HATCH
  5
A0
330
1F
100
AcDbEntity
  8
VIA_HOLES
 62
     7
100
AcDbHatch
 10
0.0
 20
0.0
 30
0.0
210
0.0
220
0.0
230
1.0
  2
SOLID
 70
     1
 71
     1
 91
        1
 92
        1
 93
        1
 72
     2
 10
33.57501032
 20
15.08789464
 40
0.1999996
 50
0.0
 51
360.0
 73
     1
 97
        1
330
9F
 75
     0
 76
     1
 98
        0
  0
REGION
  5
A1
102
{ACAD_REACTORS
330
A2
102
}
330
1F
100
AcDbEntity
  8
VIA_HOLES
 62
     7
100
AcDbModelerGeometry
 70
     1
  1
noi nn n o 
  1
=0;& {rn {no {rn {rn |
  1
/061+ {rn llqhhjooffnffffffj ngqhooomioffffffff o |
  1
):-+:' {rn {k {n |
  1
:336/,:r<*-): {rn llqjhjonolnffffffh ngqhooomioffffffff o o o n oqnfffffi o o n o o |
  1
:;8: {rn {m {m {j {l o |
  1
<0:;8: {rn {j {j {rn {k o {i {rn |
  1
300/ {rn {rn {j {g |
  1
/3>1:r,*-9><: {rn llqkhjonojnffffffg ngqhooomioffffffff o o o n rn o o o o o o o |
  1
9><: {rn {rn {i {f {rn {h o n o |
  1
,7:33 {rn {rn {rn {g {no |
  1
3*2/ {rn {rn {f {o |
  1
Z1;r09r^ \VLr;>+> 
1001
ACAD_OBJECT_CHANGE_GUID
1070
     1
1071
961795214
1070
-26895
1070
 17736
1070
   165
1070
   159
1070
    90
1070
   167
1070
    36
1070
   229
1070
   143
1070
   117
  0
HATCH
  5
A2
330
1F
100
AcDbEntity
  8
VIA_HOLES
 62
     7
100
AcDbHatch
 10
0.0
 20
0.0
 30
0.0
210
0.0
220
0.0
230
1.0
  2
SOLID
 70
     1
 71
     1
 91
        1
 92
        1
 93
        1
 72
     2
 10
33.57501032
 20
18.7000261
 40
0.1999996
 50
0.0
 51
360.0
 73
     1
 97
        1
330
A1
 75
     0
 76
     1
 98
        0
  0
REGION
  5
A3
102
{ACAD_REACTORS
330
A4
102
}
330
1F
100
AcDbEntity
  8
VIA_HOLES
 62
     7
100
AcDbModelerGeometry
 70
     1
  1
noi nn n o 
  1
=0;& {rn {no {rn {rn |
  1
/061+ {rn lgqjkffffofffffffk gqnmkflihjffffffgf o |
  1
):-+:' {rn {k {n |
  1
:336/,:r<*-): {rn lgqlkffffkfffffffi gqnmkflihjffffffgf o o o n oqnfffffi o o n o o |
  1
:;8: {rn {m {m {j {l o |
  1
<0:;8: {rn {j {j {rn {k o {i {rn |
  1
300/ {rn {rn {j {g |
  1
/3>1:r,*-9><: {rn lgqmkffffifffffffi gqnmkflihjffffffgf o o o n rn o o o o o o o |
  1
9><: {rn {rn {i {f {rn {h o n o |
  1
,7:33 {rn {rn {rn {g {no |
  1
3*2/ {rn {rn {f {o |
  1
Z1;r09r^ \VLr;>+> 
1001
ACAD_OBJECT_CHANGE_GUID
1070
     1
1071
 20983391
1070
  4514
1070
 19836
1070
   140
1070
   103
1070
    59
1070
   169
1070
    36
1070
    36
1070
    45
1070
    98
  0
HATCH
  5
A4
330
1F
100
AcDbEntity
  8
VIA_HOLES
 62
     7
100
AcDbHatch
 10
0.0
 20
0.0
 30
0.0
210
0.0
220
0.0
230
1.0
  2
SOLID
 70
     1
 71
     1
 91
        1
 92
        1
 93
        1
 72
     2
 10
38.3499995
 20
8.124936759999999
 40
0.1999996
 50
0.0
 51
360.0
 73
     1
 97
        1
330
A3
 75
     0
 76
     1
 98
        0
  0
REGION
  5
A5
102
{ACAD_REACTORS
330
A6
102
}
330
1F
100
AcDbEntity
  8
VIA_HOLES
 62
     7
100
AcDbModelerGeometry
 70
     1
  1
noi nn n o 
  1
=0;& {rn {no {rn {rn |
  1
/061+ {rn lhqjiknfmohffffffg gqnmkflihjffffffgf o |
  1
):-+:' {rn {k {n |
  1
:336/,:r<*-): {rn lhqliknfmkg gqnmkflihjffffffgf o o o n oqnfffffi o o n o o |
  1
:;8: {rn {m {m {j {l o |
  1
<0:;8: {rn {j {j {rn {k o {i {rn |
  1
300/ {rn {rn {j {g |
  1
/3>1:r,*-9><: {rn lhqmiknfmigoooooon gqnmkflihjffffffgf o o o n rn o o o o o o o |
  1
9><: {rn {rn {i {f {rn {h o n o |
  1
,7:33 {rn {rn {rn {g {no |
  1
3*2/ {rn {rn {f {o |
  1
Z1;r09r^ \VLr;>+> 
1001
ACAD_OBJECT_CHANGE_GUID
1070
     1
1071
315413152
1070
 29182
1070
 18156
1070
   171
1070
   235
1070
    20
1070
   141
1070
    36
1070
    14
1070
    16
1070
     4
  0
HATCH
  5
A6
330
1F
100
AcDbEntity
  8
VIA_HOLES
 62
     7
100
AcDbHatch
 10
0.0
 20
0.0
 30
0.0
210
0.0
220
0.0
230
1.0
  2
SOLID
 70
     1
 71
     1
 91
        1
 92
        1
 93
        1
 72
     2
 10
37.36419248
 20
8.124936759999999
 40
0.1999996
 50
0.0
 51
360.0
 73
     1
 97
        1
330
A5
 75
     0
 76
     1
 98
        0
  0
REGION
  5
A7
102
{ACAD_REACTORS
330
A8
102
}
330
1F
100
AcDbEntity
  8
VIA_HOLES
 62
     7
100
AcDbModelerGeometry
 70
     1
  1
noi nn n o 
  1
=0;& {rn {no {rn {rn |
  1
/061+ {rn lgqjkffffofffffffk fqmlkjkjfmoooooook o |
  1
):-+:' {rn {k {n |
  1
:336/,:r<*-): {rn lgqlkffffkfffffffi fqmlkjkjfmoooooook o o o n oqnfffffi o o n o o |
  1
:;8: {rn {m {m {j {l o |
  1
<0:;8: {rn {j {j {rn {k o {i {rn |
  1
300/ {rn {rn {j {g |
  1
/3>1:r,*-9><: {rn lgqmkffffifffffffi fqmlkjkjfmoooooook o o o n rn o o o o o o o |
  1
9><: {rn {rn {i {f {rn {h o n o |
  1
,7:33 {rn {rn {rn {g {no |
  1
3*2/ {rn {rn {f {o |
  1
Z1;r09r^ \VLr;>+> 
1001
ACAD_OBJECT_CHANGE_GUID
1070
     1
1071
1936469571
1070
-19563
1070
 19986
1070
   157
1070
   179
1070
    87
1070
    10
1070
   147
1070
   205
1070
   182
1070
     3
  0
HATCH
  5
A8
330
1F
100
AcDbEntity
  8
VIA_HOLES
 62
     7
100
AcDbHatch
 10
0.0
 20
0.0
 30
0.0
210
0.0
220
0.0
230
1.0
  2
SOLID
 70
     1
 71
     1
 91
        1
 92
        1
 93
        1
 72
     2
 10
38.3499995
 20
9.23454592
 40
0.1999996
 50
0.0
 51
360.0
 73
     1
 97
        1
330
A7
 75
     0
 76
     1
 98
        0
  0
REGION
  5
A9
102
{ACAD_REACTORS
330
AA
102
}
330
1F
100
AcDbEntity
  8
VIA_HOLES
 62
     7
100
AcDbModelerGeometry
 70
     1
  1
noi nn n o 
  1
=0;& {rn {no {rn {rn |
  1
/061+ {rn lfqkikogfmnffffffg fqmjoolkglfffffffi o |
  1
):-+:' {rn {k {n |
  1
:336/,:r<*-): {rn lfqmikogfim fqmjoolkglfffffffi o o o n oqnfffffi o o n o o |
  1
:;8: {rn {m {m {j {l o |
  1
<0:;8: {rn {j {j {rn {k o {i {rn |
  1
300/ {rn {rn {j {g |
  1
/3>1:r,*-9><: {rn lfqnikogfgmoooooon fqmjoolkglfffffffi o o o n rn o o o o o o o |
  1
9><: {rn {rn {i {f {rn {h o n o |
  1
,7:33 {rn {rn {rn {g {no |
  1
3*2/ {rn {rn {f {o |
  1
Z1;r09r^ \VLr;>+> 
1001
ACAD_OBJECT_CHANGE_GUID
1070
     1
1071
-1859918884
1070
 13659
1070
 20267
1070
   185
1070
   188
1070
   198
1070
    40
1070
   111
1070
   183
1070
   155
1070
   164
  0
HATCH
  5
AA
330
1F
100
AcDbEntity
  8
VIA_HOLES
 62
     7
100
AcDbHatch
 10
0.0
 20
0.0
 30
0.0
210
0.0
220
0.0
230
1.0
  2
SOLID
 70
     1
 71
     1
 91
        1
 92
        1
 93
        1
 72
     2
 10
39.26408962
 20
9.25003484
 40
0.1999996
 50
0.0
 51
360.0
 73
     1
 97
        1
330
A9
 75
     0
 76
     1
 98
        0
  0
REGION
  5
AB
102
{ACAD_REACTORS
330
AC
102
}
330
1F
100
AcDbEntity
  8
VIA_HOLES
 62
     7
100
AcDbModelerGeometry
 70
     1
  1
noi nn n o 
  1
=0;& {rn {no {rn {rn |
  1
/061+ {rn lhqjiknfmohffffffg fqmlkjkjfmoooooook o |
  1
):-+:' {rn {k {n |
  1
:336/,:r<*-): {rn lhqliknfmkg fqmlkjkjfmoooooook o o o n oqnfffffi o o n o o |
  1
:;8: {rn {m {m {j {l o |
  1
<0:;8: {rn {j {j {rn {k o {i {rn |
  1
300/ {rn {rn {j {g |
  1
/3>1:r,*-9><: {rn lhqmiknfmigoooooon fqmlkjkjfmoooooook o o o n rn o o o o o o o |
  1
9><: {rn {rn {i {f {rn {h o n o |
  1
,7:33 {rn {rn {rn {g {no |
  1
3*2/ {rn {rn {f {o |
  1
Z1;r09r^ \VLr;>+> 
1001
ACAD_OBJECT_CHANGE_GUID
1070
     1
1071
-528465397
1070
-19954
1070
 18936
1070
   159
1070
     7
1070
   251
1070
   232
1070
   214
1070
   170
1070
   117
1070
   206
  0
HATCH
  5
AC
330
1F
100
AcDbEntity
  8
VIA_HOLES
 62
     7
100
AcDbHatch
 10
0.0
 20
0.0
 30
0.0
210
0.0
220
0.0
230
1.0
  2
SOLID
 70
     1
 71
     1
 91
        1
 92
        1
 93
        1
 72
     2
 10
37.36419248
 20
9.23454592
 40
0.1999996
 50
0.0
 51
360.0
 73
     1
 97
        1
330
AB
 75
     0
 76
     1
 98
        0
  0
REGION
  5
AD
102
{ACAD_REACTORS
330
AE
102
}
330
1F
100
AcDbEntity
  8
VIA_HOLES
 62
     7
100
AcDbModelerGeometry
 70
     1
  1
noi nn n o 
  1
=0;& {rn {no {rn {rn |
  1
/061+ {rn ljqioooomkjfffffff fqmlkjkjfmoooooook o |
  1
):-+:' {rn {k {n |
  1
:336/,:r<*-): {rn ljqkoooomgioooooon fqmlkjkjfmoooooook o o o n oqnfffffi o o n o o |
  1
:;8: {rn {m {m {j {l o |
  1
<0:;8: {rn {j {j {rn {k o {i {rn |
  1
300/ {rn {rn {j {g |
  1
/3>1:r,*-9><: {rn ljqlooooloioooooom fqmlkjkjfmoooooook o o o n rn o o o o o o o |
  1
9><: {rn {rn {i {f {rn {h o n o |
  1
,7:33 {rn {rn {rn {g {no |
  1
3*2/ {rn {rn {f {o |
  1
Z1;r09r^ \VLr;>+> 
1001
ACAD_OBJECT_CHANGE_GUID
1070
     1
1071
1409989781
1070
-26694
1070
 19524
1070
   141
1070
   147
1070
    81
1070
   166
1070
   102
1070
   242
1070
   201
1070
   203
  0
HATCH
  5
AE
330
1F
100
AcDbEntity
  8
VIA_HOLES
 62
     7
100
AcDbHatch
 10
0.0
 20
0.0
 30
0.0
210
0.0
220
0.0
230
1.0
  2
SOLID
 70
     1
 71
     1
 91
        1
 92
        1
 93
        1
 72
     2
 10
35.40000286
 20
9.23454592
 40
0.1999996
 50
0.0
 51
360.0
 73
     1
 97
        1
330
AD
 75
     0
 76
     1
 98
        0
  0
REGION
  5
AF
102
{ACAD_REACTORS
330
B0
102
}
330
1F
100
AcDbEntity
  8
VIA_HOLES
 62
     7
100
AcDbModelerGeometry
 70
     1
  1
noi nn n o 
  1
=0;& {rn {no {rn {rn |
  1
/061+ {rn llqlhjooojjffffffh hqnmkfhklnfffffffg o |
  1
):-+:' {rn {k {n |
  1
:336/,:r<*-): {rn llqnhjooofjffffffg hqnmkfhklnfffffffg o o o n oqnfffffi o o n o o |
  1
:;8: {rn {m {m {j {l o |
  1
<0:;8: {rn {j {j {rn {k o {i {rn |
  1
300/ {rn {rn {j {g |
  1
/3>1:r,*-9><: {rn llqohjoonnjfffffff hqnmkfhklnfffffffg o o o n rn o o o o o o o |
  1
9><: {rn {rn {i {f {rn {h o n o |
  1
,7:33 {rn {rn {rn {g {no |
  1
3*2/ {rn {rn {f {o |
  1
Z1;r09r^ \VLr;>+> 
1001
ACAD_OBJECT_CHANGE_GUID
1070
     1
1071
-1792255300
1070
 30782
1070
 20455
1070
   159
1070
    94
1070
    56
1070
    24
1070
   218
1070
    86
1070
   102
1070
   247
  0
HATCH
  5
B0
330
1F
100
AcDbEntity
  8
VIA_HOLES
 62
     7
100
AcDbHatch
 10
0.0
 20
0.0
 30
0.0
210
0.0
220
0.0
230
1.0
  2
SOLID
 70
     1
 71
     1
 91
        1
 92
        1
 93
        1
 72
     2
 10
33.17500096
 20
7.12497432
 40
0.1999996
 50
0.0
 51
360.0
 73
     1
 97
        1
330
AF
 75
     0
 76
     1
 98
        0
  0
REGION
  5
B1
102
{ACAD_REACTORS
330
B2
102
}
330
1F
100
AcDbEntity
  8
VIA_HOLES
 62
     7
100
AcDbModelerGeometry
 70
     1
  1
noi nn n o 
  1
=0;& {rn {no {rn {rn |
  1
/061+ {rn mkqmkffffhioooooon joqffmmhhffffffffm o |
  1
):-+:' {rn {k {n |
  1
:336/,:r<*-): {rn mkqojooooni joqffmmhhffffffffm o o o n oqnfffffi o o n o o |
  1
:;8: {rn {m {m {j {l o |
  1
<0:;8: {rn {j {j {rn {k o {i {rn |
  1
300/ {rn {rn {j {g |
  1
/3>1:r,*-9><: {rn mlqfjoooolioooooon joqffmmhhffffffffm o o o n rn o o o o o o o |
  1
9><: {rn {rn {i {f {rn {h o n o |
  1
,7:33 {rn {rn {rn {g {no |
  1
3*2/ {rn {rn {f {o |
  1
Z1;r09r^ \VLr;>+> 
1001
ACAD_OBJECT_CHANGE_GUID
1070
     1
1071
-249552467
1070
-31634
1070
 19449
1070
   182
1070
   184
1070
   188
1070
    78
1070
    85
1070
    54
1070
   179
1070
    38
  0
HATCH
  5
B2
330
1F
100
AcDbEntity
  8
VIA_HOLES
 62
     7
100
AcDbHatch
 10
0.0
 20
0.0
 30
0.0
210
0.0
220
0.0
230
1.0
  2
SOLID
 70
     1
 71
     1
 91
        1
 92
        1
 93
        1
 72
     2
 10
24.05000016
 20
50.99227799999999
 40
0.1999996
 50
0.0
 51
360.0
 73
     1
 97
        1
330
B1
 75
     0
 76
     1
 98
        0
  0
REGION
  5
B3
102
{ACAD_REACTORS
330
B4
102
}
330
1F
100
AcDbEntity
  8
VIA_HOLES
 62
     7
100
AcDbModelerGeometry
 70
     1
  1
noi nn n o 
  1
=0;& {rn {no {rn {rn |
  1
/061+ {rn mnqifojffmkoooooon jnqomlfnimlffffffg o |
  1
):-+:' {rn {k {n |
  1
:336/,:r<*-): {rn mnqkfojffilfffffff jnqomlfnimlffffffg o o o n oqnfffffi o o n o o |
  1
:;8: {rn {m {m {j {l o |
  1
<0:;8: {rn {j {j {rn {k o {i {rn |
  1
300/ {rn {rn {j {g |
  1
/3>1:r,*-9><: {rn mnqlfojffgk jnqomlfnimlffffffg o o o n rn o o o o o o o |
  1
9><: {rn {rn {i {f {rn {h o n o |
  1
,7:33 {rn {rn {rn {g {no |
  1
3*2/ {rn {rn {f {o |
  1
Z1;r09r^ \VLr;>+> 
1001
ACAD_OBJECT_CHANGE_GUID
1070
     1
1071
217611450
1070
  8592
1070
 17533
1070
   131
1070
   242
1070
   153
1070
   192
1070
    44
1070
   207
1070
   139
1070
    29
  0
HATCH
  5
B4
330
1F
100
AcDbEntity
  8
VIA_HOLES
 62
     7
100
AcDbHatch
 10
0.0
 20
0.0
 30
0.0
210
0.0
220
0.0
230
1.0
  2
SOLID
 70
     1
 71
     1
 91
        1
 92
        1
 93
        1
 72
     2
 10
21.49059964
 20
51.02391624
 40
0.1999996
 50
0.0
 51
360.0
 73
     1
 97
        1
330
B3
 75
     0
 76
     1
 98
        0
  0
REGION
  5
B5
102
{ACAD_REACTORS
330
B6
102
}
330
1F
100
AcDbEntity
  8
VIA_HOLES
 62
     7
100
AcDbModelerGeometry
 70
     1
  1
noi nn n o 
  1
=0;& {rn {no {rn {rn |
  1
/061+ {rn mjqnmflkonk jlqfooomnhk o |
  1
):-+:' {rn {k {n |
  1
:336/,:r<*-): {rn mkqfmflkojlffffffg jlqfooomnhk o o o n oqnfffffi o o n o o |
  1
:;8: {rn {m {m {j {l o |
  1
<0:;8: {rn {j {j {rn {k o {i {rn |
  1
300/ {rn {rn {j {g |
  1
/3>1:r,*-9><: {rn mkqgmflkohlfffffff jlqfooomnhk o o o n rn o o o o o o o |
  1
9><: {rn {rn {i {f {rn {h o n o |
  1
,7:33 {rn {rn {rn {g {no |
  1
3*2/ {rn {rn {f {o |
  1
Z1;r09r^ \VLr;>+> 
1001
ACAD_OBJECT_CHANGE_GUID
1070
     1
1071
-2066791543
1070
 -5208
1070
 20176
1070
   140
1070
   243
1070
   161
1070
    34
1070
   101
1070
   166
1070
    86
1070
   142
  0
HATCH
  5
B6
330
1F
100
AcDbEntity
  8
VIA_HOLES
 62
     7
100
AcDbHatch
 10
0.0
 20
0.0
 30
0.0
210
0.0
220
0.0
230
1.0
  2
SOLID
 70
     1
 71
     1
 91
        1
 92
        1
 93
        1
 72
     2
 10
24.92934054
 20
53.90002174
 40
0.1999996
 50
0.0
 51
360.0
 73
     1
 97
        1
330
B5
 75
     0
 76
     1
 98
        0
  0
REGION
  5
B7
102
{ACAD_REACTORS
330
B8
102
}
330
1F
100
AcDbEntity
  8
VIA_HOLES
 62
     7
100
AcDbModelerGeometry
 70
     1
  1
noi nn n o 
  1
=0;& {rn {no {rn {rn |
  1
/061+ {rn mmqhgnimjhioooooon jlqgjonmlklffffffh o |
  1
):-+:' {rn {k {n |
  1
:336/,:r<*-): {rn mmqjgniminjfffffff jlqgjonmlklffffffh o o o n oqnfffffi o o n o o |
  1
:;8: {rn {m {m {j {l o |
  1
<0:;8: {rn {j {j {rn {k o {i {rn |
  1
300/ {rn {rn {j {g |
  1
/3>1:r,*-9><: {rn mmqkgnimili jlqgjonmlklffffffh o o o n rn o o o o o o o |
  1
9><: {rn {rn {i {f {rn {h o n o |
  1
,7:33 {rn {rn {rn {g {no |
  1
3*2/ {rn {rn {f {o |
  1
Z1;r09r^ \VLr;>+> 
1001
ACAD_OBJECT_CHANGE_GUID
1070
     1
1071
219482038
1070
-18334
1070
 18307
1070
   166
1070
   173
1070
   189
1070
   158
1070
   234
1070
    73
1070
    66
1070
   173
  0
HATCH
  5
B8
330
1F
100
AcDbEntity
  8
VIA_HOLES
 62
     7
100
AcDbHatch
 10
0.0
 20
0.0
 30
0.0
210
0.0
220
0.0
230
1.0
  2
SOLID
 70
     1
 71
     1
 91
        1
 92
        1
 93
        1
 72
     2
 10
22.58162616
 20
53.85012344
 40
0.1999996
 50
0.0
 51
360.0
 73
     1
 97
        1
330
B7
 75
     0
 76
     1
 98
        0
  0
REGION
  5
B9
102
{ACAD_REACTORS
330
BA
102
}
330
1F
100
AcDbEntity
  8
VIA_HOLES
 62
     7
100
AcDbModelerGeometry
 70
     1
  1
noi nn n o 
  1
=0;& {rn {no {rn {rn |
  1
/061+ {rn mgqiolffiikoooooom kiqimjnnnmnffffffk o |
  1
):-+:' {rn {k {n |
  1
:336/,:r<*-): {rn mgqkolffhok kiqimjnnnmnffffffk o o o n oqnfffffi o o n o o |
  1
:;8: {rn {m {m {j {l o |
  1
<0:;8: {rn {j {j {rn {k o {i {rn |
  1
300/ {rn {rn {j {g |
  1
/3>1:r,*-9><: {rn mgqlolffhmkoooooon kiqimjnnnmnffffffk o o o n rn o o o o o o o |
  1
9><: {rn {rn {i {f {rn {h o n o |
  1
,7:33 {rn {rn {rn {g {no |
  1
3*2/ {rn {rn {f {o |
  1
Z1;r09r^ \VLr;>+> 
1001
ACAD_OBJECT_CHANGE_GUID
1070
     1
1071
1719606510
1070
 -8129
1070
 16433
1070
   155
1070
   156
1070
    85
1070
   216
1070
     1
1070
   160
1070
   164
1070
     3
  0
HATCH
  5
BA
330
1F
100
AcDbEntity
  8
VIA_HOLES
 62
     7
100
AcDbHatch
 10
0.0
 20
0.0
 30
0.0
210
0.0
220
0.0
230
1.0
  2
SOLID
 70
     1
 71
     1
 91
        1
 92
        1
 93
        1
 72
     2
 10
28.40399704
 20
46.62511121999999
 40
0.1999996
 50
0.0
 51
360.0
 73
     1
 97
        1
330
B9
 75
     0
 76
     1
 98
        0
  0
REGION
  5
BB
102
{ACAD_REACTORS
330
BC
102
}
330
1F
100
AcDbEntity
  8
VIA_HOLES
 62
     7
100
AcDbModelerGeometry
 70
     1
  1
noi nn n o 
  1
=0;& {rn {no {rn {rn |
  1
/061+ {rn mnqhfffffjgoooooon klqfhlhijmlfffffff o |
  1
):-+:' {rn {k {n |
  1
:336/,:r<*-): {rn mnqjffffffg klqfhlhijmlfffffff o o o n oqnfffffi o o n o o |
  1
:;8: {rn {m {m {j {l o |
  1
<0:;8: {rn {j {j {rn {k o {i {rn |
  1
300/ {rn {rn {j {g |
  1
/3>1:r,*-9><: {rn mnqjooooongoooooon klqfhlhijmlfffffff o o o n rn o o o o o o o |
  1
9><: {rn {rn {i {f {rn {h o n o |
  1
,7:33 {rn {rn {rn {g {no |
  1
3*2/ {rn {rn {f {o |
  1
Z1;r09r^ \VLr;>+> 
1001
ACAD_OBJECT_CHANGE_GUID
1070
     1
1071
515951533
1070
-23352
1070
 20069
1070
   189
1070
    27
1070
    81
1070
   166
1070
   204
1070
    86
1070
   179
1070
    66
  0
HATCH
  5
BC
330
1F
100
AcDbEntity
  8
VIA_HOLES
 62
     7
100
AcDbHatch
 10
0.0
 20
0.0
 30
0.0
210
0.0
220
0.0
230
1.0
  2
SOLID
 70
     1
 71
     1
 91
        1
 92
        1
 93
        1
 72
     2
 10
21.59999998
 20
43.97376524
 40
0.1999996
 50
0.0
 51
360.0
 73
     1
 97
        1
330
BB
 75
     0
 76
     1
 98
        0
  0
REGION
  5
BD
102
{ACAD_REACTORS
330
BE
102
}
330
1F
100
AcDbEntity
  8
VIA_HOLES
 62
     7
100
AcDbModelerGeometry
 70
     1
  1
noi nn n o 
  1
=0;& {rn {no {rn {rn |
  1
/061+ {rn mmqiooooojnffffffg kiqghongjijffffffh o |
  1
):-+:' {rn {k {n |
  1
:336/,:r<*-): {rn mmqkooooofnffffffh kiqghongjijffffffh o o o n oqnfffffi o o n o o |
  1
:;8: {rn {m {m {j {l o |
  1
<0:;8: {rn {j {j {rn {k o {i {rn |
  1
300/ {rn {rn {j {g |
  1
/3>1:r,*-9><: {rn mmqloooonnnffffffh kiqghongjijffffffh o o o n rn o o o o o o o |
  1
9><: {rn {rn {i {f {rn {h o n o |
  1
,7:33 {rn {rn {rn {g {no |
  1
3*2/ {rn {rn {f {o |
  1
Z1;r09r^ \VLr;>+> 
1001
ACAD_OBJECT_CHANGE_GUID
1070
     1
1071
741107693
1070
-24418
1070
 19660
1070
   191
1070
   125
1070
   179
1070
   199
1070
    59
1070
    54
1070
   182
1070
    55
  0
HATCH
  5
BE
330
1F
100
AcDbEntity
  8
VIA_HOLES
 62
     7
100
AcDbHatch
 10
0.0
 20
0.0
 30
0.0
210
0.0
220
0.0
230
1.0
  2
SOLID
 70
     1
 71
     1
 91
        1
 92
        1
 93
        1
 72
     2
 10
22.40000092
 20
46.87018566
 40
0.1999996
 50
0.0
 51
360.0
 73
     1
 97
        1
330
BD
 75
     0
 76
     1
 98
        0
  0
REGION
  5
BF
102
{ACAD_REACTORS
330
C0
102
}
330
1F
100
AcDbEntity
  8
VIA_HOLES
 62
     7
100
AcDbModelerGeometry
 70
     1
  1
noi nn n o 
  1
=0;& {rn {no {rn {rn |
  1
/061+ {rn lhqhlnfjnkjffffffn klqmfjkkokjffffffj o |
  1
):-+:' {rn {k {n |
  1
:336/,:r<*-): {rn lhqjlnfjngjffffffm klqmfjkkokjffffffj o o o n oqnfffffi o o n o o |
  1
:;8: {rn {m {m {j {l o |
  1
<0:;8: {rn {j {j {rn {k o {i {rn |
  1
300/ {rn {rn {j {g |
  1
/3>1:r,*-9><: {rn lhqklnfjmojffffffl klqmfjkkokjffffffj o o o n rn o o o o o o o |
  1
9><: {rn {rn {i {f {rn {h o n o |
  1
,7:33 {rn {rn {rn {g {no |
  1
3*2/ {rn {rn {f {o |
  1
Z1;r09r^ \VLr;>+> 
1001
ACAD_OBJECT_CHANGE_GUID
1070
     1
1071
1460189808
1070
  2634
1070
 19398
1070
   178
1070
   155
1070
    53
1070
   137
1070
    62
1070
   234
1070
    50
1070
   143
  0
HATCH
  5
C0
330
1F
100
AcDbEntity
  8
VIA_HOLES
 62
     7
100
AcDbHatch
 10
0.0
 20
0.0
 30
0.0
210
0.0
220
0.0
230
1.0
  2
SOLID
 70
     1
 71
     1
 91
        1
 92
        1
 93
        1
 72
     2
 10
37.53195185999999
 20
43.29544045999999
 40
0.1999996
 50
0.0
 51
360.0
 73
     1
 97
        1
330
BF
 75
     0
 76
     1
 98
        0
  0
REGION
  5
C1
102
{ACAD_REACTORS
330
C2
102
}
330
1F
100
AcDbEntity
  8
VIA_HOLES
 62
     7
100
AcDbModelerGeometry
 70
     1
  1
noi nn n o 
  1
=0;& {rn {no {rn {rn |
  1
/061+ {rn lkqooffjhlhffffffi klqmkilhonfffffffk o |
  1
):-+:' {rn {k {n |
  1
:336/,:r<*-): {rn llqgoffjhhhffffffg klqmkilhonfffffffk o o o n oqnfffffi o o n o o |
  1
:;8: {rn {m {m {j {l o |
  1
<0:;8: {rn {j {j {rn {k o {i {rn |
  1
300/ {rn {rn {j {g |
  1
/3>1:r,*-9><: {rn llqhoffjhfhfffffff klqmkilhonfffffffk o o o n rn o o o o o o o |
  1
9><: {rn {rn {i {f {rn {h o n o |
  1
,7:33 {rn {rn {rn {g {no |
  1
3*2/ {rn {rn {f {o |
  1
Z1;r09r^ \VLr;>+> 
1001
ACAD_OBJECT_CHANGE_GUID
1070
     1
1071
-778971505
1070
 25339
1070
 18687
1070
   155
1070
    32
1070
    93
1070
   185
1070
   184
1070
    91
1070
    12
1070
   186
  0
HATCH
  5
C2
330
1F
100
AcDbEntity
  8
VIA_HOLES
 62
     7
100
AcDbHatch
 10
0.0
 20
0.0
 30
0.0
210
0.0
220
0.0
230
1.0
  2
SOLID
 70
     1
 71
     1
 91
        1
 92
        1
 93
        1
 72
     2
 10
33.80995778
 20
43.24637019999999
 40
0.1999996
 50
0.0
 51
360.0
 73
     1
 97
        1
330
C1
 75
     0
 76
     1
 98
        0
  0
REGION
  5
C3
102
{ACAD_REACTORS
330
C4
102
}
330
1F
100
AcDbEntity
  8
VIA_HOLES
 62
     7
100
AcDbModelerGeometry
 70
     1
  1
noi nn n o 
  1
=0;& {rn {no {rn {rn |
  1
/061+ {rn kmqjkmjknmhffffffj khqhimjmjhjffffffi o |
  1
):-+:' {rn {k {n |
  1
:336/,:r<*-): {rn kmqlkmjknihffffffh khqhimjmjhjffffffi o o o n oqnfffffi o o n o o |
  1
:;8: {rn {m {m {j {l o |
  1
<0:;8: {rn {j {j {rn {k o {i {rn |
  1
300/ {rn {rn {j {g |
  1
/3>1:r,*-9><: {rn kmqmkmjknghffffffh khqhimjmjhjffffffi o o o n rn o o o o o o o |
  1
9><: {rn {rn {i {f {rn {h o n o |
  1
,7:33 {rn {rn {rn {g {no |
  1
3*2/ {rn {rn {f {o |
  1
Z1;r09r^ \VLr;>+> 
1001
ACAD_OBJECT_CHANGE_GUID
1070
     1
1071
 -6359809
1070
 28042
1070
 19102
1070
   174
1070
   244
1070
   146
1070
   216
1070
   116
1070
   228
1070
   186
1070
    23
  0
HATCH
  5
C4
330
1F
100
AcDbEntity
  8
VIA_HOLES
 62
     7
100
AcDbHatch
 10
0.0
 20
0.0
 30
0.0
210
0.0
220
0.0
230
1.0
  2
SOLID
 70
     1
 71
     1
 91
        1
 92
        1
 93
        1
 72
     2
 10
42.34254168
 20
47.76252576
 40
0.1999996
 50
0.0
 51
360.0
 73
     1
 97
        1
330
C3
 75
     0
 76
     1
 98
        0
  0
REGION
  5
C5
102
{ACAD_REACTORS
330
C6
102
}
330
1F
100
AcDbEntity
  8
VIA_HOLES
 62
     7
100
AcDbModelerGeometry
 70
     1
  1
noi nn n o 
  1
=0;& {rn {no {rn {rn |
  1
/061+ {rn kiqfllofnmfffffffk koqglgkhgnlffffffm o |
  1
):-+:' {rn {k {n |
  1
:336/,:r<*-): {rn kiqhllofnifffffffi koqglgkhgnlffffffm o o o n oqnfffffi o o n o o |
  1
:;8: {rn {m {m {j {l o |
  1
<0:;8: {rn {j {j {rn {k o {i {rn |
  1
300/ {rn {rn {j {g |
  1
/3>1:r,*-9><: {rn kiqillofngfffffffh koqglgkhgnlffffffm o o o n rn o o o o o o o |
  1
9><: {rn {rn {i {f {rn {h o n o |
  1
,7:33 {rn {rn {rn {g {no |
  1
3*2/ {rn {rn {f {o |
  1
Z1;r09r^ \VLr;>+> 
1001
ACAD_OBJECT_CHANGE_GUID
1070
     1
1071
1270375208
1070
-29663
1070
 20146
1070
   140
1070
    45
1070
   126
1070
   199
1070
   248
1070
   158
1070
   203
1070
   117
  0
HATCH
  5
C6
330
1F
100
AcDbEntity
  8
VIA_HOLES
 62
     7
100
AcDbHatch
 10
0.0
 20
0.0
 30
0.0
210
0.0
220
0.0
230
1.0
  2
SOLID
 70
     1
 71
     1
 91
        1
 92
        1
 93
        1
 72
     2
 10
46.7330917
 20
40.83847813999999
 40
0.1999996
 50
0.0
 51
360.0
 73
     1
 97
        1
330
C5
 75
     0
 76
     1
 98
        0
  0
REGION
  5
C7
102
{ACAD_REACTORS
330
C8
102
}
330
1F
100
AcDbEntity
  8
VIA_HOLES
 62
     7
100
AcDbModelerGeometry
 70
     1
  1
noi nn n o 
  1
=0;& {rn {no {rn {rn |
  1
/061+ {rn kiqfllofnmfffffffk kmqmkoimihmoooooom o |
  1
):-+:' {rn {k {n |
  1
:336/,:r<*-): {rn kiqhllofnifffffffi kmqmkoimihmoooooom o o o n oqnfffffi o o n o o |
  1
:;8: {rn {m {m {j {l o |
  1
<0:;8: {rn {j {j {rn {k o {i {rn |
  1
300/ {rn {rn {j {g |
  1
/3>1:r,*-9><: {rn kiqillofngfffffffh kmqmkoimihmoooooom o o o n rn o o o o o o o |
  1
9><: {rn {rn {i {f {rn {h o n o |
  1
,7:33 {rn {rn {rn {g {no |
  1
3*2/ {rn {rn {f {o |
  1
Z1;r09r^ \VLr;>+> 
1001
ACAD_OBJECT_CHANGE_GUID
1070
     1
1071
-45157587
1070
-10808
1070
 16540
1070
   147
1070
   158
1070
   121
1070
   170
1070
    99
1070
   199
1070
    57
1070
    80
  0
HATCH
  5
C8
330
1F
100
AcDbEntity
  8
VIA_HOLES
 62
     7
100
AcDbHatch
 10
0.0
 20
0.0
 30
0.0
210
0.0
220
0.0
230
1.0
  2
SOLID
 70
     1
 71
     1
 91
        1
 92
        1
 93
        1
 72
     2
 10
46.7330917
 20
42.24062672
 40
0.1999996
 50
0.0
 51
360.0
 73
     1
 97
        1
330
C7
 75
     0
 76
     1
 98
        0
  0
REGION
  5
C9
102
{ACAD_REACTORS
330
CA
102
}
330
1F
100
AcDbEntity
  8
VIA_HOLES
 62
     7
100
AcDbModelerGeometry
 70
     1
  1
noi nn n o 
  1
=0;& {rn {no {rn {rn |
  1
/061+ {rn jmqffnnfkkfffffffm miqkhjomkjnffffffj o |
  1
):-+:' {rn {k {n |
  1
:336/,:r<*-): {rn jmqhfnnfkgfffffffk miqkhjomkjnffffffj o o o n oqnfffffi o o n o o |
  1
:;8: {rn {m {m {j {l o |
  1
<0:;8: {rn {j {j {rn {k o {i {rn |
  1
300/ {rn {rn {j {g |
  1
/3>1:r,*-9><: {rn jmqifnnfjofffffffj miqkhjomkjnffffffj o o o n rn o o o o o o o |
  1
9><: {rn {rn {i {f {rn {h o n o |
  1
,7:33 {rn {rn {rn {g {no |
  1
3*2/ {rn {rn {f {o |
  1
Z1;r09r^ \VLr;>+> 
1001
ACAD_OBJECT_CHANGE_GUID
1070
     1
1071
-2042715535
1070
 18718
1070
 17435
1070
   160
1070
    12
1070
   116
1070
    87
1070
   234
1070
     8
1070
   205
1070
    74
  0
HATCH
  5
CA
330
1F
100
AcDbEntity
  8
VIA_HOLES
 62
     7
100
AcDbHatch
 10
0.0
 20
0.0
 30
0.0
210
0.0
220
0.0
230
1.0
  2
SOLID
 70
     1
 71
     1
 91
        1
 92
        1
 93
        1
 72
     2
 10
52.79119489999999
 20
26.47502451999999
 40
0.1999996
 50
0.0
 51
360.0
 73
     1
 97
        1
330
C9
 75
     0
 76
     1
 98
        0
  0
REGION
  5
CB
102
{ACAD_REACTORS
330
CC
102
}
330
1F
100
AcDbEntity
  8
VIA_HOLES
 62
     7
100
AcDbModelerGeometry
 70
     1
  1
noi nn n o 
  1
=0;& {rn {no {rn {rn |
  1
/061+ {rn jlqojoooojgooooool mfqljoomjnnffffffk o |
  1
):-+:' {rn {k {n |
  1
:336/,:r<*-): {rn jmqgjoooofgooooook mfqljoomjnnffffffk o o o n oqnfffffi o o n o o |
  1
:;8: {rn {m {m {j {l o |
  1
<0:;8: {rn {j {j {rn {k o {i {rn |
  1
300/ {rn {rn {j {g |
  1
/3>1:r,*-9><: {rn jmqhjooonngooooooj mfqljoomjnnffffffk o o o n rn o o o o o o o |
  1
9><: {rn {rn {i {f {rn {h o n o |
  1
,7:33 {rn {rn {rn {g {no |
  1
3*2/ {rn {rn {f {o |
  1
Z1;r09r^ \VLr;>+> 
1001
ACAD_OBJECT_CHANGE_GUID
1070
     1
1071
1352777062
1070
 -4855
1070
 16445
1070
   143
1070
   117
1070
    25
1070
   189
1070
   243
1070
     2
1070
   222
1070
    82
  0
HATCH
  5
CC
330
1F
100
AcDbEntity
  8
VIA_HOLES
 62
     7
100
AcDbHatch
 10
0.0
 20
0.0
 30
0.0
210
0.0
220
0.0
230
1.0
  2
SOLID
 70
     1
 71
     1
 91
        1
 92
        1
 93
        1
 72
     2
 10
52.85000098
 20
29.35002511999999
 40
0.1999996
 50
0.0
 51
360.0
 73
     1
 97
        1
330
CB
 75
     0
 76
     1
 98
        0
  0
REGION
  5
CD
102
{ACAD_REACTORS
330
CE
102
}
330
1F
100
AcDbEntity
  8
VIA_HOLES
 62
     7
100
AcDbModelerGeometry
 70
     1
  1
noi nn n o 
  1
=0;& {rn {no {rn {rn |
  1
/061+ {rn jmqffnnfkkfffffffm lmqjnnjhglioooooon o |
  1
):-+:' {rn {k {n |
  1
:336/,:r<*-): {rn jmqhfnnfkgfffffffk lmqjnnjhglioooooon o o o n oqnfffffi o o n o o |
  1
:;8: {rn {m {m {j {l o |
  1
<0:;8: {rn {j {j {rn {k o {i {rn |
  1
300/ {rn {rn {j {g |
  1
/3>1:r,*-9><: {rn jmqifnnfjofffffffj lmqjnnjhglioooooon o o o n rn o o o o o o o |
  1
9><: {rn {rn {i {f {rn {h o n o |
  1
,7:33 {rn {rn {rn {g {no |
  1
3*2/ {rn {rn {f {o |
  1
Z1;r09r^ \VLr;>+> 
1001
ACAD_OBJECT_CHANGE_GUID
1070
     1
1071
-1284854695
1070
-26381
1070
 18877
1070
   136
1070
   251
1070
   214
1070
    45
1070
    73
1070
   173
1070
   212
1070
   104
  0
HATCH
  5
CE
330
1F
100
AcDbEntity
  8
VIA_HOLES
 62
     7
100
AcDbHatch
 10
0.0
 20
0.0
 30
0.0
210
0.0
220
0.0
230
1.0
  2
SOLID
 70
     1
 71
     1
 91
        1
 92
        1
 93
        1
 72
     2
 10
52.79119489999999
 20
32.51157836
 40
0.1999996
 50
0.0
 51
360.0
 73
     1
 97
        1
330
CD
 75
     0
 76
     1
 98
        0
  0
REGION
  5
CF
102
{ACAD_REACTORS
330
D0
102
}
330
1F
100
AcDbEntity
  8
VIA_HOLES
 62
     7
100
AcDbModelerGeometry
 70
     1
  1
noi nn n o 
  1
=0;& {rn {no {rn {rn |
  1
/061+ {rn kiqfllofnmfffffffk ljqlggkhillffffffh o |
  1
):-+:' {rn {k {n |
  1
:336/,:r<*-): {rn kiqhllofnifffffffi ljqlggkhillffffffh o o o n oqnfffffi o o n o o |
  1
:;8: {rn {m {m {j {l o |
  1
<0:;8: {rn {j {j {rn {k o {i {rn |
  1
300/ {rn {rn {j {g |
  1
/3>1:r,*-9><: {rn kiqillofngfffffffh ljqlggkhillffffffh o o o n rn o o o o o o o |
  1
9><: {rn {rn {i {f {rn {h o n o |
  1
,7:33 {rn {rn {rn {g {no |
  1
3*2/ {rn {rn {f {o |
  1
Z1;r09r^ \VLr;>+> 
1001
ACAD_OBJECT_CHANGE_GUID
1070
     1
1071
614712982
1070
 11528
1070
 17014
1070
   190
1070
   226
1070
   245
1070
    12
1070
    39
1070
   137
1070
    10
1070
    24
  0
HATCH
  5
D0
330
1F
100
AcDbEntity
  8
VIA_HOLES
 62
     7
100
AcDbHatch
 10
0.0
 20
0.0
 30
0.0
210
0.0
220
0.0
230
1.0
  2
SOLID
 70
     1
 71
     1
 91
        1
 92
        1
 93
        1
 72
     2
 10
46.7330917
 20
35.38847634
 40
0.1999996
 50
0.0
 51
360.0
 73
     1
 97
        1
330
CF
 75
     0
 76
     1
 98
        0
  0
REGION
  5
D1
102
{ACAD_REACTORS
330
D2
102
}
330
1F
100
AcDbEntity
  8
VIA_HOLES
 62
     7
100
AcDbModelerGeometry
 70
     1
  1
noi nn n o 
  1
=0;& {rn {no {rn {rn |
  1
/061+ {rn khqollhllhnffffffk lmqjnnjhglioooooon o |
  1
):-+:' {rn {k {n |
  1
:336/,:r<*-): {rn kiqgllhlknnffffffj lmqjnnjhglioooooon o o o n oqnfffffi o o n o o |
  1
:;8: {rn {m {m {j {l o |
  1
<0:;8: {rn {j {j {rn {k o {i {rn |
  1
300/ {rn {rn {j {g |
  1
/3>1:r,*-9><: {rn kiqhllhlklnffffffi lmqjnnjhglioooooon o o o n rn o o o o o o o |
  1
9><: {rn {rn {i {f {rn {h o n o |
  1
,7:33 {rn {rn {rn {g {no |
  1
3*2/ {rn {rn {f {o |
  1
Z1;r09r^ \VLr;>+> 
1001
ACAD_OBJECT_CHANGE_GUID
1070
     1
1071
686259098
1070
  1612
1070
 17904
1070
   176
1070
   172
1070
    76
1070
   253
1070
    14
1070
   179
1070
    33
1070
   186
  0
HATCH
  5
D2
330
1F
100
AcDbEntity
  8
VIA_HOLES
 62
     7
100
AcDbHatch
 10
0.0
 20
0.0
 30
0.0
210
0.0
220
0.0
230
1.0
  2
SOLID
 70
     1
 71
     1
 91
        1
 92
        1
 93
        1
 72
     2
 10
46.83373412
 20
32.51157836
 40
0.1999996
 50
0.0
 51
360.0
 73
     1
 97
        1
330
D1
 75
     0
 76
     1
 98
        0
  0
REGION
  5
D3
102
{ACAD_REACTORS
330
D4
102
}
330
1F
100
AcDbEntity
  8
VIA_HOLES
 62
     7
100
AcDbModelerGeometry
 70
     1
  1
noi nn n o 
  1
=0;& {rn {no {rn {rn |
  1
/061+ {rn khqnloomoolffffffg mfqkgokkikffffffff o |
  1
):-+:' {rn {k {n |
  1
:336/,:r<*-): {rn kiqfloomokk mfqkgokkikffffffff o o o n oqnfffffi o o n o o |
  1
:;8: {rn {m {m {j {l o |
  1
<0:;8: {rn {j {j {rn {k o {i {rn |
  1
300/ {rn {rn {j {g |
  1
/3>1:r,*-9><: {rn kiqgloomoikoooooon mfqkgokkikffffffff o o o n rn o o o o o o o |
  1
9><: {rn {rn {i {f {rn {h o n o |
  1
,7:33 {rn {rn {rn {g {no |
  1
3*2/ {rn {rn {f {o |
  1
Z1;r09r^ \VLr;>+> 
1001
ACAD_OBJECT_CHANGE_GUID
1070
     1
1071
1313541443
1070
 -3540
1070
 18850
1070
   162
1070
   219
1070
   177
1070
     8
1070
   163
1070
    73
1070
   118
1070
    21
  0
HATCH
  5
D4
330
1F
100
AcDbEntity
  8
VIA_HOLES
 62
     7
100
AcDbHatch
 10
0.0
 20
0.0
 30
0.0
210
0.0
220
0.0
230
1.0
  2
SOLID
 70
     1
 71
     1
 91
        1
 92
        1
 93
        1
 72
     2
 10
46.93002044
 20
29.4804465
 40
0.1999996
 50
0.0
 51
360.0
 73
     1
 97
        1
330
D3
 75
     0
 76
     1
 98
        0
  0
REGION
  5
D5
102
{ACAD_REACTORS
330
D6
102
}
330
1F
100
AcDbEntity
  8
VIA_HOLES
 62
     7
100
AcDbModelerGeometry
 70
     1
  1
noi nn n o 
  1
=0;& {rn {no {rn {rn |
  1
/061+ {rn khqngnooolhffffffl miqkhjomkjnffffffj o |
  1
):-+:' {rn {k {n |
  1
:336/,:r<*-): {rn kiqfgnooohhffffffj miqkhjomkjnffffffj o o o n oqnfffffi o o n o o |
  1
:;8: {rn {m {m {j {l o |
  1
<0:;8: {rn {j {j {rn {k o {i {rn |
  1
300/ {rn {rn {j {g |
  1
/3>1:r,*-9><: {rn kiqggnooofhffffffi miqkhjomkjnffffffj o o o n rn o o o o o o o |
  1
9><: {rn {rn {i {f {rn {h o n o |
  1
,7:33 {rn {rn {rn {g {no |
  1
3*2/ {rn {rn {f {o |
  1
Z1;r09r^ \VLr;>+> 
1001
ACAD_OBJECT_CHANGE_GUID
1070
     1
1071
1517548720
1070
-23916
1070
 19717
1070
   131
1070
    62
1070
   101
1070
   220
1070
     6
1070
   138
1070
    94
1070
   112
  0
HATCH
  5
D6
330
1F
100
AcDbEntity
  8
VIA_HOLES
 62
     7
100
AcDbHatch
 10
0.0
 20
0.0
 30
0.0
210
0.0
220
0.0
230
1.0
  2
SOLID
 70
     1
 71
     1
 91
        1
 92
        1
 93
        1
 72
     2
 10
46.98100078
 20
26.47502451999999
 40
0.1999996
 50
0.0
 51
360.0
 73
     1
 97
        1
330
D5
 75
     0
 76
     1
 98
        0
  0
REGION
  5
D7
102
{ACAD_REACTORS
330
D8
102
}
330
1F
100
AcDbEntity
  8
VIA_HOLES
 62
     7
100
AcDbModelerGeometry
 70
     1
  1
noi nn n o 
  1
=0;& {rn {no {rn {rn |
  1
/061+ {rn kgqioooongjfffffff moqolgmflihfffffff o |
  1
):-+:' {rn {k {n |
  1
:336/,:r<*-): {rn kgqkoooommioooooon moqolgmflihfffffff o o o n oqnfffffi o o n o o |
  1
:;8: {rn {m {m {j {l o |
  1
<0:;8: {rn {j {j {rn {k o {i {rn |
  1
300/ {rn {rn {j {g |
  1
/3>1:r,*-9><: {rn kgqloooomkioooooom moqolgmflihfffffff o o o n rn o o o o o o o |
  1
9><: {rn {rn {i {f {rn {h o n o |
  1
,7:33 {rn {rn {rn {g {no |
  1
3*2/ {rn {rn {f {o |
  1
Z1;r09r^ \VLr;>+> 
1001
ACAD_OBJECT_CHANGE_GUID
1070
     1
1071
777086295
1070
-23913
1070
 18552
1070
   156
1070
     3
1070
   132
1070
    24
1070
   113
1070
    17
1070
    70
1070
   113
  0
HATCH
  5
D8
330
1F
100
AcDbEntity
  8
VIA_HOLES
 62
     7
100
AcDbHatch
 10
0.0
 20
0.0
 30
0.0
210
0.0
220
0.0
230
1.0
  2
SOLID
 70
     1
 71
     1
 91
        1
 92
        1
 93
        1
 72
     2
 10
48.40000226
 20
20.03829368
 40
0.1999996
 50
0.0
 51
360.0
 73
     1
 97
        1
330
D7
 75
     0
 76
     1
 98
        0
  0
REGION
  5
D9
102
{ACAD_REACTORS
330
DA
102
}
330
1F
100
AcDbEntity
  8
VIA_HOLES
 62
     7
100
AcDbModelerGeometry
 70
     1
  1
noi nn n o 
  1
=0;& {rn {no {rn {rn |
  1
/061+ {rn kiqloooonlhffffffg moqoooomiolffffffg o |
  1
):-+:' {rn {k {n |
  1
:336/,:r<*-): {rn kiqnoooonhhfffffff moqoooomiolffffffg o o o n oqnfffffi o o n o o |
  1
:;8: {rn {m {m {j {l o |
  1
<0:;8: {rn {j {j {rn {k o {i {rn |
  1
300/ {rn {rn {j {g |
  1
/3>1:r,*-9><: {rn kiqooooonfg moqoooomiolffffffg o o o n rn o o o o o o o |
  1
9><: {rn {rn {i {f {rn {h o n o |
  1
,7:33 {rn {rn {rn {g {no |
  1
3*2/ {rn {rn {f {o |
  1
Z1;r09r^ \VLr;>+> 
1001
ACAD_OBJECT_CHANGE_GUID
1070
     1
1071
-1718227696
1070
-11161
1070
 18758
1070
   185
1070
   214
1070
   119
1070
   135
1070
    52
1070
   158
1070
   180
1070
    98
  0
HATCH
  5
DA
330
1F
100
AcDbEntity
  8
VIA_HOLES
 62
     7
100
AcDbHatch
 10
0.0
 20
0.0
 30
0.0
210
0.0
220
0.0
230
1.0
  2
SOLID
 70
     1
 71
     1
 91
        1
 92
        1
 93
        1
 72
     2
 10
46.10000178
 20
20.00002604
 40
0.1999996
 50
0.0
 51
360.0
 73
     1
 97
        1
330
D9
 75
     0
 76
     1
 98
        0
  0
REGION
  5
DB
102
{ACAD_REACTORS
330
DC
102
}
330
1F
100
AcDbEntity
  8
VIA_HOLES
 62
     7
100
AcDbModelerGeometry
 70
     1
  1
noi nn n o 
  1
=0;& {rn {no {rn {rn |
  1
/061+ {rn khqohinogjlffffffl mmqnkoimimhfffffff o |
  1
):-+:' {rn {k {n |
  1
:336/,:r<*-): {rn kiqghinogflffffffj mmqnkoimimhfffffff o o o n oqnfffffi o o n o o |
  1
:;8: {rn {m {m {j {l o |
  1
<0:;8: {rn {j {j {rn {k o {i {rn |
  1
300/ {rn {rn {j {g |
  1
/3>1:r,*-9><: {rn kiqhhinofnlffffffi mmqnkoimimhfffffff o o o n rn o o o o o o o |
  1
9><: {rn {rn {i {f {rn {h o n o |
  1
,7:33 {rn {rn {rn {g {no |
  1
3*2/ {rn {rn {f {o |
  1
Z1;r09r^ \VLr;>+> 
1001
ACAD_OBJECT_CHANGE_GUID
1070
     1
1071
726127092
1070
-23547
1070
 17115
1070
   143
1070
     0
1070
   119
1070
    78
1070
   150
1070
   209
1070
   117
1070
    46
  0
HATCH
  5
DC
330
1F
100
AcDbEntity
  8
VIA_HOLES
 62
     7
100
AcDbHatch
 10
0.0
 20
0.0
 30
0.0
210
0.0
220
0.0
230
1.0
  2
SOLID
 70
     1
 71
     1
 91
        1
 92
        1
 93
        1
 72
     2
 10
46.87610893999999
 20
22.14062628
 40
0.1999996
 50
0.0
 51
360.0
 73
     1
 97
        1
330
DB
 75
     0
 76
     1
 98
        0
  0
REGION
  5
DD
102
{ACAD_REACTORS
330
DE
102
}
330
1F
100
AcDbEntity
  8
VIA_HOLES
 62
     7
100
AcDbModelerGeometry
 70
     1
  1
noi nn n o 
  1
=0;& {rn {no {rn {rn |
  1
/061+ {rn lhqgnkoghklffffffk ljqigfgfojnfffffff o |
  1
):-+:' {rn {k {n |
  1
:336/,:r<*-): {rn lhqinkoghglffffffi ljqigfgfojnfffffff o o o n oqnfffffi o o n o o |
  1
:;8: {rn {m {m {j {l o |
  1
<0:;8: {rn {j {j {rn {k o {i {rn |
  1
300/ {rn {rn {j {g |
  1
/3>1:r,*-9><: {rn lhqjnkoggolffffffh ljqigfgfojnfffffff o o o n rn o o o o o o o |
  1
9><: {rn {rn {i {f {rn {h o n o |
  1
,7:33 {rn {rn {rn {g {no |
  1
3*2/ {rn {rn {f {o |
  1
Z1;r09r^ \VLr;>+> 
1001
ACAD_OBJECT_CHANGE_GUID
1070
     1
1071
902700381
1070
 -3444
1070
 18884
1070
   169
1070
   214
1070
    42
1070
   106
1070
    65
1070
   196
1070
   165
1070
   174
  0
HATCH
  5
DE
330
1F
100
AcDbEntity
  8
VIA_HOLES
 62
     7
100
AcDbHatch
 10
0.0
 20
0.0
 30
0.0
210
0.0
220
0.0
230
1.0
  2
SOLID
 70
     1
 71
     1
 91
        1
 92
        1
 93
        1
 72
     2
 10
37.61408784
 20
35.68989052
 40
0.1999996
 50
0.0
 51
360.0
 73
     1
 97
        1
330
DD
 75
     0
 76
     1
 98
        0
  0
REGION
  5
DF
102
{ACAD_REACTORS
330
E0
102
}
330
1F
100
AcDbEntity
  8
VIA_HOLES
 62
     7
100
AcDbModelerGeometry
 70
     1
  1
noi nn n o 
  1
=0;& {rn {no {rn {rn |
  1
/061+ {rn llqghkfffjjfffffff ljqhooomjnnffffffm o |
  1
):-+:' {rn {k {n |
  1
:336/,:r<*-): {rn llqihkffffioooooon ljqhooomjnnffffffm o o o n oqnfffffi o o n o o |
  1
:;8: {rn {m {m {j {l o |
  1
<0:;8: {rn {j {j {rn {k o {i {rn |
  1
300/ {rn {rn {j {g |
  1
/3>1:r,*-9><: {rn llqjhjooonioooooom ljqhooomjnnffffffm o o o n rn o o o o o o o |
  1
9><: {rn {rn {i {f {rn {h o n o |
  1
,7:33 {rn {rn {rn {g {no |
  1
3*2/ {rn {rn {f {o |
  1
Z1;r09r^ \VLr;>+> 
1001
ACAD_OBJECT_CHANGE_GUID
1070
     1
1071
1027258472
1070
  3220
1070
 16666
1070
   188
1070
   106
1070
   137
1070
    25
1070
   192
1070
    57
1070
    22
1070
   101
  0
HATCH
  5
E0
330
1F
100
AcDbEntity
  8
VIA_HOLES
 62
     7
100
AcDbHatch
 10
0.0
 20
0.0
 30
0.0
210
0.0
220
0.0
230
1.0
  2
SOLID
 70
     1
 71
     1
 91
        1
 92
        1
 93
        1
 72
     2
 10
33.67499996
 20
35.70002511999999
 40
0.1999996
 50
0.0
 51
360.0
 73
     1
 97
        1
330
DF
 75
     0
 76
     1
 98
        0
  0
REGION
  5
E1
102
{ACAD_REACTORS
330
E2
102
}
330
1F
100
AcDbEntity
  8
VIA_HOLES
 62
     7
100
AcDbModelerGeometry
 70
     1
  1
noi nn n o 
  1
=0;& {rn {no {rn {rn |
  1
/061+ {rn liqfikogfnlffffffm loqmmjojoolfffffff o |
  1
):-+:' {rn {k {n |
  1
:336/,:r<*-): {rn liqhikogfjlffffffl loqmmjojoolfffffff o o o n oqnfffffi o o n o o |
  1
:;8: {rn {m {m {j {l o |
  1
<0:;8: {rn {j {j {rn {k o {i {rn |
  1
300/ {rn {rn {j {g |
  1
/3>1:r,*-9><: {rn liqiikogfhlffffffk loqmmjojoolfffffff o o o n rn o o o o o o o |
  1
9><: {rn {rn {i {f {rn {h o n o |
  1
,7:33 {rn {rn {rn {g {no |
  1
3*2/ {rn {rn {f {o |
  1
Z1;r09r^ \VLr;>+> 
1001
ACAD_OBJECT_CHANGE_GUID
1070
     1
1071
271689962
1070
 -5003
1070
 19687
1070
   162
1070
   238
1070
    59
1070
    19
1070
   109
1070
     6
1070
   123
1070
    18
  0
HATCH
  5
E2
330
1F
100
AcDbEntity
  8
VIA_HOLES
 62
     7
100
AcDbHatch
 10
0.0
 20
0.0
 30
0.0
210
0.0
220
0.0
230
1.0
  2
SOLID
 70
     1
 71
     1
 91
        1
 92
        1
 93
        1
 72
     2
 10
36.76408953999999
 20
30.22505004
 40
0.1999996
 50
0.0
 51
360.0
 73
     1
 97
        1
330
E1
 75
     0
 76
     1
 98
        0
  0
REGION
  5
E3
102
{ACAD_REACTORS
330
E4
102
}
330
1F
100
AcDbEntity
  8
VIA_HOLES
 62
     7
100
AcDbModelerGeometry
 70
     1
  1
noi nn n o 
  1
=0;& {rn {no {rn {rn |
  1
/061+ {rn mfqgijigoigooooook mfqmhnomlkfffffffg o |
  1
):-+:' {rn {k {n |
  1
:336/,:r<*-): {rn mfqiijignogoooooom mfqmhnomlkfffffffg o o o n oqnfffffi o o n o o |
  1
:;8: {rn {m {m {j {l o |
  1
<0:;8: {rn {j {j {rn {k o {i {rn |
  1
300/ {rn {rn {j {g |
  1
/3>1:r,*-9><: {rn mfqjijignmgooooool mfqmhnomlkfffffffg o o o n rn o o o o o o o |
  1
9><: {rn {rn {i {f {rn {h o n o |
  1
,7:33 {rn {rn {rn {g {no |
  1
3*2/ {rn {rn {f {o |
  1
Z1;r09r^ \VLr;>+> 
1001
ACAD_OBJECT_CHANGE_GUID
1070
     1
1071
1161373005
1070
-22169
1070
 18952
1070
   155
1070
    16
1070
   223
1070
    28
1070
    80
1070
   166
1070
   110
1070
   150
  0
HATCH
  5
E4
330
1F
100
AcDbEntity
  8
VIA_HOLES
 62
     7
100
AcDbHatch
 10
0.0
 20
0.0
 30
0.0
210
0.0
220
0.0
230
1.0
  2
SOLID
 70
     1
 71
     1
 91
        1
 92
        1
 93
        1
 72
     2
 10
29.66568108
 20
29.2710235
 40
0.1999996
 50
0.0
 51
360.0
 73
     1
 97
        1
330
E3
 75
     0
 76
     1
 98
        0
  0
REGION
  5
E5
102
{ACAD_REACTORS
330
E6
102
}
330
1F
100
AcDbEntity
  8
VIA_HOLES
 62
     7
100
AcDbModelerGeometry
 70
     1
  1
noi nn n o 
  1
=0;& {rn {no {rn {rn |
  1
/061+ {rn mfqhkfffgfnfffffff mhqgmkfjjhhffffffi o |
  1
):-+:' {rn {k {n |
  1
:336/,:r<*-): {rn mfqjkfffflnffffffg mhqgmkfjjhhffffffi o o o n oqnfffffi o o n o o |
  1
:;8: {rn {m {m {j {l o |
  1
<0:;8: {rn {j {j {rn {k o {i {rn |
  1
300/ {rn {rn {j {g |
  1
/3>1:r,*-9><: {rn mfqkkffffjnfffffff mhqgmkfjjhhffffffi o o o n rn o o o o o o o |
  1
9><: {rn {rn {i {f {rn {h o n o |
  1
,7:33 {rn {rn {rn {g {no |
  1
3*2/ {rn {rn {f {o |
  1
Z1;r09r^ \VLr;>+> 
1001
ACAD_OBJECT_CHANGE_GUID
1070
     1
1071
242740383
1070
-14232
1070
 19827
1070
   144
1070
   197
1070
    62
1070
   172
1070
   138
1070
    41
1070
    36
1070
   168
  0
HATCH
  5
E6
330
1F
100
AcDbEntity
  8
VIA_HOLES
 62
     7
100
AcDbHatch
 10
0.0
 20
0.0
 30
0.0
210
0.0
220
0.0
230
1.0
  2
SOLID
 70
     1
 71
     1
 91
        1
 92
        1
 93
        1
 72
     2
 10
29.54999932
 20
27.82495578
 40
0.1999996
 50
0.0
 51
360.0
 73
     1
 97
        1
330
E5
 75
     0
 76
     1
 98
        0
  0
REGION
  5
E7
102
{ACAD_REACTORS
330
E8
102
}
330
1F
100
AcDbEntity
  8
VIA_HOLES
 62
     7
100
AcDbModelerGeometry
 70
     1
  1
noi nn n o 
  1
=0;& {rn {no {rn {rn |
  1
/061+ {rn loqhgmjhhkffffffff mhqgmkfjjhhffffffi o |
  1
):-+:' {rn {k {n |
  1
:336/,:r<*-): {rn loqjgmjhhgfffffffh mhqgmkfjjhhffffffi o o o n oqnfffffi o o n o o |
  1
:;8: {rn {m {m {j {l o |
  1
<0:;8: {rn {j {j {rn {k o {i {rn |
  1
300/ {rn {rn {j {g |
  1
/3>1:r,*-9><: {rn loqkgmjhgofffffffg mhqgmkfjjhhffffffi o o o n rn o o o o o o o |
  1
9><: {rn {rn {i {f {rn {h o n o |
  1
,7:33 {rn {rn {rn {g {no |
  1
3*2/ {rn {rn {f {o |
  1
Z1;r09r^ \VLr;>+> 
1001
ACAD_OBJECT_CHANGE_GUID
1070
     1
1071
-1294422301
1070
 12755
1070
 19215
1070
   142
1070
   150
1070
   181
1070
   252
1070
    11
1070
   155
1070
   253
1070
     9
  0
HATCH
  5
E8
330
1F
100
AcDbEntity
  8
VIA_HOLES
 62
     7
100
AcDbHatch
 10
0.0
 20
0.0
 30
0.0
210
0.0
220
0.0
230
1.0
  2
SOLID
 70
     1
 71
     1
 91
        1
 92
        1
 93
        1
 72
     2
 10
30.5825779
 20
27.82495578
 40
0.1999996
 50
0.0
 51
360.0
 73
     1
 97
        1
330
E7
 75
     0
 76
     1
 98
        0
  0
REGION
  5
E9
102
{ACAD_REACTORS
330
EA
102
}
330
1F
100
AcDbEntity
  8
VIA_HOLES
 62
     7
100
AcDbModelerGeometry
 70
     1
  1
noi nn n o 
  1
=0;& {rn {no {rn {rn |
  1
/061+ {rn mkqilkokonkooooool miqkmkkkjjooooooon o |
  1
):-+:' {rn {k {n |
  1
:336/,:r<*-): {rn mkqklkokojkoooooom miqkmkkkjjooooooon o o o n oqnfffffi o o n o o |
  1
:;8: {rn {m {m {j {l o |
  1
<0:;8: {rn {j {j {rn {k o {i {rn |
  1
300/ {rn {rn {j {g |
  1
/3>1:r,*-9><: {rn mkqllkokohkooooool miqkmkkkjjooooooon o o o n rn o o o o o o o |
  1
9><: {rn {rn {i {f {rn {h o n o |
  1
,7:33 {rn {rn {rn {g {no |
  1
3*2/ {rn {rn {f {o |
  1
Z1;r09r^ \VLr;>+> 
1001
ACAD_OBJECT_CHANGE_GUID
1070
     1
1071
-1886301642
1070
  7500
1070
 16637
1070
   182
1070
   242
1070
    71
1070
   107
1070
    53
1070
   146
1070
   172
1070
    22
  0
HATCH
  5
EA
330
1F
100
AcDbEntity
  8
VIA_HOLES
 62
     7
100
AcDbHatch
 10
0.0
 20
0.0
 30
0.0
210
0.0
220
0.0
230
1.0
  2
SOLID
 70
     1
 71
     1
 91
        1
 92
        1
 93
        1
 72
     2
 10
24.43404054
 20
26.4244455
 40
0.1999996
 50
0.0
 51
360.0
 73
     1
 97
        1
330
E9
 75
     0
 76
     1
 98
        0
  0
REGION
  5
EB
102
{ACAD_REACTORS
330
EC
102
}
330
1F
100
AcDbEntity
  8
VIA_HOLES
 62
     7
100
AcDbModelerGeometry
 70
     1
  1
noi nn n o 
  1
=0;& {rn {no {rn {rn |
  1
/061+ {rn mkqignnhhkioooooon mfqomjomkjooooooon o |
  1
):-+:' {rn {k {n |
  1
:336/,:r<*-): {rn mkqkgnnhhgjfffffff mfqomjomkjooooooon o o o n oqnfffffi o o n o o |
  1
:;8: {rn {m {m {j {l o |
  1
<0:;8: {rn {j {j {rn {k o {i {rn |
  1
300/ {rn {rn {j {g |
  1
/3>1:r,*-9><: {rn mkqlgnnhgoi mfqomjomkjooooooon o o o n rn o o o o o o o |
  1
9><: {rn {rn {i {f {rn {h o n o |
  1
,7:33 {rn {rn {rn {g {no |
  1
3*2/ {rn {rn {f {o |
  1
Z1;r09r^ \VLr;>+> 
1001
ACAD_OBJECT_CHANGE_GUID
1070
     1
1071
-2027024882
1070
-14157
1070
 20301
1070
   134
1070
    86
1070
    29
1070
    87
1070
   255
1070
   182
1070
    99
1070
   188
  0
HATCH
  5
EC
330
1F
100
AcDbEntity
  8
VIA_HOLES
 62
     7
100
AcDbHatch
 10
0.0
 20
0.0
 30
0.0
210
0.0
220
0.0
230
1.0
  2
SOLID
 70
     1
 71
     1
 91
        1
 92
        1
 93
        1
 72
     2
 10
24.48117786
 20
29.0250245
 40
0.1999996
 50
0.0
 51
360.0
 73
     1
 97
        1
330
EB
 75
     0
 76
     1
 98
        0
  0
REGION
  5
ED
102
{ACAD_REACTORS
330
EE
102
}
330
1F
100
AcDbEntity
  8
VIA_HOLES
 62
     7
100
AcDbModelerGeometry
 70
     1
  1
noi nn n o 
  1
=0;& {rn {no {rn {rn |
  1
/061+ {rn mjqghmimjkmoooooom lmqlofkmffnfffffff o |
  1
):-+:' {rn {k {n |
  1
:336/,:r<*-): {rn mjqihmimjgm lmqlofkmffnfffffff o o o n oqnfffffi o o n o o |
  1
:;8: {rn {m {m {j {l o |
  1
<0:;8: {rn {j {j {rn {k o {i {rn |
  1
300/ {rn {rn {j {g |
  1
/3>1:r,*-9><: {rn mjqjhmimiomoooooon lmqlofkmffnfffffff o o o n rn o o o o o o o |
  1
9><: {rn {rn {i {f {rn {h o n o |
  1
,7:33 {rn {rn {rn {g {no |
  1
3*2/ {rn {rn {f {o |
  1
Z1;r09r^ \VLr;>+> 
1001
ACAD_OBJECT_CHANGE_GUID
1070
     1
1071
1422986737
1070
 25159
1070
 18243
1070
   133
1070
   201
1070
   208
1070
   144
1070
   200
1070
   191
1070
   249
1070
    21
  0
HATCH
  5
EE
330
1F
100
AcDbEntity
  8
VIA_HOLES
 62
     7
100
AcDbHatch
 10
0.0
 20
0.0
 30
0.0
210
0.0
220
0.0
230
1.0
  2
SOLID
 70
     1
 71
     1
 91
        1
 92
        1
 93
        1
 72
     2
 10
25.67262582
 20
32.30942992
 40
0.1999996
 50
0.0
 51
360.0
 73
     1
 97
        1
330
ED
 75
     0
 76
     1
 98
        0
  0
REGION
  5
EF
102
{ACAD_REACTORS
330
F0
102
}
330
1F
100
AcDbEntity
  8
VIA_HOLES
 62
     7
100
AcDbModelerGeometry
 70
     1
  1
noi nn n o 
  1
=0;& {rn {no {rn {rn |
  1
/061+ {rn mhqhfiigjjgoooooom lkqmifomkigoooooon o |
  1
):-+:' {rn {k {n |
  1
:336/,:r<*-): {rn mhqjfiigjfg lkqmifomkigoooooon o o o n oqnfffffi o o n o o |
  1
:;8: {rn {m {m {j {l o |
  1
<0:;8: {rn {j {j {rn {k o {i {rn |
  1
300/ {rn {rn {j {g |
  1
/3>1:r,*-9><: {rn mhqkfiigingoooooon lkqmifomkigoooooon o o o n rn o o o o o o o |
  1
9><: {rn {rn {i {f {rn {h o n o |
  1
,7:33 {rn {rn {rn {g {no |
  1
3*2/ {rn {rn {f {o |
  1
Z1;r09r^ \VLr;>+> 
1001
ACAD_OBJECT_CHANGE_GUID
1070
     1
1071
-43463272
1070
 22062
1070
 19539
1070
   161
1070
   102
1070
   153
1070
   195
1070
    40
1070
    67
1070
   142
1070
   177
  0
HATCH
  5
F0
330
1F
100
AcDbEntity
  8
VIA_HOLES
 62
     7
100
AcDbHatch
 10
0.0
 20
0.0
 30
0.0
210
0.0
220
0.0
230
1.0
  2
SOLID
 70
     1
 71
     1
 91
        1
 92
        1
 93
        1
 72
     2
 10
27.59668598
 20
34.26902468
 40
0.1999996
 50
0.0
 51
360.0
 73
     1
 97
        1
330
EF
 75
     0
 76
     1
 98
        0
  0
REGION
  5
F1
102
{ACAD_REACTORS
330
F2
102
}
330
1F
100
AcDbEntity
  8
VIA_HOLES
 62
     7
100
AcDbModelerGeometry
 70
     1
  1
noi nn n o 
  1
=0;& {rn {no {rn {rn |
  1
/061+ {rn jfqnjooonogooooool kgqngfgfofnffffffi o |
  1
):-+:' {rn {k {n |
  1
:336/,:r<*-): {rn jgqfjooonkgooooooj kgqngfgfofnffffffi o o o n oqnfffffi o o n o o |
  1
:;8: {rn {m {m {j {l o |
  1
<0:;8: {rn {j {j {rn {k o {i {rn |
  1
300/ {rn {rn {j {g |
  1
/3>1:r,*-9><: {rn jgqgjooonigooooooj kgqngfgfofnffffffi o o o n rn o o o o o o o |
  1
9><: {rn {rn {i {f {rn {h o n o |
  1
,7:33 {rn {rn {rn {g {no |
  1
3*2/ {rn {rn {f {o |
  1
Z1;r09r^ \VLr;>+> 
1001
ACAD_OBJECT_CHANGE_GUID
1070
     1
1071
-224540665
1070
 11568
1070
 20151
1070
   180
1070
    70
1070
    16
1070
   119
1070
   189
1070
   194
1070
   222
1070
   200
  0
HATCH
  5
F2
330
1F
100
AcDbEntity
  8
VIA_HOLES
 62
     7
100
AcDbHatch
 10
0.0
 20
0.0
 30
0.0
210
0.0
220
0.0
230
1.0
  2
SOLID
 70
     1
 71
     1
 91
        1
 92
        1
 93
        1
 72
     2
 10
58.95000148
 20
48.18989092
 40
0.1999996
 50
0.0
 51
360.0
 73
     1
 97
        1
330
F1
 75
     0
 76
     1
 98
        0
  0
REGION
  5
F3
102
{ACAD_REACTORS
330
F4
102
}
330
1F
100
AcDbEntity
  8
VIA_HOLES
 62
     7
100
AcDbModelerGeometry
 70
     1
  1
noi nn n o 
  1
=0;& {rn {no {rn {rn |
  1
/061+ {rn jfqnjooonogooooool klqmooomjljffffffg o |
  1
):-+:' {rn {k {n |
  1
:336/,:r<*-): {rn jgqfjooonkgooooooj klqmooomjljffffffg o o o n oqnfffffi o o n o o |
  1
:;8: {rn {m {m {j {l o |
  1
<0:;8: {rn {j {j {rn {k o {i {rn |
  1
300/ {rn {rn {j {g |
  1
/3>1:r,*-9><: {rn jgqgjooonigooooooj klqmooomjljffffffg o o o n rn o o o o o o o |
  1
9><: {rn {rn {i {f {rn {h o n o |
  1
,7:33 {rn {rn {rn {g {no |
  1
3*2/ {rn {rn {f {o |
  1
Z1;r09r^ \VLr;>+> 
1001
ACAD_OBJECT_CHANGE_GUID
1070
     1
1071
1310113704
1070
-23321
1070
 16641
1070
   130
1070
    82
1070
    73
1070
   234
1070
    11
1070
   193
1070
    21
1070
   246
  0
HATCH
  5
F4
330
1F
100
AcDbEntity
  8
VIA_HOLES
 62
     7
100
AcDbHatch
 10
0.0
 20
0.0
 30
0.0
210
0.0
220
0.0
230
1.0
  2
SOLID
 70
     1
 71
     1
 91
        1
 92
        1
 93
        1
 72
     2
 10
58.95000148
 20
43.20002536
 40
0.1999996
 50
0.0
 51
360.0
 73
     1
 97
        1
330
F3
 75
     0
 76
     1
 98
        0
  0
REGION
  5
F5
102
{ACAD_REACTORS
330
F6
102
}
330
1F
100
AcDbEntity
  8
VIA_HOLES
 62
     7
100
AcDbModelerGeometry
 70
     1
  1
noi nn n o 
  1
=0;& {rn {no {rn {rn |
  1
/061+ {rn jfqmooooofhfffffff lgqnoghiokjfffffff o |
  1
):-+:' {rn {k {n |
  1
:336/,:r<*-): {rn jfqooooonlg lgqnoghiokjfffffff o o o n oqnfffffi o o n o o |
  1
:;8: {rn {m {m {j {l o |
  1
<0:;8: {rn {j {j {rn {k o {i {rn |
  1
300/ {rn {rn {j {g |
  1
/3>1:r,*-9><: {rn jgqfoooonjgoooooon lgqnoghiokjfffffff o o o n rn o o o o o o o |
  1
9><: {rn {rn {i {f {rn {h o n o |
  1
,7:33 {rn {rn {rn {g {no |
  1
3*2/ {rn {rn {f {o |
  1
Z1;r09r^ \VLr;>+> 
1001
ACAD_OBJECT_CHANGE_GUID
1070
     1
1071
797897812
1070
 -4037
1070
 17628
1070
   170
1070
   144
1070
    98
1070
   214
1070
    58
1070
   150
1070
    89
1070
   235
  0
HATCH
  5
F6
330
1F
100
AcDbEntity
  8
VIA_HOLES
 62
     7
100
AcDbHatch
 10
0.0
 20
0.0
 30
0.0
210
0.0
220
0.0
230
1.0
  2
SOLID
 70
     1
 71
     1
 91
        1
 92
        1
 93
        1
 72
     2
 10
59.00000138
 20
38.10876046
 40
0.1999996
 50
0.0
 51
360.0
 73
     1
 97
        1
330
F5
 75
     0
 76
     1
 98
        0
  0
REGION
  5
F7
102
{ACAD_REACTORS
330
F8
102
}
330
1F
100
AcDbEntity
  8
VIA_HOLES
 62
     7
100
AcDbModelerGeometry
 70
     1
  1
noi nn n o 
  1
=0;& {rn {no {rn {rn |
  1
/061+ {rn jfqnjooonogooooool llqmooomjok o |
  1
):-+:' {rn {k {n |
  1
:336/,:r<*-): {rn jgqfjooonkgooooooj llqmooomjok o o o n oqnfffffi o o n o o |
  1
:;8: {rn {m {m {j {l o |
  1
<0:;8: {rn {j {j {rn {k o {i {rn |
  1
300/ {rn {rn {j {g |
  1
/3>1:r,*-9><: {rn jgqgjooonigooooooj llqmooomjok o o o n rn o o o o o o o |
  1
9><: {rn {rn {i {f {rn {h o n o |
  1
,7:33 {rn {rn {rn {g {no |
  1
3*2/ {rn {rn {f {o |
  1
Z1;r09r^ \VLr;>+> 
1001
ACAD_OBJECT_CHANGE_GUID
1070
     1
1071
-1254853868
1070
-19497
1070
 19850
1070
   156
1070
   184
1070
   209
1070
   229
1070
   134
1070
    12
1070
   105
1070
   180
  0
HATCH
  5
F8
330
1F
100
AcDbEntity
  8
VIA_HOLES
 62
     7
100
AcDbHatch
 10
0.0
 20
0.0
 30
0.0
210
0.0
220
0.0
230
1.0
  2
SOLID
 70
     1
 71
     1
 91
        1
 92
        1
 93
        1
 72
     2
 10
58.95000148
 20
33.20002504
 40
0.1999996
 50
0.0
 51
360.0
 73
     1
 97
        1
330
F7
 75
     0
 76
     1
 98
        0
  0
REGION
  5
F9
102
{ACAD_REACTORS
330
FA
102
}
330
1F
100
AcDbEntity
  8
VIA_HOLES
 62
     7
100
AcDbModelerGeometry
 70
     1
  1
noi nn n o 
  1
=0;& {rn {no {rn {rn |
  1
/061+ {rn jfqoffffgilffffffj mgqlnihnhjjffffffh o |
  1
):-+:' {rn {k {n |
  1
:336/,:r<*-): {rn jgqgfffffolffffffh mgqlnihnhjjffffffh o o o n oqnfffffi o o n o o |
  1
:;8: {rn {m {m {j {l o |
  1
<0:;8: {rn {j {j {rn {k o {i {rn |
  1
300/ {rn {rn {j {g |
  1
/3>1:r,*-9><: {rn jgqhfffffmlffffffg mgqlnihnhjjffffffh o o o n rn o o o o o o o |
  1
9><: {rn {rn {i {f {rn {h o n o |
  1
,7:33 {rn {rn {rn {g {no |
  1
3*2/ {rn {rn {f {o |
  1
Z1;r09r^ \VLr;>+> 
1001
ACAD_OBJECT_CHANGE_GUID
1070
     1
1071
1454218078
1070
 -8010
1070
 18446
1070
   178
1070
    16
1070
    28
1070
   205
1070
    76
1070
   233
1070
    39
1070
    16
  0
HATCH
  5
FA
330
1F
100
AcDbEntity
  8
VIA_HOLES
 62
     7
100
AcDbHatch
 10
0.0
 20
0.0
 30
0.0
210
0.0
220
0.0
230
1.0
  2
SOLID
 70
     1
 71
     1
 91
        1
 92
        1
 93
        1
 72
     2
 10
58.89999904
 20
28.31671756
 40
0.1999996
 50
0.0
 51
360.0
 73
     1
 97
        1
330
F9
 75
     0
 76
     1
 98
        0
  0
REGION
  5
FB
102
{ACAD_REACTORS
330
FC
102
}
330
1F
100
AcDbEntity
  8
VIA_HOLES
 62
     7
100
AcDbModelerGeometry
 70
     1
  1
noi nn n o 
  1
=0;& {rn {no {rn {rn |
  1
/061+ {rn jfqnjooonogooooool mlqmjfkmminfffffff o |
  1
):-+:' {rn {k {n |
  1
:336/,:r<*-): {rn jgqfjooonkgooooooj mlqmjfkmminfffffff o o o n oqnfffffi o o n o o |
  1
:;8: {rn {m {m {j {l o |
  1
<0:;8: {rn {j {j {rn {k o {i {rn |
  1
300/ {rn {rn {j {g |
  1
/3>1:r,*-9><: {rn jgqgjooonigooooooj mlqmjfkmminfffffff o o o n rn o o o o o o o |
  1
9><: {rn {rn {i {f {rn {h o n o |
  1
,7:33 {rn {rn {rn {g {no |
  1
3*2/ {rn {rn {f {o |
  1
Z1;r09r^ \VLr;>+> 
1001
ACAD_OBJECT_CHANGE_GUID
1070
     1
1071
894333440
1070
 27268
1070
 19763
1070
   157
1070
    23
1070
   142
1070
   123
1070
   179
1070
   174
1070
   174
1070
    56
  0
HATCH
  5
FC
330
1F
100
AcDbEntity
  8
VIA_HOLES
 62
     7
100
AcDbHatch
 10
0.0
 20
0.0
 30
0.0
210
0.0
220
0.0
230
1.0
  2
SOLID
 70
     1
 71
     1
 91
        1
 92
        1
 93
        1
 72
     2
 10
58.95000148
 20
23.25942262
 40
0.1999996
 50
0.0
 51
360.0
 73
     1
 97
        1
330
FB
 75
     0
 76
     1
 98
        0
  0
REGION
  5
FD
102
{ACAD_REACTORS
330
FE
102
}
330
1F
100
AcDbEntity
  8
VIA_HOLES
 62
     7
100
AcDbModelerGeometry
 70
     1
  1
noi nn n o 
  1
=0;& {rn {no {rn {rn |
  1
/061+ {rn jfqoffffgilffffffj ngqljoomihfffffffg o |
  1
):-+:' {rn {k {n |
  1
:336/,:r<*-): {rn jgqgfffffolffffffh ngqljoomihfffffffg o o o n oqnfffffi o o n o o |
  1
:;8: {rn {m {m {j {l o |
  1
<0:;8: {rn {j {j {rn {k o {i {rn |
  1
300/ {rn {rn {j {g |
  1
/3>1:r,*-9><: {rn jgqhfffffmlffffffg ngqljoomihfffffffg o o o n rn o o o o o o o |
  1
9><: {rn {rn {i {f {rn {h o n o |
  1
,7:33 {rn {rn {rn {g {no |
  1
3*2/ {rn {rn {f {o |
  1
Z1;r09r^ \VLr;>+> 
1001
ACAD_OBJECT_CHANGE_GUID
1070
     1
1071
-595125941
1070
-14040
1070
 19157
1070
   138
1070
   162
1070
    83
1070
    92
1070
    56
1070
   173
1070
   243
1070
   115
  0
HATCH
  5
FE
330
1F
100
AcDbEntity
  8
VIA_HOLES
 62
     7
100
AcDbHatch
 10
0.0
 20
0.0
 30
0.0
210
0.0
220
0.0
230
1.0
  2
SOLID
 70
     1
 71
     1
 91
        1
 92
        1
 93
        1
 72
     2
 10
58.89999904
 20
18.3500268
 40
0.1999996
 50
0.0
 51
360.0
 73
     1
 97
        1
330
FD
 75
     0
 76
     1
 98
        0
  0
REGION
  5
FF
102
{ACAD_REACTORS
330
100
102
}
330
1F
100
AcDbEntity
  8
VIA_HOLES
 62
     7
100
AcDbModelerGeometry
 70
     1
  1
noi nn n o 
  1
=0;& {rn {no {rn {rn |
  1
/061+ {rn jfqnjooonogooooool nlqnjoomholfffffff o |
  1
):-+:' {rn {k {n |
  1
:336/,:r<*-): {rn jgqfjooonkgooooooj nlqnjoomholfffffff o o o n oqnfffffi o o n o o |
  1
:;8: {rn {m {m {j {l o |
  1
<0:;8: {rn {j {j {rn {k o {i {rn |
  1
300/ {rn {rn {j {g |
  1
/3>1:r,*-9><: {rn jgqgjooonigooooooj nlqnjoomholfffffff o o o n rn o o o o o o o |
  1
9><: {rn {rn {i {f {rn {h o n o |
  1
,7:33 {rn {rn {rn {g {no |
  1
3*2/ {rn {rn {f {o |
  1
Z1;r09r^ \VLr;>+> 
1001
ACAD_OBJECT_CHANGE_GUID
1070
     1
1071
1159070609
1070
-16913
1070
 19401
1070
   184
1070
   251
1070
   184
1070
    91
1070
   207
1070
   207
1070
     9
1070
   216
  0
HATCH
  5
100
330
1F
100
AcDbEntity
  8
VIA_HOLES
 62
     7
100
AcDbHatch
 10
0.0
 20
0.0
 30
0.0
210
0.0
220
0.0
230
1.0
  2
SOLID
 70
     1
 71
     1
 91
        1
 92
        1
 93
        1
 72
     2
 10
58.95000148
 20
13.15002704
 40
0.1999996
 50
0.0
 51
360.0
 73
     1
 97
        1
330
FF
 75
     0
 76
     1
 98
        0
  0
REGION
  5
101
102
{ACAD_REACTORS
330
102
102
}
330
1F
100
AcDbEntity
  8
VIA_HOLES
 62
     7
100
AcDbModelerGeometry
 70
     1
  1
noi nn n o 
  1
=0;& {rn {no {rn {rn |
  1
/061+ {rn jfqokfffghlffffffm hqfokomjllfffffffi o |
  1
):-+:' {rn {k {n |
  1
:336/,:r<*-): {rn jgqgkffffnlffffffk hqfokomjllfffffffi o o o n oqnfffffi o o n o o |
  1
:;8: {rn {m {m {j {l o |
  1
<0:;8: {rn {j {j {rn {k o {i {rn |
  1
300/ {rn {rn {j {g |
  1
/3>1:r,*-9><: {rn jgqhkffffllffffffj hqfokomjlkoooooooj o o o n rn o o o o o o o |
  1
9><: {rn {rn {i {f {rn {h o n o |
  1
,7:33 {rn {rn {rn {g {no |
  1
3*2/ {rn {rn {f {o |
  1
Z1;r09r^ \VLr;>+> 
1001
ACAD_OBJECT_CHANGE_GUID
1070
     1
1071
-891868155
1070
 30326
1070
 16645
1070
   156
1070
    14
1070
   241
1070
    53
1070
   238
1070
   228
1070
     3
1070
   188
  0
HATCH
  5
102
330
1F
100
AcDbEntity
  8
VIA_HOLES
 62
     7
100
AcDbHatch
 10
0.0
 20
0.0
 30
0.0
210
0.0
220
0.0
230
1.0
  2
SOLID
 70
     1
 71
     1
 91
        1
 92
        1
 93
        1
 72
     2
 10
58.84999913999999
 20
7.90402534
 40
0.1999996
 50
0.0
 51
360.0
 73
     1
 97
        1
330
101
 75
     0
 76
     1
 98
        0
  0
REGION
  5
103
102
{ACAD_REACTORS
330
104
102
}
330
1F
100
AcDbEntity
  8
VIA_HOLES
 62
     7
100
AcDbModelerGeometry
 70
     1
  1
noi nn n o 
  1
=0;& {rn {no {rn {rn |
  1
/061+ {rn jfqmooooofhfffffff lqgooomjknffffffff o |
  1
):-+:' {rn {k {n |
  1
:336/,:r<*-): {rn jfqooooonlg lqgooomjknffffffff o o o n oqnfffffi o o n o o |
  1
:;8: {rn {m {m {j {l o |
  1
<0:;8: {rn {j {j {rn {k o {i {rn |
  1
300/ {rn {rn {j {g |
  1
/3>1:r,*-9><: {rn jgqfoooonjgoooooon lqgooomjknffffffff o o o n rn o o o o o o o |
  1
9><: {rn {rn {i {f {rn {h o n o |
  1
,7:33 {rn {rn {rn {g {no |
  1
3*2/ {rn {rn {f {o |
  1
Z1;r09r^ \VLr;>+> 
1001
ACAD_OBJECT_CHANGE_GUID
1070
     1
1071
-1588292462
1070
-26733
1070
 17458
1070
   145
1070
   226
1070
    77
1070
   164
1070
    41
1070
   128
1070
    33
1070
   160
  0
HATCH
  5
104
330
1F
100
AcDbEntity
  8
VIA_HOLES
 62
     7
100
AcDbHatch
 10
0.0
 20
0.0
 30
0.0
210
0.0
220
0.0
230
1.0
  2
SOLID
 70
     1
 71
     1
 91
        1
 92
        1
 93
        1
 72
     2
 10
59.00000138
 20
3.80002542
 40
0.1999996
 50
0.0
 51
360.0
 73
     1
 97
        1
330
103
 75
     0
 76
     1
 98
        0
  0
REGION
  5
105
102
{ACAD_REACTORS
330
106
102
}
330
1F
100
AcDbEntity
  8
VIA_HOLES
 62
     7
100
AcDbModelerGeometry
 70
     1
  1
noi nn n o 
  1
=0;& {rn {no {rn {rn |
  1
/061+ {rn joqhifgmhllffffffm lqoiogoknkooooooon o |
  1
):-+:' {rn {k {n |
  1
:336/,:r<*-): {rn joqjifgmhhlffffffk lqoiogoknkooooooon o o o n oqnfffffi o o n o o |
  1
:;8: {rn {m {m {j {l o |
  1
<0:;8: {rn {j {j {rn {k o {i {rn |
  1
300/ {rn {rn {j {g |
  1
/3>1:r,*-9><: {rn joqkifgmhflffffffj lqoiogoknkooooooon o o o n rn o o o o o o o |
  1
9><: {rn {rn {i {f {rn {h o n o |
  1
,7:33 {rn {rn {rn {g {no |
  1
3*2/ {rn {rn {f {o |
  1
Z1;r09r^ \VLr;>+> 
1001
ACAD_OBJECT_CHANGE_GUID
1070
     1
1071
-1547313855
1070
 30154
1070
 19683
1070
   153
1070
   245
1070
   215
1070
    65
1070
    98
1070
   246
1070
   124
1070
   126
  0
HATCH
  5
106
330
1F
100
AcDbEntity
  8
VIA_HOLES
 62
     7
100
AcDbHatch
 10
0.0
 20
0.0
 30
0.0
210
0.0
220
0.0
230
1.0
  2
SOLID
 70
     1
 71
     1
 91
        1
 92
        1
 93
        1
 72
     2
 10
50.56982773999999
 20
3.06080414
 40
0.1999996
 50
0.0
 51
360.0
 73
     1
 97
        1
330
105
 75
     0
 76
     1
 98
        0
  0
REGION
  5
107
102
{ACAD_REACTORS
330
108
102
}
330
1F
100
AcDbEntity
  8
VIA_HOLES
 62
     7
100
AcDbModelerGeometry
 70
     1
  1
noi nn n o 
  1
=0;& {rn {no {rn {rn |
  1
/061+ {rn joqmgfiofgjffffffm oqgooomillffffffffj o |
  1
):-+:' {rn {k {n |
  1
:336/,:r<*-): {rn joqogfinomjffffffk oqgooomillffffffffj o o o n oqnfffffi o o n o o |
  1
:;8: {rn {m {m {j {l o |
  1
<0:;8: {rn {j {j {rn {k o {i {rn |
  1
300/ {rn {rn {j {g |
  1
/3>1:r,*-9><: {rn kfqfgfinokjffffffk oqgooomilkooooooooi o o o n rn o o o o o o o |
  1
9><: {rn {rn {i {f {rn {h o n o |
  1
,7:33 {rn {rn {rn {g {no |
  1
3*2/ {rn {rn {f {o |
  1
Z1;r09r^ \VLr;>+> 
1001
ACAD_OBJECT_CHANGE_GUID
1070
     1
1071
1833125477
1070
  8624
1070
 20218
1070
   175
1070
    82
1070
   153
1070
    66
1070
    44
1070
   149
1070
   177
1070
    44
  0
HATCH
  5
108
330
1F
100
AcDbEntity
  8
VIA_HOLES
 62
     7
100
AcDbHatch
 10
0.0
 20
0.0
 30
0.0
210
0.0
220
0.0
230
1.0
  2
SOLID
 70
     1
 71
     1
 91
        1
 92
        1
 93
        1
 72
     2
 10
50.08961025999999
 20
0.80002634
 40
0.1999996
 50
0.0
 51
360.0
 73
     1
 97
        1
330
107
 75
     0
 76
     1
 98
        0
  0
REGION
  5
109
102
{ACAD_REACTORS
330
10A
102
}
330
1F
100
AcDbEntity
  8
VIA_HOLES
 62
     7
100
AcDbModelerGeometry
 70
     1
  1
noi nn n o 
  1
=0;& {rn {no {rn {rn |
  1
/061+ {rn jnqimolojiffffffgf oqgooomillffffffffj o |
  1
):-+:' {rn {k {n |
  1
:336/,:r<*-): {rn jnqkmoloiofffffffn oqgooomillffffffffj o o o n oqnfffffi o o n o o |
  1
:;8: {rn {m {m {j {l o |
  1
<0:;8: {rn {j {j {rn {k o {i {rn |
  1
300/ {rn {rn {j {g |
  1
/3>1:r,*-9><: {rn jnqlmoloimfffffffn oqgooomilkooooooooi o o o n rn o o o o o o o |
  1
9><: {rn {rn {i {f {rn {h o n o |
  1
,7:33 {rn {rn {rn {g {no |
  1
3*2/ {rn {rn {f {o |
  1
Z1;r09r^ \VLr;>+> 
1001
ACAD_OBJECT_CHANGE_GUID
1070
     1
1071
1884513173
1070
 11344
1070
 20235
1070
   150
1070
   158
1070
    14
1070
   163
1070
   160
1070
     8
1070
   112
1070
    52
  0
HATCH
  5
10A
330
1F
100
AcDbEntity
  8
VIA_HOLES
 62
     7
100
AcDbHatch
 10
0.0
 20
0.0
 30
0.0
210
0.0
220
0.0
230
1.0
  2
SOLID
 70
     1
 71
     1
 91
        1
 92
        1
 93
        1
 72
     2
 10
51.42030609999999
 20
0.80002634
 40
0.1999996
 50
0.0
 51
360.0
 73
     1
 97
        1
330
109
 75
     0
 76
     1
 98
        0
  0
REGION
  5
10B
102
{ACAD_REACTORS
330
10C
102
}
330
1F
100
AcDbEntity
  8
VIA_HOLES
 62
     7
100
AcDbModelerGeometry
 70
     1
  1
noi nn n o 
  1
=0;& {rn {no {rn {rn |
  1
/061+ {rn jkqnmolojhgoooooom oqgooomillffffffffj o |
  1
):-+:' {rn {k {n |
  1
:336/,:r<*-): {rn jlqfmoloingooooook oqgooomillffffffffj o o o n oqnfffffi o o n o o |
  1
:;8: {rn {m {m {j {l o |
  1
<0:;8: {rn {j {j {rn {k o {i {rn |
  1
300/ {rn {rn {j {g |
  1
/3>1:r,*-9><: {rn jlqgmoloilgooooooj oqgooomilkooooooooi o o o n rn o o o o o o o |
  1
9><: {rn {rn {i {f {rn {h o n o |
  1
,7:33 {rn {rn {rn {g {no |
  1
3*2/ {rn {rn {f {o |
  1
Z1;r09r^ \VLr;>+> 
1001
ACAD_OBJECT_CHANGE_GUID
1070
     1
1071
-1193925703
1070
 13234
1070
 17334
1070
   188
1070
    14
1070
    76
1070
    95
1070
    93
1070
    53
1070
    72
1070
   217
  0
HATCH
  5
10C
330
1F
100
AcDbEntity
  8
VIA_HOLES
 62
     7
100
AcDbHatch
 10
0.0
 20
0.0
 30
0.0
210
0.0
220
0.0
230
1.0
  2
SOLID
 70
     1
 71
     1
 91
        1
 92
        1
 93
        1
 72
     2
 10
53.92030618
 20
0.80002634
 40
0.1999996
 50
0.0
 51
360.0
 73
     1
 97
        1
330
10B
 75
     0
 76
     1
 98
        0
  0
REGION
  5
10D
102
{ACAD_REACTORS
330
10E
102
}
330
1F
100
AcDbEntity
  8
VIA_HOLES
 62
     7
100
AcDbModelerGeometry
 70
     1
  1
noi nn n o 
  1
=0;& {rn {no {rn {rn |
  1
/061+ {rn jiqimolojgjffffffj oqgooomillffffffffj o |
  1
):-+:' {rn {k {n |
  1
:336/,:r<*-): {rn jiqkmoloimjffffffh oqgooomillffffffffj o o o n oqnfffffi o o n o o |
  1
:;8: {rn {m {m {j {l o |
  1
<0:;8: {rn {j {j {rn {k o {i {rn |
  1
300/ {rn {rn {j {g |
  1
/3>1:r,*-9><: {rn jiqlmoloikjffffffg oqgooomilkooooooooi o o o n rn o o o o o o o |
  1
9><: {rn {rn {i {f {rn {h o n o |
  1
,7:33 {rn {rn {rn {g {no |
  1
3*2/ {rn {rn {f {o |
  1
Z1;r09r^ \VLr;>+> 
1001
ACAD_OBJECT_CHANGE_GUID
1070
     1
1071
1231230737
1070
-11762
1070
 16681
1070
   136
1070
   102
1070
   213
1070
   196
1070
    76
1070
    63
1070
   243
1070
    46
  0
HATCH
  5
10E
330
1F
100
AcDbEntity
  8
VIA_HOLES
 62
     7
100
AcDbHatch
 10
0.0
 20
0.0
 30
0.0
210
0.0
220
0.0
230
1.0
  2
SOLID
 70
     1
 71
     1
 91
        1
 92
        1
 93
        1
 72
     2
 10
56.42030626
 20
0.80002634
 40
0.1999996
 50
0.0
 51
360.0
 73
     1
 97
        1
330
10D
 75
     0
 76
     1
 98
        0
  0
REGION
  5
10F
102
{ACAD_REACTORS
330
110
102
}
330
1F
100
AcDbEntity
  8
VIA_HOLES
 62
     7
100
AcDbModelerGeometry
 70
     1
  1
noi nn n o 
  1
=0;& {rn {no {rn {rn |
  1
/061+ {rn jfqnmolojflffffffk oqgooomillffffffffj o |
  1
):-+:' {rn {k {n |
  1
:336/,:r<*-): {rn jgqfmoloillffffffi oqgooomillffffffffj o o o n oqnfffffi o o n o o |
  1
:;8: {rn {m {m {j {l o |
  1
<0:;8: {rn {j {j {rn {k o {i {rn |
  1
300/ {rn {rn {j {g |
  1
/3>1:r,*-9><: {rn jgqgmoloijlffffffh oqgooomilkooooooooi o o o n rn o o o o o o o |
  1
9><: {rn {rn {i {f {rn {h o n o |
  1
,7:33 {rn {rn {rn {g {no |
  1
3*2/ {rn {rn {f {o |
  1
Z1;r09r^ \VLr;>+> 
1001
ACAD_OBJECT_CHANGE_GUID
1070
     1
1071
-2127102253
1070
 26523
1070
 20126
1070
   165
1070
     5
1070
   166
1070
   119
1070
   249
1070
    58
1070
   154
1070
   248
  0
HATCH
  5
110
330
1F
100
AcDbEntity
  8
VIA_HOLES
 62
     7
100
AcDbHatch
 10
0.0
 20
0.0
 30
0.0
210
0.0
220
0.0
230
1.0
  2
SOLID
 70
     1
 71
     1
 91
        1
 92
        1
 93
        1
 72
     2
 10
58.92030634
 20
0.80002634
 40
0.1999996
 50
0.0
 51
360.0
 73
     1
 97
        1
330
10F
 75
     0
 76
     1
 98
        0
  0
REGION
  5
111
102
{ACAD_REACTORS
330
112
102
}
330
1F
100
AcDbEntity
  8
VIA_HOLES
 62
     7
100
AcDbModelerGeometry
 70
     1
  1
noi nn n o 
  1
=0;& {rn {no {rn {rn |
  1
/061+ {rn liqgmjoonmhffffffj oqgooomillffffffffj o |
  1
):-+:' {rn {k {n |
  1
:336/,:r<*-): {rn liqimjoonihffffffh oqgooomillffffffffj o o o n oqnfffffi o o n o o |
  1
:;8: {rn {m {m {j {l o |
  1
<0:;8: {rn {j {j {rn {k o {i {rn |
  1
300/ {rn {rn {j {g |
  1
/3>1:r,*-9><: {rn liqjmjoonghffffffg oqgooomilkooooooooi o o o n rn o o o o o o o |
  1
9><: {rn {rn {i {f {rn {h o n o |
  1
,7:33 {rn {rn {rn {g {no |
  1
3*2/ {rn {rn {f {o |
  1
Z1;r09r^ \VLr;>+> 
1001
ACAD_OBJECT_CHANGE_GUID
1070
     1
1071
-1267793676
1070
 21032
1070
 20314
1070
   137
1070
    53
1070
    25
1070
   116
1070
   182
1070
    82
1070
   134
1070
    48
  0
HATCH
  5
112
330
1F
100
AcDbEntity
  8
VIA_HOLES
 62
     7
100
AcDbHatch
 10
0.0
 20
0.0
 30
0.0
210
0.0
220
0.0
230
1.0
  2
SOLID
 70
     1
 71
     1
 91
        1
 92
        1
 93
        1
 72
     2
 10
36.62500168
 20
0.80002634
 40
0.1999996
 50
0.0
 51
360.0
 73
     1
 97
        1
330
111
 75
     0
 76
     1
 98
        0
  0
REGION
  5
113
102
{ACAD_REACTORS
330
114
102
}
330
1F
100
AcDbEntity
  8
VIA_HOLES
 62
     7
100
AcDbModelerGeometry
 70
     1
  1
noi nn n o 
  1
=0;& {rn {no {rn {rn |
  1
/061+ {rn lkqkfmkjoiffffffff oqgooomillffffffffj o |
  1
):-+:' {rn {k {n |
  1
:336/,:r<*-): {rn lkqmfmkjnnooooooon oqgooomillffffffffj o o o n oqnfffffi o o n o o |
  1
:;8: {rn {m {m {j {l o |
  1
<0:;8: {rn {j {j {rn {k o {i {rn |
  1
300/ {rn {rn {j {g |
  1
/3>1:r,*-9><: {rn lkqnfmkjnlooooooom oqgooomilkooooooooi o o o n rn o o o o o o o |
  1
9><: {rn {rn {i {f {rn {h o n o |
  1
,7:33 {rn {rn {rn {g {no |
  1
3*2/ {rn {rn {f {o |
  1
Z1;r09r^ \VLr;>+> 
1001
ACAD_OBJECT_CHANGE_GUID
1070
     1
1071
-1118951571
1070
 -6739
1070
 17609
1070
   149
1070
   247
1070
    71
1070
   113
1070
    32
1070
    71
1070
   150
1070
   128
  0
HATCH
  5
114
330
1F
100
AcDbEntity
  8
VIA_HOLES
 62
     7
100
AcDbHatch
 10
0.0
 20
0.0
 30
0.0
210
0.0
220
0.0
230
1.0
  2
SOLID
 70
     1
 71
     1
 91
        1
 92
        1
 93
        1
 72
     2
 10
34.2924511
 20
0.80002634
 40
0.1999996
 50
0.0
 51
360.0
 73
     1
 97
        1
330
113
 75
     0
 76
     1
 98
        0
  0
REGION
  5
115
102
{ACAD_REACTORS
330
116
102
}
330
1F
100
AcDbEntity
  8
VIA_HOLES
 62
     7
100
AcDbModelerGeometry
 70
     1
  1
noi nn n o 
  1
=0;& {rn {no {rn {rn |
  1
/061+ {rn lnqffmkjoim oqgooomillffffffffj o |
  1
):-+:' {rn {k {n |
  1
:336/,:r<*-): {rn lnqhfmkjnonffffffg oqgooomillffffffffj o o o n oqnfffffi o o n o o |
  1
:;8: {rn {m {m {j {l o |
  1
<0:;8: {rn {j {j {rn {k o {i {rn |
  1
300/ {rn {rn {j {g |
  1
/3>1:r,*-9><: {rn lnqifmkjnmnfffffff oqgooomilkooooooooi o o o n rn o o o o o o o |
  1
9><: {rn {rn {i {f {rn {h o n o |
  1
,7:33 {rn {rn {rn {g {no |
  1
3*2/ {rn {rn {f {o |
  1
Z1;r09r^ \VLr;>+> 
1001
ACAD_OBJECT_CHANGE_GUID
1070
     1
1071
-686351181
1070
-13952
1070
 19329
1070
   170
1070
   219
1070
    21
1070
    16
1070
   242
1070
    42
1070
    53
1070
   228
  0
HATCH
  5
116
330
1F
100
AcDbEntity
  8
VIA_HOLES
 62
     7
100
AcDbHatch
 10
0.0
 20
0.0
 30
0.0
210
0.0
220
0.0
230
1.0
  2
SOLID
 70
     1
 71
     1
 91
        1
 92
        1
 93
        1
 72
     2
 10
31.79245102
 20
0.80002634
 40
0.1999996
 50
0.0
 51
360.0
 73
     1
 97
        1
330
115
 75
     0
 76
     1
 98
        0
  0
REGION
  5
117
102
{ACAD_REACTORS
330
118
102
}
330
1F
100
AcDbEntity
  8
VIA_HOLES
 62
     7
100
AcDbModelerGeometry
 70
     1
  1
noi nn n o 
  1
=0;& {rn {no {rn {rn |
  1
/061+ {rn mfqkfmkjojk oqgooomillffffffffj o |
  1
):-+:' {rn {k {n |
  1
:336/,:r<*-): {rn mfqmfmkjoflffffffg oqgooomillffffffffj o o o n oqnfffffi o o n o o |
  1
:;8: {rn {m {m {j {l o |
  1
<0:;8: {rn {j {j {rn {k o {i {rn |
  1
300/ {rn {rn {j {g |
  1
/3>1:r,*-9><: {rn mfqnfmkjnnlfffffff oqgooomilkooooooooi o o o n rn o o o o o o o |
  1
9><: {rn {rn {i {f {rn {h o n o |
  1
,7:33 {rn {rn {rn {g {no |
  1
3*2/ {rn {rn {f {o |
  1
Z1;r09r^ \VLr;>+> 
1001
ACAD_OBJECT_CHANGE_GUID
1070
     1
1071
1177338724
1070
  4192
1070
 18457
1070
   166
1070
   216
1070
   149
1070
    26
1070
     9
1070
   247
1070
   194
1070
   241
  0
HATCH
  5
118
330
1F
100
AcDbEntity
  8
VIA_HOLES
 62
     7
100
AcDbHatch
 10
0.0
 20
0.0
 30
0.0
210
0.0
220
0.0
230
1.0
  2
SOLID
 70
     1
 71
     1
 91
        1
 92
        1
 93
        1
 72
     2
 10
29.29245094
 20
0.80002634
 40
0.1999996
 50
0.0
 51
360.0
 73
     1
 97
        1
330
117
 75
     0
 76
     1
 98
        0
  0
REGION
  5
119
102
{ACAD_REACTORS
330
11A
102
}
330
1F
100
AcDbEntity
  8
VIA_HOLES
 62
     7
100
AcDbModelerGeometry
 70
     1
  1
noi nn n o 
  1
=0;& {rn {no {rn {rn |
  1
/061+ {rn miqffmkjokioooooon oqgooomillffffffffj o |
  1
):-+:' {rn {k {n |
  1
:336/,:r<*-): {rn miqhfmkjogjfffffff oqgooomillffffffffj o o o n oqnfffffi o o n o o |
  1
:;8: {rn {m {m {j {l o |
  1
<0:;8: {rn {j {j {rn {k o {i {rn |
  1
300/ {rn {rn {j {g |
  1
/3>1:r,*-9><: {rn miqifmkjnoi oqgooomilkooooooooi o o o n rn o o o o o o o |
  1
9><: {rn {rn {i {f {rn {h o n o |
  1
,7:33 {rn {rn {rn {g {no |
  1
3*2/ {rn {rn {f {o |
  1
Z1;r09r^ \VLr;>+> 
1001
ACAD_OBJECT_CHANGE_GUID
1070
     1
1071
-474009092
1070
-30297
1070
 17589
1070
   188
1070
   224
1070
   252
1070
   115
1070
   122
1070
    96
1070
    73
1070
   222
  0
HATCH
  5
11A
330
1F
100
AcDbEntity
  8
VIA_HOLES
 62
     7
100
AcDbHatch
 10
0.0
 20
0.0
 30
0.0
210
0.0
220
0.0
230
1.0
  2
SOLID
 70
     1
 71
     1
 91
        1
 92
        1
 93
        1
 72
     2
 10
26.79245086
 20
0.80002634
 40
0.1999996
 50
0.0
 51
360.0
 73
     1
 97
        1
330
119
 75
     0
 76
     1
 98
        0
  0
REGION
  5
11B
102
{ACAD_REACTORS
330
11C
102
}
330
1F
100
AcDbEntity
  8
VIA_HOLES
 62
     7
100
AcDbModelerGeometry
 70
     1
  1
noi nn n o 
  1
=0;& {rn {no {rn {rn |
  1
/061+ {rn mkqkfmkjolgoooooon oqgooomillffffffffj o |
  1
):-+:' {rn {k {n |
  1
:336/,:r<*-): {rn mkqmfmkjohhfffffff oqgooomillffffffffj o o o n oqnfffffi o o n o o |
  1
:;8: {rn {m {m {j {l o |
  1
<0:;8: {rn {j {j {rn {k o {i {rn |
  1
300/ {rn {rn {j {g |
  1
/3>1:r,*-9><: {rn mkqnfmkjofg oqgooomilkooooooooi o o o n rn o o o o o o o |
  1
9><: {rn {rn {i {f {rn {h o n o |
  1
,7:33 {rn {rn {rn {g {no |
  1
3*2/ {rn {rn {f {o |
  1
Z1;r09r^ \VLr;>+> 
1001
ACAD_OBJECT_CHANGE_GUID
1070
     1
1071
-275615823
1070
 21783
1070
 19412
1070
   174
1070
   240
1070
   126
1070
   250
1070
   173
1070
    28
1070
   152
1070
   224
  0
HATCH
  5
11C
330
1F
100
AcDbEntity
  8
VIA_HOLES
 62
     7
100
AcDbHatch
 10
0.0
 20
0.0
 30
0.0
210
0.0
220
0.0
230
1.0
  2
SOLID
 70
     1
 71
     1
 91
        1
 92
        1
 93
        1
 72
     2
 10
24.29245078
 20
0.80002634
 40
0.1999996
 50
0.0
 51
360.0
 73
     1
 97
        1
330
11B
 75
     0
 76
     1
 98
        0
  0
REGION
  5
11D
102
{ACAD_REACTORS
330
11E
102
}
330
1F
100
AcDbEntity
  8
VIA_HOLES
 62
     7
100
AcDbModelerGeometry
 70
     1
  1
noi nn n o 
  1
=0;& {rn {no {rn {rn |
  1
/061+ {rn mnqffmkjomfffffffg oqgooomillffffffffj o |
  1
):-+:' {rn {k {n |
  1
:336/,:r<*-): {rn mnqhfmkjoifffffffi oqgooomillffffffffj o o o n oqnfffffi o o n o o |
  1
:;8: {rn {m {m {j {l o |
  1
<0:;8: {rn {j {j {rn {k o {i {rn |
  1
300/ {rn {rn {j {g |
  1
/3>1:r,*-9><: {rn mnqifmkjogfffffffh oqgooomilkooooooooi o o o n rn o o o o o o o |
  1
9><: {rn {rn {i {f {rn {h o n o |
  1
,7:33 {rn {rn {rn {g {no |
  1
3*2/ {rn {rn {f {o |
  1
Z1;r09r^ \VLr;>+> 
1001
ACAD_OBJECT_CHANGE_GUID
1070
     1
1071
2053255683
1070
-22862
1070
 19991
1070
   157
1070
   176
1070
    85
1070
   207
1070
    44
1070
   174
1070
   164
1070
   212
  0
HATCH
  5
11E
330
1F
100
AcDbEntity
  8
VIA_HOLES
 62
     7
100
AcDbHatch
 10
0.0
 20
0.0
 30
0.0
210
0.0
220
0.0
230
1.0
  2
SOLID
 70
     1
 71
     1
 91
        1
 92
        1
 93
        1
 72
     2
 10
21.7924507
 20
0.80002634
 40
0.1999996
 50
0.0
 51
360.0
 73
     1
 97
        1
330
11D
 75
     0
 76
     1
 98
        0
  0
REGION
  5
11F
102
{ACAD_REACTORS
330
120
102
}
330
1F
100
AcDbEntity
  8
VIA_HOLES
 62
     7
100
AcDbModelerGeometry
 70
     1
  1
noi nn n o 
  1
=0;& {rn {no {rn {rn |
  1
/061+ {rn nfqkfmkjomnffffffg oqgooomillffffffffj o |
  1
):-+:' {rn {k {n |
  1
:336/,:r<*-): {rn nfqmfmkjoinffffffh oqgooomillffffffffj o o o n oqnfffffi o o n o o |
  1
:;8: {rn {m {m {j {l o |
  1
<0:;8: {rn {j {j {rn {k o {i {rn |
  1
300/ {rn {rn {j {g |
  1
/3>1:r,*-9><: {rn nfqnfmkjognffffffg oqgooomilkooooooooi o o o n rn o o o o o o o |
  1
9><: {rn {rn {i {f {rn {h o n o |
  1
,7:33 {rn {rn {rn {g {no |
  1
3*2/ {rn {rn {f {o |
  1
Z1;r09r^ \VLr;>+> 
1001
ACAD_OBJECT_CHANGE_GUID
1070
     1
1071
-1820573053
1070
-19709
1070
 16481
1070
   160
1070
   182
1070
   114
1070
   102
1070
    36
1070
   176
1070
   237
1070
    26
  0
HATCH
  5
120
330
1F
100
AcDbEntity
  8
VIA_HOLES
 62
     7
100
AcDbHatch
 10
0.0
 20
0.0
 30
0.0
210
0.0
220
0.0
230
1.0
  2
SOLID
 70
     1
 71
     1
 91
        1
 92
        1
 93
        1
 72
     2
 10
19.29245062
 20
0.80002634
 40
0.1999996
 50
0.0
 51
360.0
 73
     1
 97
        1
330
11F
 75
     0
 76
     1
 98
        0
  0
REGION
  5
121
102
{ACAD_REACTORS
330
122
102
}
330
1F
100
AcDbEntity
  8
VIA_HOLES
 62
     7
100
AcDbModelerGeometry
 70
     1
  1
noi nn n o 
  1
=0;& {rn {no {rn {rn |
  1
/061+ {rn nhqonfgmimioooooom oqgooomillffffffffj o |
  1
):-+:' {rn {k {n |
  1
:336/,:r<*-): {rn niqgnfgmiii oqgooomillffffffffj o o o n oqnfffffi o o n o o |
  1
:;8: {rn {m {m {j {l o |
  1
<0:;8: {rn {j {j {rn {k o {i {rn |
  1
300/ {rn {rn {j {g |
  1
/3>1:r,*-9><: {rn niqhnfgmigioooooon oqgooomilkooooooooi o o o n rn o o o o o o o |
  1
9><: {rn {rn {i {f {rn {h o n o |
  1
,7:33 {rn {rn {rn {g {no |
  1
3*2/ {rn {rn {f {o |
  1
Z1;r09r^ \VLr;>+> 
1001
ACAD_OBJECT_CHANGE_GUID
1070
     1
1071
-87437336
1070
  6431
1070
 17664
1070
   179
1070
   124
1070
   107
1070
   104
1070
   102
1070
    55
1070
   150
1070
   198
  0
HATCH
  5
122
330
1F
100
AcDbEntity
  8
VIA_HOLES
 62
     7
100
AcDbHatch
 10
0.0
 20
0.0
 30
0.0
210
0.0
220
0.0
230
1.0
  2
SOLID
 70
     1
 71
     1
 91
        1
 92
        1
 93
        1
 72
     2
 10
16.81982666
 20
0.80002634
 40
0.1999996
 50
0.0
 51
360.0
 73
     1
 97
        1
330
121
 75
     0
 76
     1
 98
        0
  0
REGION
  5
123
102
{ACAD_REACTORS
330
124
102
}
330
1F
100
AcDbEntity
  8
VIA_HOLES
 62
     7
100
AcDbModelerGeometry
 70
     1
  1
noi nn n o 
  1
=0;& {rn {no {rn {rn |
  1
/061+ {rn nkqjnfgminhfffffff oqgooomillffffffffj o |
  1
):-+:' {rn {k {n |
  1
:336/,:r<*-): {rn nkqlnfgmijhfffffff oqgooomillffffffffj o o o n oqnfffffi o o n o o |
  1
:;8: {rn {m {m {j {l o |
  1
<0:;8: {rn {j {j {rn {k o {i {rn |
  1
300/ {rn {rn {j {g |
  1
/3>1:r,*-9><: {rn nkqmnfgmihhffffffg oqgooomilkooooooooi o o o n rn o o o o o o o |
  1
9><: {rn {rn {i {f {rn {h o n o |
  1
,7:33 {rn {rn {rn {g {no |
  1
3*2/ {rn {rn {f {o |
  1
Z1;r09r^ \VLr;>+> 
1001
ACAD_OBJECT_CHANGE_GUID
1070
     1
1071
1191134477
1070
-19466
1070
 20402
1070
   147
1070
   146
1070
   189
1070
     4
1070
    82
1070
    90
1070
   182
1070
    30
  0
HATCH
  5
124
330
1F
100
AcDbEntity
  8
VIA_HOLES
 62
     7
100
AcDbHatch
 10
0.0
 20
0.0
 30
0.0
210
0.0
220
0.0
230
1.0
  2
SOLID
 70
     1
 71
     1
 91
        1
 92
        1
 93
        1
 72
     2
 10
14.31982658
 20
0.80002634
 40
0.1999996
 50
0.0
 51
360.0
 73
     1
 97
        1
330
123
 75
     0
 76
     1
 98
        0
  0
REGION
  5
125
102
{ACAD_REACTORS
330
126
102
}
330
1F
100
AcDbEntity
  8
VIA_HOLES
 62
     7
100
AcDbModelerGeometry
 70
     1
  1
noi nn n o 
  1
=0;& {rn {no {rn {rn |
  1
/061+ {rn nmqonfgmin oqgooomillffffffffj o |
  1
):-+:' {rn {k {n |
  1
:336/,:r<*-): {rn nnqgnfgmij oqgooomillffffffffj o o o n oqnfffffi o o n o o |
  1
:;8: {rn {m {m {j {l o |
  1
<0:;8: {rn {j {j {rn {k o {i {rn |
  1
300/ {rn {rn {j {g |
  1
/3>1:r,*-9><: {rn nnqhnfgmiiffffffff oqgooomilkooooooooi o o o n rn o o o o o o o |
  1
9><: {rn {rn {i {f {rn {h o n o |
  1
,7:33 {rn {rn {rn {g {no |
  1
3*2/ {rn {rn {f {o |
  1
Z1;r09r^ \VLr;>+> 
1001
ACAD_OBJECT_CHANGE_GUID
1070
     1
1071
-825870762
1070
-32445
1070
 16792
1070
   154
1070
   148
1070
   194
1070
     7
1070
    12
1070
   191
1070
    90
1070
   124
  0
HATCH
  5
126
330
1F
100
AcDbEntity
  8
VIA_HOLES
 62
     7
100
AcDbHatch
 10
0.0
 20
0.0
 30
0.0
210
0.0
220
0.0
230
1.0
  2
SOLID
 70
     1
 71
     1
 91
        1
 92
        1
 93
        1
 72
     2
 10
11.8198265
 20
0.80002634
 40
0.1999996
 50
0.0
 51
360.0
 73
     1
 97
        1
330
125
 75
     0
 76
     1
 98
        0
  0
REGION
  5
127
102
{ACAD_REACTORS
330
128
102
}
330
1F
100
AcDbEntity
  8
VIA_HOLES
 62
     7
100
AcDbModelerGeometry
 70
     1
  1
noi nn n o 
  1
=0;& {rn {no {rn {rn |
  1
/061+ {rn hqonfgmjflfffffffi nqoooomjfk o |
  1
):-+:' {rn {k {n |
  1
:336/,:r<*-): {rn iqgnfgmillfffffffh nqoooomjfk o o o n oqnfffffi o o n o o |
  1
:;8: {rn {m {m {j {l o |
  1
<0:;8: {rn {j {j {rn {k o {i {rn |
  1
300/ {rn {rn {j {g |
  1
/3>1:r,*-9><: {rn iqhnfgmijlfffffffh nqoooomjfk o o o n rn o o o o o o o |
  1
9><: {rn {rn {i {f {rn {h o n o |
  1
,7:33 {rn {rn {rn {g {no |
  1
3*2/ {rn {rn {f {o |
  1
Z1;r09r^ \VLr;>+> 
1001
ACAD_OBJECT_CHANGE_GUID
1070
     1
1071
933436747
1070
 22662
1070
 19762
1070
   158
1070
   152
1070
   162
1070
    31
1070
    90
1070
   253
1070
   129
1070
    32
  0
HATCH
  5
128
330
1F
100
AcDbEntity
  8
VIA_HOLES
 62
     7
100
AcDbHatch
 10
0.0
 20
0.0
 30
0.0
210
0.0
220
0.0
230
1.0
  2
SOLID
 70
     1
 71
     1
 91
        1
 92
        1
 93
        1
 72
     2
 10
6.81982634
 20
1.00002594
 40
0.1999996
 50
0.0
 51
360.0
 73
     1
 97
        1
330
127
 75
     0
 76
     1
 98
        0
  0
REGION
  5
129
102
{ACAD_REACTORS
330
12A
102
}
330
1F
100
AcDbEntity
  8
VIA_HOLES
 62
     7
100
AcDbModelerGeometry
 70
     1
  1
noi nn n o 
  1
=0;& {rn {no {rn {rn |
  1
/061+ {rn nqnooooolk iqkfhoojolfffffffj o |
  1
):-+:' {rn {k {n |
  1
:336/,:r<*-): {rn oqfooooohlffffffffh iqkfhoojolfffffffj o o o n oqnfffffi o o n o o |
  1
:;8: {rn {m {m {j {l o |
  1
<0:;8: {rn {j {j {rn {k o {i {rn |
  1
300/ {rn {rn {j {g |
  1
/3>1:r,*-9><: {rn oqgoooooflfffffffgg iqkfhoojolfffffffj o o o n rn o o o o o o o |
  1
9><: {rn {rn {i {f {rn {h o n o |
  1
,7:33 {rn {rn {rn {g {no |
  1
3*2/ {rn {rn {f {o |
  1
Z1;r09r^ \VLr;>+> 
1001
ACAD_OBJECT_CHANGE_GUID
1070
     1
1071
567955764
1070
 -8845
1070
 16983
1070
   153
1070
    42
1070
   227
1070
    71
1070
    88
1070
    49
1070
   175
1070
   162
  0
HATCH
  5
12A
330
1F
100
AcDbEntity
  8
VIA_HOLES
 62
     7
100
AcDbHatch
 10
0.0
 20
0.0
 30
0.0
210
0.0
220
0.0
230
1.0
  2
SOLID
 70
     1
 71
     1
 91
        1
 92
        1
 93
        1
 72
     2
 10
0.90000074
 20
6.497005039999999
 40
0.1999996
 50
0.0
 51
360.0
 73
     1
 97
        1
330
129
 75
     0
 76
     1
 98
        0
  0
REGION
  5
12B
102
{ACAD_REACTORS
330
12C
102
}
330
1F
100
AcDbEntity
  8
VIA_HOLES
 62
     7
100
AcDbModelerGeometry
 70
     1
  1
noi nn n o 
  1
=0;& {rn {no {rn {rn |
  1
/061+ {rn nqnooooolk nqoooomjfk o |
  1
):-+:' {rn {k {n |
  1
:336/,:r<*-): {rn oqfooooohlffffffffh nqoooomjfk o o o n oqnfffffi o o n o o |
  1
:;8: {rn {m {m {j {l o |
  1
<0:;8: {rn {j {j {rn {k o {i {rn |
  1
300/ {rn {rn {j {g |
  1
/3>1:r,*-9><: {rn oqgoooooflfffffffgg nqoooomjfk o o o n rn o o o o o o o |
  1
9><: {rn {rn {i {f {rn {h o n o |
  1
,7:33 {rn {rn {rn {g {no |
  1
3*2/ {rn {rn {f {o |
  1
Z1;r09r^ \VLr;>+> 
1001
ACAD_OBJECT_CHANGE_GUID
1070
     1
1071
-1167085951
1070
 25577
1070
 17413
1070
   135
1070
   226
1070
    77
1070
    51
1070
   136
1070
    32
1070
   136
1070
   155
  0
HATCH
  5
12C
330
1F
100
AcDbEntity
  8
VIA_HOLES
 62
     7
100
AcDbHatch
 10
0.0
 20
0.0
 30
0.0
210
0.0
220
0.0
230
1.0
  2
SOLID
 70
     1
 71
     1
 91
        1
 92
        1
 93
        1
 72
     2
 10
0.90000074
 20
1.00002594
 40
0.1999996
 50
0.0
 51
360.0
 73
     1
 97
        1
330
12B
 75
     0
 76
     1
 98
        0
  0
REGION
  5
12D
102
{ACAD_REACTORS
330
12E
102
}
330
1F
100
AcDbEntity
  8
VIA_HOLES
 62
     7
100
AcDbModelerGeometry
 70
     1
  1
noi nn n o 
  1
=0;& {rn {no {rn {rn |
  1
/061+ {rn nqomglhmlk joqigfgfoffffffffi o |
  1
):-+:' {rn {k {n |
  1
:336/,:r<*-): {rn oqgmglhmhlffffffffk joqigfgfoffffffffi o o o n oqnfffffi o o n o o |
  1
:;8: {rn {m {m {j {l o |
  1
<0:;8: {rn {j {j {rn {k o {i {rn |
  1
300/ {rn {rn {j {g |
  1
/3>1:r,*-9><: {rn oqhmglhmflfffffffgi joqigfgfoffffffffi o o o n rn o o o o o o o |
  1
9><: {rn {rn {i {f {rn {h o n o |
  1
,7:33 {rn {rn {rn {g {no |
  1
3*2/ {rn {rn {f {o |
  1
Z1;r09r^ \VLr;>+> 
1001
ACAD_OBJECT_CHANGE_GUID
1070
     1
1071
-1175753403
1070
 10598
1070
 20095
1070
   162
1070
    55
1070
   142
1070
   236
1070
   181
1070
    36
1070
   117
1070
   199
  0
HATCH
  5
12E
330
1F
100
AcDbEntity
  8
VIA_HOLES
 62
     7
100
AcDbHatch
 10
0.0
 20
0.0
 30
0.0
210
0.0
220
0.0
230
1.0
  2
SOLID
 70
     1
 71
     1
 91
        1
 92
        1
 93
        1
 72
     2
 10
0.8283727399999999
 20
50.689891
 40
0.1999996
 50
0.0
 51
360.0
 73
     1
 97
        1
330
12D
 75
     0
 76
     1
 98
        0
  0
REGION
  5
12F
102
{ACAD_REACTORS
330
130
102
}
330
1F
100
AcDbEntity
  8
VIA_HOLES
 62
     7
100
AcDbModelerGeometry
 70
     1
  1
noi nn n o 
  1
=0;& {rn {no {rn {rn |
  1
/061+ {rn jfqokfffghlffffffm jlqlooomjkhffffffj o |
  1
):-+:' {rn {k {n |
  1
:336/,:r<*-): {rn jgqgkffffnlffffffk jlqlooomjkhffffffj o o o n oqnfffffi o o n o o |
  1
:;8: {rn {m {m {j {l o |
  1
<0:;8: {rn {j {j {rn {k o {i {rn |
  1
300/ {rn {rn {j {g |
  1
/3>1:r,*-9><: {rn jgqhkffffllffffffj jlqlooomjkhffffffj o o o n rn o o o o o o o |
  1
9><: {rn {rn {i {f {rn {h o n o |
  1
,7:33 {rn {rn {rn {g {no |
  1
3*2/ {rn {rn {f {o |
  1
Z1;r09r^ \VLr;>+> 
1001
ACAD_OBJECT_CHANGE_GUID
1070
     1
1071
481724692
1070
-12758
1070
 18735
1070
   181
1070
   199
1070
    98
1070
   240
1070
   176
1070
   175
1070
    17
1070
    80
  0
HATCH
  5
130
330
1F
100
AcDbEntity
  8
VIA_HOLES
 62
     7
100
AcDbHatch
 10
0.0
 20
0.0
 30
0.0
210
0.0
220
0.0
230
1.0
  2
SOLID
 70
     1
 71
     1
 91
        1
 92
        1
 93
        1
 72
     2
 10
58.84999913999999
 20
53.30002548
 40
0.1999996
 50
0.0
 51
360.0
 73
     1
 97
        1
330
12F
 75
     0
 76
     1
 98
        0
  0
REGION
  5
131
102
{ACAD_REACTORS
330
132
102
}
330
1F
100
AcDbEntity
  8
VIA_HOLES
 62
     7
100
AcDbModelerGeometry
 70
     1
  1
noi nn n o 
  1
=0;& {rn {no {rn {rn |
  1
/061+ {rn jgqgoggfnhhfffffgf jgqfjoomighffffffi o |
  1
):-+:' {rn {k {n |
  1
:336/,:r<*-): {rn jgqioggfmnhffffffn jgqfjoomighffffffi o o o n oqnfffffi o o n o o |
  1
:;8: {rn {m {m {j {l o |
  1
<0:;8: {rn {j {j {rn {k o {i {rn |
  1
300/ {rn {rn {j {g |
  1
/3>1:r,*-9><: {rn jgqjoggfmlhffffffm jgqfjoomighffffffi o o o n rn o o o o o o o |
  1
9><: {rn {rn {i {f {rn {h o n o |
  1
,7:33 {rn {rn {rn {g {no |
  1
3*2/ {rn {rn {f {o |
  1
Z1;r09r^ \VLr;>+> 
1001
ACAD_OBJECT_CHANGE_GUID
1070
     1
1071
-1883222610
1070
 16912
1070
 18921
1070
   177
1070
   225
1070
   177
1070
    73
1070
   196
1070
   137
1070
   121
1070
   101
  0
HATCH
  5
132
330
1F
100
AcDbEntity
  8
VIA_HOLES
 62
     7
100
AcDbHatch
 10
0.0
 20
0.0
 30
0.0
210
0.0
220
0.0
230
1.0
  2
SOLID
 70
     1
 71
     1
 91
        1
 92
        1
 93
        1
 72
     2
 10
58.60889217999999
 20
58.95002688
 40
0.1999996
 50
0.0
 51
360.0
 73
     1
 97
        1
330
131
 75
     0
 76
     1
 98
        0
  0
REGION
  5
133
102
{ACAD_REACTORS
330
134
102
}
330
1F
100
AcDbEntity
  8
VIA_HOLES
 62
     7
100
AcDbModelerGeometry
 70
     1
  1
noi nn n o 
  1
=0;& {rn {no {rn {rn |
  1
/061+ {rn kkqmkojffgjffffffi jkqkjoomjhnfffffff o |
  1
):-+:' {rn {k {n |
  1
:336/,:r<*-): {rn kkqokoioomjffffffg jkqkjoomjhnfffffff o o o n oqnfffffi o o n o o |
  1
:;8: {rn {m {m {j {l o |
  1
<0:;8: {rn {j {j {rn {k o {i {rn |
  1
300/ {rn {rn {j {g |
  1
/3>1:r,*-9><: {rn klqfkoiookjfffffff jkqkjoomjhnfffffff o o o n rn o o o o o o o |
  1
9><: {rn {rn {i {f {rn {h o n o |
  1
,7:33 {rn {rn {rn {g {no |
  1
3*2/ {rn {rn {f {o |
  1
Z1;r09r^ \VLr;>+> 
1001
ACAD_OBJECT_CHANGE_GUID
1070
     1
1071
-685839301
1070
  1492
1070
 19629
1070
   134
1070
    35
1070
    31
1070
   113
1070
   203
1070
   240
1070
   158
1070
    39
  0
HATCH
  5
134
330
1F
100
AcDbEntity
  8
VIA_HOLES
 62
     7
100
AcDbHatch
 10
0.0
 20
0.0
 30
0.0
210
0.0
220
0.0
230
1.0
  2
SOLID
 70
     1
 71
     1
 91
        1
 92
        1
 93
        1
 72
     2
 10
44.04060026
 20
54.45002572
 40
0.1999996
 50
0.0
 51
360.0
 73
     1
 97
        1
330
133
 75
     0
 76
     1
 98
        0
  0
REGION
  5
135
102
{ACAD_REACTORS
330
136
102
}
330
1F
100
AcDbEntity
  8
VIA_HOLES
 62
     7
100
AcDbModelerGeometry
 70
     1
  1
noi nn n o 
  1
=0;& {rn {no {rn {rn |
  1
/061+ {rn kkqmkojffgjffffffi jnqhjohgoknffffffn o |
  1
):-+:' {rn {k {n |
  1
:336/,:r<*-): {rn kkqokoioomjffffffg jnqhjohgoknffffffn o o o n oqnfffffi o o n o o |
  1
:;8: {rn {m {m {j {l o |
  1
<0:;8: {rn {j {j {rn {k o {i {rn |
  1
300/ {rn {rn {j {g |
  1
/3>1:r,*-9><: {rn klqfkoiookjfffffff jnqhjohgoknffffffn o o o n rn o o o o o o o |
  1
9><: {rn {rn {i {f {rn {h o n o |
  1
,7:33 {rn {rn {rn {g {no |
  1
3*2/ {rn {rn {f {o |
  1
Z1;r09r^ \VLr;>+> 
1001
ACAD_OBJECT_CHANGE_GUID
1070
     1
1071
929879822
1070
 22840
1070
 19837
1070
   128
1070
    36
1070
    45
1070
   186
1070
   185
1070
   174
1070
    70
1070
    49
  0
HATCH
  5
136
330
1F
100
AcDbEntity
  8
VIA_HOLES
 62
     7
100
AcDbHatch
 10
0.0
 20
0.0
 30
0.0
210
0.0
220
0.0
230
1.0
  2
SOLID
 70
     1
 71
     1
 91
        1
 92
        1
 93
        1
 72
     2
 10
44.04060026
 20
51.75078041999999
 40
0.1999996
 50
0.0
 51
360.0
 73
     1
 97
        1
330
135
 75
     0
 76
     1
 98
        0
  0
REGION
  5
137
102
{ACAD_REACTORS
330
138
102
}
330
1F
100
AcDbEntity
  8
VIA_HOLES
 62
     7
100
AcDbModelerGeometry
 70
     1
  1
noi nn n o 
  1
=0;& {rn {no {rn {rn |
  1
/061+ {rn khqfomllmklffffffj jkqiiflfomhffffffj o |
  1
):-+:' {rn {k {n |
  1
:336/,:r<*-): {rn khqhomllmglffffffh jkqiiflfomhffffffj o o o n oqnfffffi o o n o o |
  1
:;8: {rn {m {m {j {l o |
  1
<0:;8: {rn {j {j {rn {k o {i {rn |
  1
300/ {rn {rn {j {g |
  1
/3>1:r,*-9><: {rn khqiomlllolffffffg jkqiiflfomhffffffj o o o n rn o o o o o o o |
  1
9><: {rn {rn {i {f {rn {h o n o |
  1
,7:33 {rn {rn {rn {g {no |
  1
3*2/ {rn {rn {f {o |
  1
Z1;r09r^ \VLr;>+> 
1001
ACAD_OBJECT_CHANGE_GUID
1070
     1
1071
-487291463
1070
-13918
1070
 18750
1070
   182
1070
   133
1070
   241
1070
   235
1070
    83
1070
   228
1070
    30
1070
   247
  0
HATCH
  5
138
330
1F
100
AcDbEntity
  8
VIA_HOLES
 62
     7
100
AcDbHatch
 10
0.0
 20
0.0
 30
0.0
210
0.0
220
0.0
230
1.0
  2
SOLID
 70
     1
 71
     1
 91
        1
 92
        1
 93
        1
 72
     2
 10
47.70233284
 20
54.66939027999999
 40
0.1999996
 50
0.0
 51
360.0
 73
     1
 97
        1
330
137
 75
     0
 76
     1
 98
        0
  0
REGION
  5
139
102
{ACAD_REACTORS
330
13A
102
}
330
1F
100
AcDbEntity
  8
VIA_HOLES
 62
     7
100
AcDbModelerGeometry
 70
     1
  1
noi nn n o 
  1
=0;& {rn {no {rn {rn |
  1
/061+ {rn kgqkfffffjnffffffi jmqfohjhmimooooool o |
  1
):-+:' {rn {k {n |
  1
:336/,:r<*-): {rn kgqmffffffnffffffg jmqfohjhmimooooool o o o n oqnfffffi o o n o o |
  1
:;8: {rn {m {m {j {l o |
  1
<0:;8: {rn {j {j {rn {k o {i {rn |
  1
300/ {rn {rn {j {g |
  1
/3>1:r,*-9><: {rn kgqmooooonnfffffff jmqfohjhmimooooool o o o n rn o o o o o o o |
  1
9><: {rn {rn {i {f {rn {h o n o |
  1
,7:33 {rn {rn {rn {g {no |
  1
3*2/ {rn {rn {f {o |
  1
Z1;r09r^ \VLr;>+> 
1001
ACAD_OBJECT_CHANGE_GUID
1070
     1
1071
457990820
1070
 10745
1070
 18395
1070
   178
1070
     2
1070
   219
1070
    68
1070
   246
1070
   208
1070
   163
1070
   147
  0
HATCH
  5
13A
330
1F
100
AcDbEntity
  8
VIA_HOLES
 62
     7
100
AcDbHatch
 10
0.0
 20
0.0
 30
0.0
210
0.0
220
0.0
230
1.0
  2
SOLID
 70
     1
 71
     1
 91
        1
 92
        1
 93
        1
 72
     2
 10
48.29999992
 20
52.90757262
 40
0.1999996
 50
0.0
 51
360.0
 73
     1
 97
        1
330
139
 75
     0
 76
     1
 98
        0
  0
REGION
  5
13B
102
{ACAD_REACTORS
330
13C
102
}
330
1F
100
AcDbEntity
  8
VIA_HOLES
 62
     7
100
AcDbModelerGeometry
 70
     1
  1
noi nn n o 
  1
=0;& {rn {no {rn {rn |
  1
/061+ {rn kiqljkoggnlffffffj joqhfonlfhnfffffff o |
  1
):-+:' {rn {k {n |
  1
:336/,:r<*-): {rn kiqnjkoggjlffffffi joqhfonlfhnfffffff o o o n oqnfffffi o o n o o |
  1
:;8: {rn {m {m {j {l o |
  1
<0:;8: {rn {j {j {rn {k o {i {rn |
  1
300/ {rn {rn {j {g |
  1
/3>1:r,*-9><: {rn kiqojkogghlffffffh joqhfonlfhnfffffff o o o n rn o o o o o o o |
  1
9><: {rn {rn {i {f {rn {h o n o |
  1
,7:33 {rn {rn {rn {g {no |
  1
3*2/ {rn {rn {f {o |
  1
Z1;r09r^ \VLr;>+> 
1001
ACAD_OBJECT_CHANGE_GUID
1070
     1
1071
1915007745
1070
  9116
1070
 20323
1070
   185
1070
   238
1070
   166
1070
    84
1070
   241
1070
   233
1070
   232
1070
    22
  0
HATCH
  5
13C
330
1F
100
AcDbEntity
  8
VIA_HOLES
 62
     7
100
AcDbHatch
 10
0.0
 20
0.0
 30
0.0
210
0.0
220
0.0
230
1.0
  2
SOLID
 70
     1
 71
     1
 91
        1
 92
        1
 93
        1
 72
     2
 10
46.15408854
 20
50.79013972
 40
0.1999996
 50
0.0
 51
360.0
 73
     1
 97
        1
330
13B
 75
     0
 76
     1
 98
        0
  0
REGION
  5
13D
102
{ACAD_REACTORS
330
13E
102
}
330
1F
100
AcDbEntity
  8
VIA_HOLES
 62
     7
100
AcDbModelerGeometry
 70
     1
  1
noi nn n o 
  1
=0;& {rn {no {rn {rn |
  1
/061+ {rn lhqfmjooninffffffi jnqoiimfnojffffffg o |
  1
):-+:' {rn {k {n |
  1
:336/,:r<*-): {rn lhqhmjoomonffffffg jnqoiimfnojffffffg o o o n oqnfffffi o o n o o |
  1
:;8: {rn {m {m {j {l o |
  1
<0:;8: {rn {j {j {rn {k o {i {rn |
  1
300/ {rn {rn {j {g |
  1
/3>1:r,*-9><: {rn lhqimjoommnfffffff jnqoiimfnojffffffg o o o n rn o o o o o o o |
  1
9><: {rn {rn {i {f {rn {h o n o |
  1
,7:33 {rn {rn {rn {g {no |
  1
3*2/ {rn {rn {f {o |
  1
Z1;r09r^ \VLr;>+> 
1001
ACAD_OBJECT_CHANGE_GUID
1070
     1
1071
-1550119517
1070
  4679
1070
 19506
1070
   177
1070
   105
1070
   218
1070
   239
1070
    94
1070
    99
1070
   243
1070
    38
  0
HATCH
  5
13E
330
1F
100
AcDbEntity
  8
VIA_HOLES
 62
     7
100
AcDbHatch
 10
0.0
 20
0.0
 30
0.0
210
0.0
220
0.0
230
1.0
  2
SOLID
 70
     1
 71
     1
 91
        1
 92
        1
 93
        1
 72
     2
 10
37.72500202
 20
51.06629106
 40
0.1999996
 50
0.0
 51
360.0
 73
     1
 97
        1
330
13D
 75
     0
 76
     1
 98
        0
  0
REGION
  5
13F
102
{ACAD_REACTORS
330
140
102
}
330
1F
100
AcDbEntity
  8
VIA_HOLES
 62
     7
100
AcDbModelerGeometry
 70
     1
  1
noi nn n o 
  1
=0;& {rn {no {rn {rn |
  1
/061+ {rn ljqmkmkmilkoooooom jnqnjoomkhoooooool o |
  1
):-+:' {rn {k {n |
  1
:336/,:r<*-): {rn ljqokmkmihkooooool jnqnjoomkhoooooool o o o n oqnfffffi o o n o o |
  1
:;8: {rn {m {m {j {l o |
  1
<0:;8: {rn {j {j {rn {k o {i {rn |
  1
300/ {rn {rn {j {g |
  1
/3>1:r,*-9><: {rn lkqfkmkmifkooooook jnqnjoomkhoooooool o o o n rn o o o o o o o |
  1
9><: {rn {rn {i {f {rn {h o n o |
  1
,7:33 {rn {rn {rn {g {no |
  1
3*2/ {rn {rn {f {o |
  1
Z1;r09r^ \VLr;>+> 
1001
ACAD_OBJECT_CHANGE_GUID
1070
     1
1071
-1897500860
1070
-30818
1070
 18465
1070
   128
1070
   214
1070
   155
1070
    47
1070
   183
1070
    26
1070
   120
1070
    85
  0
HATCH
  5
140
330
1F
100
AcDbEntity
  8
VIA_HOLES
 62
     7
100
AcDbHatch
 10
0.0
 20
0.0
 30
0.0
210
0.0
220
0.0
230
1.0
  2
SOLID
 70
     1
 71
     1
 91
        1
 92
        1
 93
        1
 72
     2
 10
35.04242674
 20
51.1500247
 40
0.1999996
 50
0.0
 51
360.0
 73
     1
 97
        1
330
13F
 75
     0
 76
     1
 98
        0
  0
REGION
  5
141
102
{ACAD_REACTORS
330
142
102
}
330
1F
100
AcDbEntity
  8
VIA_HOLES
 62
     7
100
AcDbModelerGeometry
 70
     1
  1
noi nn n o 
  1
=0;& {rn {no {rn {rn |
  1
/061+ {rn miqiffffhkooooooon jnqoiimfnojffffffg o |
  1
):-+:' {rn {k {n |
  1
:336/,:r<*-): {rn miqkffffhhffffffff jnqoiimfnojffffffg o o o n oqnfffffi o o n o o |
  1
:;8: {rn {m {m {j {l o |
  1
<0:;8: {rn {j {j {rn {k o {i {rn |
  1
300/ {rn {rn {j {g |
  1
/3>1:r,*-9><: {rn miqlffffg jnqoiimfnojffffffg o o o n rn o o o o o o o |
  1
9><: {rn {rn {i {f {rn {h o n o |
  1
,7:33 {rn {rn {rn {g {no |
  1
3*2/ {rn {rn {f {o |
  1
Z1;r09r^ \VLr;>+> 
1001
ACAD_OBJECT_CHANGE_GUID
1070
     1
1071
-1955527539
1070
 17274
1070
 19608
1070
   178
1070
   135
1070
    88
1070
    25
1070
   184
1070
    97
1070
   242
1070
    41
  0
HATCH
  5
142
330
1F
100
AcDbEntity
  8
VIA_HOLES
 62
     7
100
AcDbHatch
 10
0.0
 20
0.0
 30
0.0
210
0.0
220
0.0
230
1.0
  2
SOLID
 70
     1
 71
     1
 91
        1
 92
        1
 93
        1
 72
     2
 10
26.4999978
 20
51.06629106
 40
0.1999996
 50
0.0
 51
360.0
 73
     1
 97
        1
330
141
 75
     0
 76
     1
 98
        0
  0
REGION
  5
143
102
{ACAD_REACTORS
330
144
102
}
330
1F
100
AcDbEntity
  8
VIA_HOLES
 62
     7
100
AcDbModelerGeometry
 70
     1
  1
noi nn n o 
  1
=0;& {rn {no {rn {rn |
  1
/061+ {rn mgqihlkgjfioooooon jnqomlfnimlffffffg o |
  1
):-+:' {rn {k {n |
  1
:336/,:r<*-): {rn mgqkhlkgiljfffffff jnqomlfnimlffffffg o o o n oqnfffffi o o n o o |
  1
:;8: {rn {m {m {j {l o |
  1
<0:;8: {rn {j {j {rn {k o {i {rn |
  1
300/ {rn {rn {j {g |
  1
/3>1:r,*-9><: {rn mgqlhlkgiji jnqomlfnimlffffffg o o o n rn o o o o o o o |
  1
9><: {rn {rn {i {f {rn {h o n o |
  1
,7:33 {rn {rn {rn {g {no |
  1
3*2/ {rn {rn {f {o |
  1
Z1;r09r^ \VLr;>+> 
1001
ACAD_OBJECT_CHANGE_GUID
1070
     1
1071
1888327617
1070
 17030
1070
 17242
1070
   142
1070
   252
1070
   102
1070
   235
1070
    29
1070
    80
1070
   250
1070
   171
  0
HATCH
  5
144
330
1F
100
AcDbEntity
  8
VIA_HOLES
 62
     7
100
AcDbHatch
 10
0.0
 20
0.0
 30
0.0
210
0.0
220
0.0
230
1.0
  2
SOLID
 70
     1
 71
     1
 91
        1
 92
        1
 93
        1
 72
     2
 10
28.47348636
 20
51.02391624
 40
0.1999996
 50
0.0
 51
360.0
 73
     1
 97
        1
330
143
 75
     0
 76
     1
 98
        0
  0
REGION
  5
145
102
{ACAD_REACTORS
330
146
102
}
330
1F
100
AcDbEntity
  8
VIA_HOLES
 62
     7
100
AcDbModelerGeometry
 70
     1
  1
noi nn n o 
  1
=0;& {rn {no {rn {rn |
  1
/061+ {rn mhqjkgjgi jlqfooomnhk o |
  1
):-+:' {rn {k {n |
  1
:336/,:r<*-): {rn mhqlkgjgilffffffff jlqfooomnhk o o o n oqnfffffi o o n o o |
  1
:;8: {rn {m {m {j {l o |
  1
<0:;8: {rn {j {j {rn {k o {i {rn |
  1
300/ {rn {rn {j {g |
  1
/3>1:r,*-9><: {rn mhqmkgjgijffffffff jlqfooomnhk o o o n rn o o o o o o o |
  1
9><: {rn {rn {i {f {rn {h o n o |
  1
,7:33 {rn {rn {rn {g {no |
  1
3*2/ {rn {rn {f {o |
  1
Z1;r09r^ \VLr;>+> 
1001
ACAD_OBJECT_CHANGE_GUID
1070
     1
1071
748888358
1070
-18762
1070
 19091
1070
   146
1070
     9
1070
    23
1070
   127
1070
   147
1070
   145
1070
   116
1070
   241
  0
HATCH
  5
146
330
1F
100
AcDbEntity
  8
VIA_HOLES
 62
     7
100
AcDbHatch
 10
0.0
 20
0.0
 30
0.0
210
0.0
220
0.0
230
1.0
  2
SOLID
 70
     1
 71
     1
 91
        1
 92
        1
 93
        1
 72
     2
 10
27.3485864
 20
53.90002174
 40
0.1999996
 50
0.0
 51
360.0
 73
     1
 97
        1
330
145
 75
     0
 76
     1
 98
        0
  0
REGION
  5
147
102
{ACAD_REACTORS
330
148
102
}
330
1F
100
AcDbEntity
  8
VIA_HOLES
 62
     7
100
AcDbModelerGeometry
 70
     1
  1
noi nn n o 
  1
=0;& {rn {no {rn {rn |
  1
/061+ {rn mfqknjigknmoooooom jlqjmnjmlilffffffg o |
  1
):-+:' {rn {k {n |
  1
:336/,:r<*-): {rn mfqmnjigkjm jlqjmnjmlilffffffg o o o n oqnfffffi o o n o o |
  1
:;8: {rn {m {m {j {l o |
  1
<0:;8: {rn {j {j {rn {k o {i {rn |
  1
300/ {rn {rn {j {g |
  1
/3>1:r,*-9><: {rn mfqnnjigkhmoooooon jlqjmnjmlilffffffg o o o n rn o o o o o o o |
  1
9><: {rn {rn {i {f {rn {h o n o |
  1
,7:33 {rn {rn {rn {g {no |
  1
3*2/ {rn {rn {f {o |
  1
Z1;r09r^ \VLr;>+> 
1001
ACAD_OBJECT_CHANGE_GUID
1070
     1
1071
-1164532808
1070
-18880
1070
 16714
1070
   164
1070
    33
1070
   204
1070
    66
1070
   192
1070
    23
1070
    88
1070
    61
  0
HATCH
  5
148
330
1F
100
AcDbEntity
  8
VIA_HOLES
 62
     7
100
AcDbHatch
 10
0.0
 20
0.0
 30
0.0
210
0.0
220
0.0
230
1.0
  2
SOLID
 70
     1
 71
     1
 91
        1
 92
        1
 93
        1
 72
     2
 10
29.21568452
 20
53.52152364
 40
0.1999996
 50
0.0
 51
360.0
 73
     1
 97
        1
330
147
 75
     0
 76
     1
 98
        0
  0
REGION
  5
149
102
{ACAD_REACTORS
330
14A
102
}
330
1F
100
AcDbEntity
  8
VIA_HOLES
 62
     7
100
AcDbModelerGeometry
 70
     1
  1
noi nn n o 
  1
=0;& {rn {no {rn {rn |
  1
/061+ {rn ljqmkmkmilkoooooom jkqjooomjinffffffj o |
  1
):-+:' {rn {k {n |
  1
:336/,:r<*-): {rn ljqokmkmihkooooool jkqjooomjinffffffj o o o n oqnfffffi o o n o o |
  1
:;8: {rn {m {m {j {l o |
  1
<0:;8: {rn {j {j {rn {k o {i {rn |
  1
300/ {rn {rn {j {g |
  1
/3>1:r,*-9><: {rn lkqfkmkmifkooooook jkqjooomjinffffffj o o o n rn o o o o o o o |
  1
9><: {rn {rn {i {f {rn {h o n o |
  1
,7:33 {rn {rn {rn {g {no |
  1
3*2/ {rn {rn {f {o |
  1
Z1;r09r^ \VLr;>+> 
1001
ACAD_OBJECT_CHANGE_GUID
1070
     1
1071
1075166265
1070
  8846
1070
 19690
1070
   143
1070
    40
1070
    23
1070
   107
1070
   248
1070
    73
1070
    92
1070
     2
  0
HATCH
  5
14A
330
1F
100
AcDbEntity
  8
VIA_HOLES
 62
     7
100
AcDbHatch
 10
0.0
 20
0.0
 30
0.0
210
0.0
220
0.0
230
1.0
  2
SOLID
 70
     1
 71
     1
 91
        1
 92
        1
 93
        1
 72
     2
 10
35.04242674
 20
54.50002562
 40
0.1999996
 50
0.0
 51
360.0
 73
     1
 97
        1
330
149
 75
     0
 76
     1
 98
        0
  0
REGION
  5
14B
102
{ACAD_REACTORS
330
14C
102
}
330
1F
100
AcDbEntity
  8
VIA_HOLES
 62
     7
100
AcDbModelerGeometry
 70
     1
  1
noi nn n o 
  1
=0;& {rn {no {rn {rn |
  1
/061+ {rn llqfjooooihffffffj jlqojoomjfgoooooon o |
  1
):-+:' {rn {k {n |
  1
:336/,:r<*-): {rn llqhjooonohffffffh jlqojoomjfgoooooon o o o n oqnfffffi o o n o o |
  1
:;8: {rn {m {m {j {l o |
  1
<0:;8: {rn {j {j {rn {k o {i {rn |
  1
300/ {rn {rn {j {g |
  1
/3>1:r,*-9><: {rn llqijooonmhffffffg jlqojoomjfgoooooon o o o n rn o o o o o o o |
  1
9><: {rn {rn {i {f {rn {h o n o |
  1
,7:33 {rn {rn {rn {g {no |
  1
3*2/ {rn {rn {f {o |
  1
Z1;r09r^ \VLr;>+> 
1001
ACAD_OBJECT_CHANGE_GUID
1070
     1
1071
896627721
1070
-17808
1070
 17910
1070
   133
1070
   156
1070
     5
1070
    63
1070
    91
1070
    15
1070
   171
1070
    47
  0
HATCH
  5
14C
330
1F
100
AcDbEntity
  8
VIA_HOLES
 62
     7
100
AcDbHatch
 10
0.0
 20
0.0
 30
0.0
210
0.0
220
0.0
230
1.0
  2
SOLID
 70
     1
 71
     1
 91
        1
 92
        1
 93
        1
 72
     2
 10
33.75000108
 20
53.05002598
 40
0.1999996
 50
0.0
 51
360.0
 73
     1
 97
        1
330
14B
 75
     0
 76
     1
 98
        0
  0
REGION
  5
14D
102
{ACAD_REACTORS
330
14E
102
}
330
1F
100
AcDbEntity
  8
VIA_HOLES
 62
     7
100
AcDbModelerGeometry
 70
     1
  1
noi nn n o 
  1
=0;& {rn {no {rn {rn |
  1
/061+ {rn noqhkfffggm mnqonfiohkkoooooon o |
  1
):-+:' {rn {k {n |
  1
:336/,:r<*-): {rn noqjkffffmm mnqonfiohkkoooooon o o o n oqnfffffi o o n o o |
  1
:;8: {rn {m {m {j {l o |
  1
<0:;8: {rn {j {j {rn {k o {i {rn |
  1
300/ {rn {rn {j {g |
  1
/3>1:r,*-9><: {rn noqkkffffkmoooooon mnqonfiohkkoooooon o o o n rn o o o o o o o |
  1
9><: {rn {rn {i {f {rn {h o n o |
  1
,7:33 {rn {rn {rn {g {no |
  1
3*2/ {rn {rn {f {o |
  1
Z1;r09r^ \VLr;>+> 
1001
ACAD_OBJECT_CHANGE_GUID
1070
     1
1071
-1706636537
1070
 23687
1070
 20336
1070
   160
1070
   153
1070
    72
1070
   122
1070
   183
1070
    36
1070
    68
1070
   118
  0
HATCH
  5
14E
330
1F
100
AcDbEntity
  8
VIA_HOLES
 62
     7
100
AcDbHatch
 10
0.0
 20
0.0
 30
0.0
210
0.0
220
0.0
230
1.0
  2
SOLID
 70
     1
 71
     1
 91
        1
 92
        1
 93
        1
 72
     2
 10
10.54999922
 20
21.01960744
 40
0.1999996
 50
0.0
 51
360.0
 73
     1
 97
        1
330
14D
 75
     0
 76
     1
 98
        0
  0
REGION
  5
14F
102
{ACAD_REACTORS
330
150
102
}
330
1F
100
AcDbEntity
  8
VIA_HOLES
 62
     7
100
AcDbModelerGeometry
 70
     1
  1
noi nn n o 
  1
=0;& {rn {no {rn {rn |
  1
/061+ {rn hqhkffffhlfffffffg mnqonfiohkkoooooon o |
  1
):-+:' {rn {k {n |
  1
:336/,:r<*-): {rn hqjjoooonlffffffff mnqonfiohkkoooooon o o o n oqnfffffi o o n o o |
  1
:;8: {rn {m {m {j {l o |
  1
<0:;8: {rn {j {j {rn {k o {i {rn |
  1
300/ {rn {rn {j {g |
  1
/3>1:r,*-9><: {rn hqkjoooollffffffff mnqonfiohkkoooooon o o o n rn o o o o o o o |
  1
9><: {rn {rn {i {f {rn {h o n o |
  1
,7:33 {rn {rn {rn {g {no |
  1
3*2/ {rn {rn {f {o |
  1
Z1;r09r^ \VLr;>+> 
1001
ACAD_OBJECT_CHANGE_GUID
1070
     1
1071
2048226010
1070
 -3463
1070
 18406
1070
   169
1070
   116
1070
   174
1070
   226
1070
    77
1070
   129
1070
    13
1070
   134
  0
HATCH
  5
150
330
1F
100
AcDbEntity
  8
VIA_HOLES
 62
     7
100
AcDbHatch
 10
0.0
 20
0.0
 30
0.0
210
0.0
220
0.0
230
1.0
  2
SOLID
 70
     1
 71
     1
 91
        1
 92
        1
 93
        1
 72
     2
 10
7.55000014
 20
21.01960744
 40
0.1999996
 50
0.0
 51
360.0
 73
     1
 97
        1
330
14F
 75
     0
 76
     1
 98
        0
  0
REGION
  5
151
102
{ACAD_REACTORS
330
152
102
}
330
1F
100
AcDbEntity
  8
VIA_HOLES
 62
     7
100
AcDbModelerGeometry
 70
     1
  1
noi nn n o 
  1
=0;& {rn {no {rn {rn |
  1
/061+ {rn lqffnnfjfhfffffffi mnqollllinlfffffff o |
  1
):-+:' {rn {k {n |
  1
:336/,:r<*-): {rn lqhfnnfilhfffffffh mnqollllinlfffffff o o o n oqnfffffi o o n o o |
  1
:;8: {rn {m {m {j {l o |
  1
<0:;8: {rn {j {j {rn {k o {i {rn |
  1
300/ {rn {rn {j {g |
  1
/3>1:r,*-9><: {rn lqifnnfijhfffffffh mnqollllinlfffffff o o o n rn o o o o o o o |
  1
9><: {rn {rn {i {f {rn {h o n o |
  1
,7:33 {rn {rn {rn {g {no |
  1
3*2/ {rn {rn {f {o |
  1
Z1;r09r^ \VLr;>+> 
1001
ACAD_OBJECT_CHANGE_GUID
1070
     1
1071
764055519
1070
 18763
1070
 20239
1070
   137
1070
   128
1070
    71
1070
   164
1070
    11
1070
    11
1070
   123
1070
   183
  0
HATCH
  5
152
330
1F
100
AcDbEntity
  8
VIA_HOLES
 62
     7
100
AcDbHatch
 10
0.0
 20
0.0
 30
0.0
210
0.0
220
0.0
230
1.0
  2
SOLID
 70
     1
 71
     1
 91
        1
 92
        1
 93
        1
 72
     2
 10
3.79119638
 20
21.03333614
 40
0.1999996
 50
0.0
 51
360.0
 73
     1
 97
        1
330
151
 75
     0
 76
     1
 98
        0
  0
REGION
  5
153
102
{ACAD_REACTORS
330
154
102
}
330
1F
100
AcDbEntity
  8
VIA_HOLES
 62
     7
100
AcDbModelerGeometry
 70
     1
  1
noi nn n o 
  1
=0;& {rn {no {rn {rn |
  1
/061+ {rn hqhkffffhlfffffffg ngqknkglmljffffffg o |
  1
):-+:' {rn {k {n |
  1
:336/,:r<*-): {rn hqjjoooonlffffffff ngqknkglmljffffffg o o o n oqnfffffi o o n o o |
  1
:;8: {rn {m {m {j {l o |
  1
<0:;8: {rn {j {j {rn {k o {i {rn |
  1
300/ {rn {rn {j {g |
  1
/3>1:r,*-9><: {rn hqkjoooollffffffff ngqknkglmljffffffg o o o n rn o o o o o o o |
  1
9><: {rn {rn {i {f {rn {h o n o |
  1
,7:33 {rn {rn {rn {g {no |
  1
3*2/ {rn {rn {f {o |
  1
Z1;r09r^ \VLr;>+> 
1001
ACAD_OBJECT_CHANGE_GUID
1070
     1
1071
1092689428
1070
-29216
1070
 18707
1070
   128
1070
   124
1070
    83
1070
   114
1070
    98
1070
   219
1070
   228
1070
   156
  0
HATCH
  5
154
330
1F
100
AcDbEntity
  8
VIA_HOLES
 62
     7
100
AcDbHatch
 10
0.0
 20
0.0
 30
0.0
210
0.0
220
0.0
230
1.0
  2
SOLID
 70
     1
 71
     1
 91
        1
 92
        1
 93
        1
 72
     2
 10
7.55000014
 20
18.41483236
 40
0.1999996
 50
0.0
 51
360.0
 73
     1
 97
        1
330
153
 75
     0
 76
     1
 98
        0
  0
REGION
  5
155
102
{ACAD_REACTORS
330
156
102
}
330
1F
100
AcDbEntity
  8
VIA_HOLES
 62
     7
100
AcDbModelerGeometry
 70
     1
  1
noi nn n o 
  1
=0;& {rn {no {rn {rn |
  1
/061+ {rn lqffnnfjfhfffffffi ngqjimgjlkooooooom o |
  1
):-+:' {rn {k {n |
  1
:336/,:r<*-): {rn lqhfnnfilhfffffffh ngqjimgjlkooooooom o o o n oqnfffffi o o n o o |
  1
:;8: {rn {m {m {j {l o |
  1
<0:;8: {rn {j {j {rn {k o {i {rn |
  1
300/ {rn {rn {j {g |
  1
/3>1:r,*-9><: {rn lqifnnfijhfffffffh ngqjimgjlkooooooom o o o n rn o o o o o o o |
  1
9><: {rn {rn {i {f {rn {h o n o |
  1
,7:33 {rn {rn {rn {g {no |
  1
3*2/ {rn {rn {f {o |
  1
Z1;r09r^ \VLr;>+> 
1001
ACAD_OBJECT_CHANGE_GUID
1070
     1
1071
-1580172471
1070
 18339
1070
 18951
1070
   178
1070
    56
1070
    92
1070
    89
1070
    53
1070
   183
1070
   253
1070
     1
  0
HATCH
  5
156
330
1F
100
AcDbEntity
  8
VIA_HOLES
 62
     7
100
AcDbHatch
 10
0.0
 20
0.0
 30
0.0
210
0.0
220
0.0
230
1.0
  2
SOLID
 70
     1
 71
     1
 91
        1
 92
        1
 93
        1
 72
     2
 10
3.79119638
 20
18.5628534
 40
0.1999996
 50
0.0
 51
360.0
 73
     1
 97
        1
330
155
 75
     0
 76
     1
 98
        0
  0
REGION
  5
157
102
{ACAD_REACTORS
330
158
102
}
330
1F
100
AcDbEntity
  8
VIA_HOLES
 62
     7
100
AcDbModelerGeometry
 70
     1
  1
noi nn n o 
  1
=0;& {rn {no {rn {rn |
  1
/061+ {rn nkqjnfgminhfffffff moqgonijjnnfffffff o |
  1
):-+:' {rn {k {n |
  1
:336/,:r<*-): {rn nkqlnfgmijhfffffff moqgonijjnnfffffff o o o n oqnfffffi o o n o o |
  1
:;8: {rn {m {m {j {l o |
  1
<0:;8: {rn {j {j {rn {k o {i {rn |
  1
300/ {rn {rn {j {g |
  1
/3>1:r,*-9><: {rn nkqmnfgmihhffffffg moqgonijjnnfffffff o o o n rn o o o o o o o |
  1
9><: {rn {rn {i {f {rn {h o n o |
  1
,7:33 {rn {rn {rn {g {no |
  1
3*2/ {rn {rn {f {o |
  1
Z1;r09r^ \VLr;>+> 
1001
ACAD_OBJECT_CHANGE_GUID
1070
     1
1071
1277924101
1070
-28054
1070
 19067
1070
   144
1070
    91
1070
    78
1070
   218
1070
   108
1070
    57
1070
   165
1070
    28
  0
HATCH
  5
158
330
1F
100
AcDbEntity
  8
VIA_HOLES
 62
     7
100
AcDbHatch
 10
0.0
 20
0.0
 30
0.0
210
0.0
220
0.0
230
1.0
  2
SOLID
 70
     1
 71
     1
 91
        1
 92
        1
 93
        1
 72
     2
 10
14.31982658
 20
20.80165512
 40
0.1999996
 50
0.0
 51
360.0
 73
     1
 97
        1
330
157
 75
     0
 76
     1
 98
        0
  0
REGION
  5
159
102
{ACAD_REACTORS
330
15A
102
}
330
1F
100
AcDbEntity
  8
VIA_HOLES
 62
     7
100
AcDbModelerGeometry
 70
     1
  1
noi nn n o 
  1
=0;& {rn {no {rn {rn |
  1
/061+ {rn nmqhoflnihnfffffff nfqloinlink o |
  1
):-+:' {rn {k {n |
  1
:336/,:r<*-): {rn nmqjoflnhnnfffffff nfqloinlink o o o n oqnfffffi o o n o o |
  1
:;8: {rn {m {m {j {l o |
  1
<0:;8: {rn {j {j {rn {k o {i {rn |
  1
300/ {rn {rn {j {g |
  1
/3>1:r,*-9><: {rn nmqkoflnhlm nfqloinlink o o o n rn o o o o o o o |
  1
9><: {rn {rn {i {f {rn {h o n o |
  1
,7:33 {rn {rn {rn {g {no |
  1
3*2/ {rn {rn {f {o |
  1
Z1;r09r^ \VLr;>+> 
1001
ACAD_OBJECT_CHANGE_GUID
1070
     1
1071
1265549343
1070
 23353
1070
 19188
1070
   154
1070
   116
1070
   149
1070
    50
1070
    94
1070
   253
1070
    18
1070
     2
  0
HATCH
  5
15A
330
1F
100
AcDbEntity
  8
VIA_HOLES
 62
     7
100
AcDbHatch
 10
0.0
 20
0.0
 30
0.0
210
0.0
220
0.0
230
1.0
  2
SOLID
 70
     1
 71
     1
 91
        1
 92
        1
 93
        1
 72
     2
 10
12.50931712
 20
19.30613614
 40
0.1999996
 50
0.0
 51
360.0
 73
     1
 97
        1
330
159
 75
     0
 76
     1
 98
        0
  0
REGION
  5
15B
102
{ACAD_REACTORS
330
15C
102
}
330
1F
100
AcDbEntity
  8
VIA_HOLES
 62
     7
100
AcDbModelerGeometry
 70
     1
  1
noi nn n o 
  1
=0;& {rn {no {rn {rn |
  1
/061+ {rn noqhkfffggm ngqklgkhhmnfffffff o |
  1
):-+:' {rn {k {n |
  1
:336/,:r<*-): {rn noqjkffffmm ngqklgkhhmnfffffff o o o n oqnfffffi o o n o o |
  1
:;8: {rn {m {m {j {l o |
  1
<0:;8: {rn {j {j {rn {k o {i {rn |
  1
300/ {rn {rn {j {g |
  1
/3>1:r,*-9><: {rn noqkkffffkmoooooon ngqklgkhhmnfffffff o o o n rn o o o o o o o |
  1
9><: {rn {rn {i {f {rn {h o n o |
  1
,7:33 {rn {rn {rn {g {no |
  1
3*2/ {rn {rn {f {o |
  1
Z1;r09r^ \VLr;>+> 
1001
ACAD_OBJECT_CHANGE_GUID
1070
     1
1071
-1161597975
1070
-32469
1070
 19204
1070
   169
1070
   226
1070
   124
1070
   179
1070
    58
1070
   169
1070
   135
1070
    31
  0
HATCH
  5
15C
330
1F
100
AcDbEntity
  8
VIA_HOLES
 62
     7
100
AcDbHatch
 10
0.0
 20
0.0
 30
0.0
210
0.0
220
0.0
230
1.0
  2
SOLID
 70
     1
 71
     1
 91
        1
 92
        1
 93
        1
 72
     2
 10
10.54999922
 20
18.43847722
 40
0.1999996
 50
0.0
 51
360.0
 73
     1
 97
        1
330
15B
 75
     0
 76
     1
 98
        0
  0
REGION
  5
15D
102
{ACAD_REACTORS
330
15E
102
}
330
1F
100
AcDbEntity
  8
VIA_HOLES
 62
     7
100
AcDbModelerGeometry
 70
     1
  1
noi nn n o 
  1
=0;& {rn {no {rn {rn |
  1
/061+ {rn miqokfffgh loqhjoomkgjffffffi o |
  1
):-+:' {rn {k {n |
  1
:336/,:r<*-): {rn mjqgkffffofffffffg loqhjoomkgjffffffi o o o n oqnfffffi o o n o o |
  1
:;8: {rn {m {m {j {l o |
  1
<0:;8: {rn {j {j {rn {k o {i {rn |
  1
300/ {rn {rn {j {g |
  1
/3>1:r,*-9><: {rn mjqhkffffmffffffff loqhjoomkgjffffffi o o o n rn o o o o o o o |
  1
9><: {rn {rn {i {f {rn {h o n o |
  1
,7:33 {rn {rn {rn {g {no |
  1
3*2/ {rn {rn {f {o |
  1
Z1;r09r^ \VLr;>+> 
1001
ACAD_OBJECT_CHANGE_GUID
1070
     1
1071
-135062870
1070
  9902
1070
 18065
1070
   184
1070
    67
1070
    88
1070
    37
1070
   155
1070
   134
1070
   194
1070
    39
  0
HATCH
  5
15E
330
1F
100
AcDbEntity
  8
VIA_HOLES
 62
     7
100
AcDbHatch
 10
0.0
 20
0.0
 30
0.0
210
0.0
220
0.0
230
1.0
  2
SOLID
 70
     1
 71
     1
 91
        1
 92
        1
 93
        1
 72
     2
 10
25.8499991
 20
30.75002486
 40
0.1999996
 50
0.0
 51
360.0
 73
     1
 97
        1
330
15D
 75
     0
 76
     1
 98
        0
  0
REGION
  5
15F
102
{ACAD_REACTORS
330
160
102
}
330
1F
100
AcDbEntity
  8
VIA_HOLES
 62
     7
100
AcDbModelerGeometry
 70
     1
  1
noi nn n o 
  1
=0;& {rn {no {rn {rn |
  1
/061+ {rn liqinfljjmjfffffff miqmmjomhjjffffffh o |
  1
):-+:' {rn {k {n |
  1
:336/,:r<*-): {rn liqknfljjiioooooon miqmmjomhjjffffffh o o o n oqnfffffi o o n o o |
  1
:;8: {rn {m {m {j {l o |
  1
<0:;8: {rn {j {j {rn {k o {i {rn |
  1
300/ {rn {rn {j {g |
  1
/3>1:r,*-9><: {rn liqlnfljjgioooooom miqmmjomhjjffffffh o o o n rn o o o o o o o |
  1
9><: {rn {rn {i {f {rn {h o n o |
  1
,7:33 {rn {rn {rn {g {no |
  1
3*2/ {rn {rn {f {o |
  1
Z1;r09r^ \VLr;>+> 
1001
ACAD_OBJECT_CHANGE_GUID
1070
     1
1071
-387287881
1070
 18056
1070
 19582
1070
   129
1070
   219
1070
    58
1070
    92
1070
    22
1070
     5
1070
    87
1070
    54
  0
HATCH
  5
160
330
1F
100
AcDbEntity
  8
VIA_HOLES
 62
     7
100
AcDbHatch
 10
0.0
 20
0.0
 30
0.0
210
0.0
220
0.0
230
1.0
  2
SOLID
 70
     1
 71
     1
 91
        1
 92
        1
 93
        1
 72
     2
 10
36.41935566
 20
26.22502756
 40
0.1999996
 50
0.0
 51
360.0
 73
     1
 97
        1
330
15F
 75
     0
 76
     1
 98
        0
  0
REGION
  5
161
102
{ACAD_REACTORS
330
162
102
}
330
1F
100
AcDbEntity
  8
VIA_HOLES
 62
     7
100
AcDbModelerGeometry
 70
     1
  1
noi nn n o 
  1
=0;& {rn {no {rn {rn |
  1
/061+ {rn nmqhoflnihnfffffff lnqghjjfhfmoooooon o |
  1
):-+:' {rn {k {n |
  1
:336/,:r<*-): {rn nmqjoflnhnnfffffff lnqghjjfhfmoooooon o o o n oqnfffffi o o n o o |
  1
:;8: {rn {m {m {j {l o |
  1
<0:;8: {rn {j {j {rn {k o {i {rn |
  1
300/ {rn {rn {j {g |
  1
/3>1:r,*-9><: {rn nmqkoflnhlm lnqghjjfhfmooooook o o o n rn o o o o o o o |
  1
9><: {rn {rn {i {f {rn {h o n o |
  1
,7:33 {rn {rn {rn {g {no |
  1
3*2/ {rn {rn {f {o |
  1
Z1;r09r^ \VLr;>+> 
1001
ACAD_OBJECT_CHANGE_GUID
1070
     1
1071
1682367967
1070
 -8529
1070
 16601
1070
   138
1070
   180
1070
    87
1070
   138
1070
    45
1070
   215
1070
    10
1070
    97
  0
HATCH
  5
162
330
1F
100
AcDbEntity
  8
VIA_HOLES
 62
     7
100
AcDbHatch
 10
0.0
 20
0.0
 30
0.0
210
0.0
220
0.0
230
1.0
  2
SOLID
 70
     1
 71
     1
 91
        1
 92
        1
 93
        1
 72
     2
 10
12.50931712
 20
31.87559792
 40
0.1999996
 50
0.0
 51
360.0
 73
     1
 97
        1
330
161
 75
     0
 76
     1
 98
        0
  0
REGION
  5
163
102
{ACAD_REACTORS
330
164
102
}
330
1F
100
AcDbEntity
  8
VIA_HOLES
 62
     7
100
AcDbModelerGeometry
 70
     1
  1
noi nn n o 
  1
=0;& {rn {no {rn {rn |
  1
/061+ {rn nmqhoflnihnfffffff mfqoooomjgmoooooon o |
  1
):-+:' {rn {k {n |
  1
:336/,:r<*-): {rn nmqjoflnhnnfffffff mfqoooomjgmoooooon o o o n oqnfffffi o o n o o |
  1
:;8: {rn {m {m {j {l o |
  1
<0:;8: {rn {j {j {rn {k o {i {rn |
  1
300/ {rn {rn {j {g |
  1
/3>1:r,*-9><: {rn nmqkoflnhlm mfqoooomjgmoooooon o o o n rn o o o o o o o |
  1
9><: {rn {rn {i {f {rn {h o n o |
  1
,7:33 {rn {rn {rn {g {no |
  1
3*2/ {rn {rn {f {o |
  1
Z1;r09r^ \VLr;>+> 
1001
ACAD_OBJECT_CHANGE_GUID
1070
     1
1071
-326238790
1070
 18290
1070
 19889
1070
   188
1070
   179
1070
    38
1070
   125
1070
   203
1070
   148
1070
    49
1070
    29
  0
HATCH
  5
164
330
1F
100
AcDbEntity
  8
VIA_HOLES
 62
     7
100
AcDbHatch
 10
0.0
 20
0.0
 30
0.0
210
0.0
220
0.0
230
1.0
  2
SOLID
 70
     1
 71
     1
 91
        1
 92
        1
 93
        1
 72
     2
 10
12.50931712
 20
29.00002582
 40
0.1999996
 50
0.0
 51
360.0
 73
     1
 97
        1
330
163
 75
     0
 76
     1
 98
        0
  0
REGION
  5
165
102
{ACAD_REACTORS
330
166
102
}
330
1F
100
AcDbEntity
  8
VIA_HOLES
 62
     7
100
AcDbModelerGeometry
 70
     1
  1
noi nn n o 
  1
=0;& {rn {no {rn {rn |
  1
/061+ {rn nmqhoflnihnfffffff miqmljlnhn o |
  1
):-+:' {rn {k {n |
  1
:336/,:r<*-): {rn nmqjoflnhnnfffffff miqmljlnhn o o o n oqnfffffi o o n o o |
  1
:;8: {rn {m {m {j {l o |
  1
<0:;8: {rn {j {j {rn {k o {i {rn |
  1
300/ {rn {rn {j {g |
  1
/3>1:r,*-9><: {rn nmqkoflnhlm miqmljlnhn o o o n rn o o o o o o o |
  1
9><: {rn {rn {i {f {rn {h o n o |
  1
,7:33 {rn {rn {rn {g {no |
  1
3*2/ {rn {rn {f {o |
  1
Z1;r09r^ \VLr;>+> 
1001
ACAD_OBJECT_CHANGE_GUID
1070
     1
1071
-1043748293
1070
  6639
1070
 20309
1070
   156
1070
   197
1070
   172
1070
    81
1070
    12
1070
   152
1070
   188
1070
   148
  0
HATCH
  5
166
330
1F
100
AcDbEntity
  8
VIA_HOLES
 62
     7
100
AcDbHatch
 10
0.0
 20
0.0
 30
0.0
210
0.0
220
0.0
230
1.0
  2
SOLID
 70
     1
 71
     1
 91
        1
 92
        1
 93
        1
 72
     2
 10
12.50931712
 20
26.2353171
 40
0.1999996
 50
0.0
 51
360.0
 73
     1
 97
        1
330
165
 75
     0
 76
     1
 98
        0
  0
REGION
  5
167
102
{ACAD_REACTORS
330
168
102
}
330
1F
100
AcDbEntity
  8
VIA_HOLES
 62
     7
100
AcDbModelerGeometry
 70
     1
  1
noi nn n o 
  1
=0;& {rn {no {rn {rn |
  1
/061+ {rn noqmglhllji mfqoooomjgmoooooon o |
  1
):-+:' {rn {k {n |
  1
:336/,:r<*-): {rn noqoglhllfi mfqoooomjgmoooooon o o o n oqnfffffi o o n o o |
  1
:;8: {rn {m {m {j {l o |
  1
<0:;8: {rn {j {j {rn {k o {i {rn |
  1
300/ {rn {rn {j {g |
  1
/3>1:r,*-9><: {rn fqfglhlkniooooooof mfqoooomjgmoooooon o o o n rn o o o o o o o |
  1
9><: {rn {rn {i {f {rn {h o n o |
  1
,7:33 {rn {rn {rn {g {no |
  1
3*2/ {rn {rn {f {o |
  1
Z1;r09r^ \VLr;>+> 
1001
ACAD_OBJECT_CHANGE_GUID
1070
     1
1071
-867706513
1070
   783
1070
 16831
1070
   168
1070
   219
1070
    44
1070
    37
1070
    58
1070
     1
1070
   217
1070
    32
  0
HATCH
  5
168
330
1F
100
AcDbEntity
  8
VIA_HOLES
 62
     7
100
AcDbHatch
 10
0.0
 20
0.0
 30
0.0
210
0.0
220
0.0
230
1.0
  2
SOLID
 70
     1
 71
     1
 91
        1
 92
        1
 93
        1
 72
     2
 10
10.08373396
 20
29.00002582
 40
0.1999996
 50
0.0
 51
360.0
 73
     1
 97
        1
330
167
 75
     0
 76
     1
 98
        0
  0
REGION
  5
169
102
{ACAD_REACTORS
330
16A
102
}
330
1F
100
AcDbEntity
  8
VIA_HOLES
 62
     7
100
AcDbModelerGeometry
 70
     1
  1
noi nn n o 
  1
=0;& {rn {no {rn {rn |
  1
/061+ {rn hqonfgmjflfffffffi lnqggmhilmioooooon o |
  1
):-+:' {rn {k {n |
  1
:336/,:r<*-): {rn iqgnfgmillfffffffh lnqggmhilmioooooon o o o n oqnfffffi o o n o o |
  1
:;8: {rn {m {m {j {l o |
  1
<0:;8: {rn {j {j {rn {k o {i {rn |
  1
300/ {rn {rn {j {g |
  1
/3>1:r,*-9><: {rn iqhnfgmijlfffffffh lnqggmhilmiooooook o o o n rn o o o o o o o |
  1
9><: {rn {rn {i {f {rn {h o n o |
  1
,7:33 {rn {rn {rn {g {no |
  1
3*2/ {rn {rn {f {o |
  1
Z1;r09r^ \VLr;>+> 
1001
ACAD_OBJECT_CHANGE_GUID
1070
     1
1071
-611644971
1070
 14478
1070
 18839
1070
   155
1070
   135
1070
   252
1070
   135
1070
   160
1070
   243
1070
   127
1070
    30
  0
HATCH
  5
16A
330
1F
100
AcDbEntity
  8
VIA_HOLES
 62
     7
100
AcDbHatch
 10
0.0
 20
0.0
 30
0.0
210
0.0
220
0.0
230
1.0
  2
SOLID
 70
     1
 71
     1
 91
        1
 92
        1
 93
        1
 72
     2
 10
6.81982634
 20
31.88276326
 40
0.1999996
 50
0.0
 51
360.0
 73
     1
 97
        1
330
169
 75
     0
 76
     1
 98
        0
  0
REGION
  5
16B
102
{ACAD_REACTORS
330
16C
102
}
330
1F
100
AcDbEntity
  8
VIA_HOLES
 62
     7
100
AcDbModelerGeometry
 70
     1
  1
noi nn n o 
  1
=0;& {rn {no {rn {rn |
  1
/061+ {rn noqlffjijng lnqggmhilmioooooon o |
  1
):-+:' {rn {k {n |
  1
:336/,:r<*-): {rn noqnffjijjg lnqggmhilmioooooon o o o n oqnfffffi o o n o o |
  1
:;8: {rn {m {m {j {l o |
  1
<0:;8: {rn {j {j {rn {k o {i {rn |
  1
300/ {rn {rn {j {g |
  1
/3>1:r,*-9><: {rn noqoffjijhhfffffff lnqggmhilmiooooook o o o n rn o o o o o o o |
  1
9><: {rn {rn {i {f {rn {h o n o |
  1
,7:33 {rn {rn {rn {g {no |
  1
3*2/ {rn {rn {f {o |
  1
Z1;r09r^ \VLr;>+> 
1001
ACAD_OBJECT_CHANGE_GUID
1070
     1
1071
-451998888
1070
-20447
1070
 18395
1070
   142
1070
    69
1070
    93
1070
     2
1070
    96
1070
   223
1070
    55
1070
    75
  0
HATCH
  5
16C
330
1F
100
AcDbEntity
  8
VIA_HOLES
 62
     7
100
AcDbHatch
 10
0.0
 20
0.0
 30
0.0
210
0.0
220
0.0
230
1.0
  2
SOLID
 70
     1
 71
     1
 91
        1
 92
        1
 93
        1
 72
     2
 10
10.19956558
 20
31.88276326
 40
0.1999996
 50
0.0
 51
360.0
 73
     1
 97
        1
330
16B
 75
     0
 76
     1
 98
        0
  0
REGION
  5
16D
102
{ACAD_REACTORS
330
16E
102
}
330
1F
100
AcDbEntity
  8
VIA_HOLES
 62
     7
100
AcDbModelerGeometry
 70
     1
  1
noi nn n o 
  1
=0;& {rn {no {rn {rn |
  1
/061+ {rn njqnooooomhffffffg mgqmooomkggoooooon o |
  1
):-+:' {rn {k {n |
  1
:336/,:r<*-): {rn nkqfoooooihffffffg mgqmooomkggoooooon o o o n oqnfffffi o o n o o |
  1
:;8: {rn {m {m {j {l o |
  1
<0:;8: {rn {j {j {rn {k o {i {rn |
  1
300/ {rn {rn {j {g |
  1
/3>1:r,*-9><: {rn nkqgoooooghfffffff mgqmooomkggoooooon o o o n rn o o o o o o o |
  1
9><: {rn {rn {i {f {rn {h o n o |
  1
,7:33 {rn {rn {rn {g {no |
  1
3*2/ {rn {rn {f {o |
  1
Z1;r09r^ \VLr;>+> 
1001
ACAD_OBJECT_CHANGE_GUID
1070
     1
1071
864380680
1070
 -8649
1070
 17003
1070
   187
1070
    28
1070
   215
1070
   215
1070
    60
1070
   214
1070
    74
1070
   234
  0
HATCH
  5
16E
330
1F
100
AcDbEntity
  8
VIA_HOLES
 62
     7
100
AcDbHatch
 10
0.0
 20
0.0
 30
0.0
210
0.0
220
0.0
230
1.0
  2
SOLID
 70
     1
 71
     1
 91
        1
 92
        1
 93
        1
 72
     2
 10
14.90000068
 20
28.20002488
 40
0.1999996
 50
0.0
 51
360.0
 73
     1
 97
        1
330
16D
 75
     0
 76
     1
 98
        0
  0
REGION
  5
16F
102
{ACAD_REACTORS
330
170
102
}
330
1F
100
AcDbEntity
  8
VIA_HOLES
 62
     7
100
AcDbModelerGeometry
 70
     1
  1
noi nn n o 
  1
=0;& {rn {no {rn {rn |
  1
/061+ {rn njqnooooomhffffffg loqlkggkmonffffffi o |
  1
):-+:' {rn {k {n |
  1
:336/,:r<*-): {rn nkqfoooooihffffffg loqlkggkmonffffffi o o o n oqnfffffi o o n o o |
  1
:;8: {rn {m {m {j {l o |
  1
<0:;8: {rn {j {j {rn {k o {i {rn |
  1
300/ {rn {rn {j {g |
  1
/3>1:r,*-9><: {rn nkqgoooooghfffffff loqlkggkmonffffffi o o o n rn o o o o o o o |
  1
9><: {rn {rn {i {f {rn {h o n o |
  1
,7:33 {rn {rn {rn {g {no |
  1
3*2/ {rn {rn {f {o |
  1
Z1;r09r^ \VLr;>+> 
1001
ACAD_OBJECT_CHANGE_GUID
1070
     1
1071
-183525320
1070
-11817
1070
 17448
1070
   146
1070
    57
1070
    83
1070
   235
1070
   241
1070
    28
1070
   138
1070
   111
  0
HATCH
  5
170
330
1F
100
AcDbEntity
  8
VIA_HOLES
 62
     7
100
AcDbHatch
 10
0.0
 20
0.0
 30
0.0
210
0.0
220
0.0
230
1.0
  2
SOLID
 70
     1
 71
     1
 91
        1
 92
        1
 93
        1
 72
     2
 10
14.90000068
 20
30.34884202
 40
0.1999996
 50
0.0
 51
360.0
 73
     1
 97
        1
330
16F
 75
     0
 76
     1
 98
        0
  0
REGION
  5
171
102
{ACAD_REACTORS
330
172
102
}
330
1F
100
AcDbEntity
  8
VIA_HOLES
 62
     7
100
AcDbModelerGeometry
 70
     1
  1
noi nn n o 
  1
=0;& {rn {no {rn {rn |
  1
/061+ {rn njqnooooomhffffffg lmqijggkjomoooooon o |
  1
):-+:' {rn {k {n |
  1
:336/,:r<*-): {rn nkqfoooooihffffffg lmqijggkjomoooooon o o o n oqnfffffi o o n o o |
  1
:;8: {rn {m {m {j {l o |
  1
<0:;8: {rn {j {j {rn {k o {i {rn |
  1
300/ {rn {rn {j {g |
  1
/3>1:r,*-9><: {rn nkqgoooooghfffffff lmqijggkjomoooooon o o o n rn o o o o o o o |
  1
9><: {rn {rn {i {f {rn {h o n o |
  1
,7:33 {rn {rn {rn {g {no |
  1
3*2/ {rn {rn {f {o |
  1
Z1;r09r^ \VLr;>+> 
1001
ACAD_OBJECT_CHANGE_GUID
1070
     1
1071
981352530
1070
 18030
1070
 18443
1070
   186
1070
   225
1070
    99
1070
    30
1070
     6
1070
   209
1070
     7
1070
    62
  0
HATCH
  5
172
330
1F
100
AcDbEntity
  8
VIA_HOLES
 62
     7
100
AcDbHatch
 10
0.0
 20
0.0
 30
0.0
210
0.0
220
0.0
230
1.0
  2
SOLID
 70
     1
 71
     1
 91
        1
 92
        1
 93
        1
 72
     2
 10
14.90000068
 20
32.65884502
 40
0.1999996
 50
0.0
 51
360.0
 73
     1
 97
        1
330
171
 75
     0
 76
     1
 98
        0
  0
REGION
  5
173
102
{ACAD_REACTORS
330
174
102
}
330
1F
100
AcDbEntity
  8
VIA_HOLES
 62
     7
100
AcDbModelerGeometry
 70
     1
  1
noi nn n o 
  1
=0;& {rn {no {rn {rn |
  1
/061+ {rn nlqgooooollfffffff lkqmooomjjhffffffj o |
  1
):-+:' {rn {k {n |
  1
:336/,:r<*-): {rn nlqiooooohlfffffff lkqmooomjjhffffffj o o o n oqnfffffi o o n o o |
  1
:;8: {rn {m {m {j {l o |
  1
<0:;8: {rn {j {j {rn {k o {i {rn |
  1
300/ {rn {rn {j {g |
  1
/3>1:r,*-9><: {rn nlqjooooofk lkqmooomjjhffffffj o o o n rn o o o o o o o |
  1
9><: {rn {rn {i {f {rn {h o n o |
  1
,7:33 {rn {rn {rn {g {no |
  1
3*2/ {rn {rn {f {o |
  1
Z1;r09r^ \VLr;>+> 
1001
ACAD_OBJECT_CHANGE_GUID
1070
     1
1071
1818813836
1070
-17697
1070
 16708
1070
   151
1070
   162
1070
    48
1070
    72
1070
   201
1070
    97
1070
   255
1070
   249
  0
HATCH
  5
174
330
1F
100
AcDbEntity
  8
VIA_HOLES
 62
     7
100
AcDbHatch
 10
0.0
 20
0.0
 30
0.0
210
0.0
220
0.0
230
1.0
  2
SOLID
 70
     1
 71
     1
 91
        1
 92
        1
 93
        1
 72
     2
 10
13.60000074
 20
34.20002557999999
 40
0.1999996
 50
0.0
 51
360.0
 73
     1
 97
        1
330
173
 75
     0
 76
     1
 98
        0
  0
REGION
  5
175
102
{ACAD_REACTORS
330
176
102
}
330
1F
100
AcDbEntity
  8
VIA_HOLES
 62
     7
100
AcDbModelerGeometry
 70
     1
  1
noi nn n o 
  1
=0;& {rn {no {rn {rn |
  1
/061+ {rn noqljffffi lkqmooomjjhffffffj o |
  1
):-+:' {rn {k {n |
  1
:336/,:r<*-): {rn noqni lkqmooomjjhffffffj o o o n oqnfffffi o o n o o |
  1
:;8: {rn {m {m {j {l o |
  1
<0:;8: {rn {j {j {rn {k o {i {rn |
  1
300/ {rn {rn {j {g |
  1
/3>1:r,*-9><: {rn noqoioooomooooooon lkqmooomjjhffffffj o o o n rn o o o o o o o |
  1
9><: {rn {rn {i {f {rn {h o n o |
  1
,7:33 {rn {rn {rn {g {no |
  1
3*2/ {rn {rn {f {o |
  1
Z1;r09r^ \VLr;>+> 
1001
ACAD_OBJECT_CHANGE_GUID
1070
     1
1071
-684031864
1070
 -8677
1070
 18436
1070
   143
1070
   114
1070
   162
1070
   140
1070
   236
1070
    99
1070
   171
1070
    68
  0
HATCH
  5
176
330
1F
100
AcDbEntity
  8
VIA_HOLES
 62
     7
100
AcDbHatch
 10
0.0
 20
0.0
 30
0.0
210
0.0
220
0.0
230
1.0
  2
SOLID
 70
     1
 71
     1
 91
        1
 92
        1
 93
        1
 72
     2
 10
10.16
 20
34.20002557999999
 40
0.1999996
 50
0.0
 51
360.0
 73
     1
 97
        1
330
175
 75
     0
 76
     1
 98
        0
  0
REGION
  5
177
102
{ACAD_REACTORS
330
178
102
}
330
1F
100
AcDbEntity
  8
VIA_HOLES
 62
     7
100
AcDbModelerGeometry
 70
     1
  1
noi nn n o 
  1
=0;& {rn {no {rn {rn |
  1
/061+ {rn hqonfgmjflfffffffi lkqmooomjjhffffffj o |
  1
):-+:' {rn {k {n |
  1
:336/,:r<*-): {rn iqgnfgmillfffffffh lkqmooomjjhffffffj o o o n oqnfffffi o o n o o |
  1
:;8: {rn {m {m {j {l o |
  1
<0:;8: {rn {j {j {rn {k o {i {rn |
  1
300/ {rn {rn {j {g |
  1
/3>1:r,*-9><: {rn iqhnfgmijlfffffffh lkqmooomjjhffffffj o o o n rn o o o o o o o |
  1
9><: {rn {rn {i {f {rn {h o n o |
  1
,7:33 {rn {rn {rn {g {no |
  1
3*2/ {rn {rn {f {o |
  1
Z1;r09r^ \VLr;>+> 
1001
ACAD_OBJECT_CHANGE_GUID
1070
     1
1071
1770272768
1070
 25386
1070
 17834
1070
   145
1070
   111
1070
   100
1070
     4
1070
   136
1070
    44
1070
   173
1070
    50
  0
HATCH
  5
178
330
1F
100
AcDbEntity
  8
VIA_HOLES
 62
     7
100
AcDbHatch
 10
0.0
 20
0.0
 30
0.0
210
0.0
220
0.0
230
1.0
  2
SOLID
 70
     1
 71
     1
 91
        1
 92
        1
 93
        1
 72
     2
 10
6.81982634
 20
34.20002557999999
 40
0.1999996
 50
0.0
 51
360.0
 73
     1
 97
        1
330
177
 75
     0
 76
     1
 98
        0
  0
REGION
  5
179
102
{ACAD_REACTORS
330
17A
102
}
330
1F
100
AcDbEntity
  8
VIA_HOLES
 62
     7
100
AcDbModelerGeometry
 70
     1
  1
noi nn n o 
  1
=0;& {rn {no {rn {rn |
  1
/061+ {rn nqliohmgg lkqmooomjjhffffffj o |
  1
):-+:' {rn {k {n |
  1
:336/,:r<*-): {rn nqniohmfm lkqmooomjjhffffffj o o o n oqnfffffi o o n o o |
  1
:;8: {rn {m {m {j {l o |
  1
<0:;8: {rn {j {j {rn {k o {i {rn |
  1
300/ {rn {rn {j {g |
  1
/3>1:r,*-9><: {rn nqoiohmfk lkqmooomjjhffffffj o o o n rn o o o o o o o |
  1
9><: {rn {rn {i {f {rn {h o n o |
  1
,7:33 {rn {rn {rn {g {no |
  1
3*2/ {rn {rn {f {o |
  1
Z1;r09r^ \VLr;>+> 
1001
ACAD_OBJECT_CHANGE_GUID
1070
     1
1071
-1274667391
1070
-16735
1070
 16542
1070
   144
1070
    38
1070
   231
1070
   139
1070
    30
1070
   159
1070
   225
1070
   134
  0
HATCH
  5
17A
330
1F
100
AcDbEntity
  8
VIA_HOLES
 62
     7
100
AcDbHatch
 10
0.0
 20
0.0
 30
0.0
210
0.0
220
0.0
230
1.0
  2
SOLID
 70
     1
 71
     1
 91
        1
 92
        1
 93
        1
 72
     2
 10
1.1607292
 20
34.20002557999999
 40
0.1999996
 50
0.0
 51
360.0
 73
     1
 97
        1
330
179
 75
     0
 76
     1
 98
        0
  0
REGION
  5
17B
102
{ACAD_REACTORS
330
17C
102
}
330
1F
100
AcDbEntity
  8
VIA_HOLES
 62
     7
100
AcDbModelerGeometry
 70
     1
  1
noi nn n o 
  1
=0;& {rn {no {rn {rn |
  1
/061+ {rn lqfimlkknnfffffffi lkqmooomjjhffffffj o |
  1
):-+:' {rn {k {n |
  1
:336/,:r<*-): {rn lqhimlkkjnfffffffi lkqmooomjjhffffffj o o o n oqnfffffi o o n o o |
  1
:;8: {rn {m {m {j {l o |
  1
<0:;8: {rn {j {j {rn {k o {i {rn |
  1
300/ {rn {rn {j {g |
  1
/3>1:r,*-9><: {rn lqiimlkkhnfffffffh lkqmooomjjhffffffj o o o n rn o o o o o o o |
  1
9><: {rn {rn {i {f {rn {h o n o |
  1
,7:33 {rn {rn {rn {g {no |
  1
3*2/ {rn {rn {f {o |
  1
Z1;r09r^ \VLr;>+> 
1001
ACAD_OBJECT_CHANGE_GUID
1070
     1
1071
-625035744
1070
-15099
1070
 17372
1070
   170
1070
    17
1070
   191
1070
    20
1070
    31
1070
   217
1070
    92
1070
   124
  0
HATCH
  5
17C
330
1F
100
AcDbEntity
  8
VIA_HOLES
 62
     7
100
AcDbHatch
 10
0.0
 20
0.0
 30
0.0
210
0.0
220
0.0
230
1.0
  2
SOLID
 70
     1
 71
     1
 91
        1
 92
        1
 93
        1
 72
     2
 10
3.76234452
 20
34.20002557999999
 40
0.1999996
 50
0.0
 51
360.0
 73
     1
 97
        1
330
17B
 75
     0
 76
     1
 98
        0
  0
REGION
  5
17D
102
{ACAD_REACTORS
330
17E
102
}
330
1F
100
AcDbEntity
  8
VIA_HOLES
 62
     7
100
AcDbModelerGeometry
 70
     1
  1
noi nn n o 
  1
=0;& {rn {no {rn {rn |
  1
/061+ {rn noqljffffi liqmggkhhog o |
  1
):-+:' {rn {k {n |
  1
:336/,:r<*-): {rn noqni liqmggkhhog o o o n oqnfffffi o o n o o |
  1
:;8: {rn {m {m {j {l o |
  1
<0:;8: {rn {j {j {rn {k o {i {rn |
  1
300/ {rn {rn {j {g |
  1
/3>1:r,*-9><: {rn noqoioooomooooooon liqmggkhhog o o o n rn o o o o o o o |
  1
9><: {rn {rn {i {f {rn {h o n o |
  1
,7:33 {rn {rn {rn {g {no |
  1
3*2/ {rn {rn {f {o |
  1
Z1;r09r^ \VLr;>+> 
1001
ACAD_OBJECT_CHANGE_GUID
1070
     1
1071
2139962945
1070
 -8640
1070
 20472
1070
   168
1070
    45
1070
   161
1070
    82
1070
   190
1070
   158
1070
   196
1070
   161
  0
HATCH
  5
17E
330
1F
100
AcDbEntity
  8
VIA_HOLES
 62
     7
100
AcDbHatch
 10
0.0
 20
0.0
 30
0.0
210
0.0
220
0.0
230
1.0
  2
SOLID
 70
     1
 71
     1
 91
        1
 92
        1
 93
        1
 72
     2
 10
10.16
 20
36.28847708
 40
0.1999996
 50
0.0
 51
360.0
 73
     1
 97
        1
330
17D
 75
     0
 76
     1
 98
        0
  0
REGION
  5
17F
102
{ACAD_REACTORS
330
180
102
}
330
1F
100
AcDbEntity
  8
VIA_HOLES
 62
     7
100
AcDbModelerGeometry
 70
     1
  1
noi nn n o 
  1
=0;& {rn {no {rn {rn |
  1
/061+ {rn hqonfgmjflfffffffi liqlooomikjffffffg o |
  1
):-+:' {rn {k {n |
  1
:336/,:r<*-): {rn iqgnfgmillfffffffh liqlooomikjffffffg o o o n oqnfffffi o o n o o |
  1
:;8: {rn {m {m {j {l o |
  1
<0:;8: {rn {j {j {rn {k o {i {rn |
  1
300/ {rn {rn {j {g |
  1
/3>1:r,*-9><: {rn iqhnfgmijlfffffffh liqlooomikjffffffg o o o n rn o o o o o o o |
  1
9><: {rn {rn {i {f {rn {h o n o |
  1
,7:33 {rn {rn {rn {g {no |
  1
3*2/ {rn {rn {f {o |
  1
Z1;r09r^ \VLr;>+> 
1001
ACAD_OBJECT_CHANGE_GUID
1070
     1
1071
1601263206
1070
-28182
1070
 17560
1070
   133
1070
   116
1070
   242
1070
    58
1070
   135
1070
   235
1070
   122
1070
   208
  0
HATCH
  5
180
330
1F
100
AcDbEntity
  8
VIA_HOLES
 62
     7
100
AcDbHatch
 10
0.0
 20
0.0
 30
0.0
210
0.0
220
0.0
230
1.0
  2
SOLID
 70
     1
 71
     1
 91
        1
 92
        1
 93
        1
 72
     2
 10
6.81982634
 20
36.30002646
 40
0.1999996
 50
0.0
 51
360.0
 73
     1
 97
        1
330
17F
 75
     0
 76
     1
 98
        0
  0
REGION
  5
181
102
{ACAD_REACTORS
330
182
102
}
330
1F
100
AcDbEntity
  8
VIA_HOLES
 62
     7
100
AcDbModelerGeometry
 70
     1
  1
noi nn n o 
  1
=0;& {rn {no {rn {rn |
  1
/061+ {rn lqfimlkknnfffffffi liqlooomikjffffffg o |
  1
):-+:' {rn {k {n |
  1
:336/,:r<*-): {rn lqhimlkkjnfffffffi liqlooomikjffffffg o o o n oqnfffffi o o n o o |
  1
:;8: {rn {m {m {j {l o |
  1
<0:;8: {rn {j {j {rn {k o {i {rn |
  1
300/ {rn {rn {j {g |
  1
/3>1:r,*-9><: {rn lqiimlkkhnfffffffh liqlooomikjffffffg o o o n rn o o o o o o o |
  1
9><: {rn {rn {i {f {rn {h o n o |
  1
,7:33 {rn {rn {rn {g {no |
  1
3*2/ {rn {rn {f {o |
  1
Z1;r09r^ \VLr;>+> 
1001
ACAD_OBJECT_CHANGE_GUID
1070
     1
1071
-1021950796
1070
 21430
1070
 19304
1070
   135
1070
   184
1070
   172
1070
   195
1070
   142
1070
   169
1070
    35
1070
   144
  0
HATCH
  5
182
330
1F
100
AcDbEntity
  8
VIA_HOLES
 62
     7
100
AcDbHatch
 10
0.0
 20
0.0
 30
0.0
210
0.0
220
0.0
230
1.0
  2
SOLID
 70
     1
 71
     1
 91
        1
 92
        1
 93
        1
 72
     2
 10
3.76234452
 20
36.30002646
 40
0.1999996
 50
0.0
 51
360.0
 73
     1
 97
        1
330
181
 75
     0
 76
     1
 98
        0
  0
REGION
  5
183
102
{ACAD_REACTORS
330
184
102
}
330
1F
100
AcDbEntity
  8
VIA_HOLES
 62
     7
100
AcDbModelerGeometry
 70
     1
  1
noi nn n o 
  1
=0;& {rn {no {rn {rn |
  1
/061+ {rn lqffnnfjfhfffffffi lnqggmhilmioooooon o |
  1
):-+:' {rn {k {n |
  1
:336/,:r<*-): {rn lqhfnnfilhfffffffh lnqggmhilmioooooon o o o n oqnfffffi o o n o o |
  1
:;8: {rn {m {m {j {l o |
  1
<0:;8: {rn {j {j {rn {k o {i {rn |
  1
300/ {rn {rn {j {g |
  1
/3>1:r,*-9><: {rn lqifnnfijhfffffffh lnqggmhilmiooooook o o o n rn o o o o o o o |
  1
9><: {rn {rn {i {f {rn {h o n o |
  1
,7:33 {rn {rn {rn {g {no |
  1
3*2/ {rn {rn {f {o |
  1
Z1;r09r^ \VLr;>+> 
1001
ACAD_OBJECT_CHANGE_GUID
1070
     1
1071
759605182
1070
-18381
1070
 17775
1070
   171
1070
   214
1070
     6
1070
    86
1070
   138
1070
   237
1070
   175
1070
    89
  0
HATCH
  5
184
330
1F
100
AcDbEntity
  8
VIA_HOLES
 62
     7
100
AcDbHatch
 10
0.0
 20
0.0
 30
0.0
210
0.0
220
0.0
230
1.0
  2
SOLID
 70
     1
 71
     1
 91
        1
 92
        1
 93
        1
 72
     2
 10
3.79119638
 20
31.88276326
 40
0.1999996
 50
0.0
 51
360.0
 73
     1
 97
        1
330
183
 75
     0
 76
     1
 98
        0
  0
REGION
  5
185
102
{ACAD_REACTORS
330
186
102
}
330
1F
100
AcDbEntity
  8
VIA_HOLES
 62
     7
100
AcDbModelerGeometry
 70
     1
  1
noi nn n o 
  1
=0;& {rn {no {rn {rn |
  1
/061+ {rn hqonfgmjflfffffffi mfqhilomijhffffffg o |
  1
):-+:' {rn {k {n |
  1
:336/,:r<*-): {rn iqgnfgmillfffffffh mfqhilomijhffffffg o o o n oqnfffffi o o n o o |
  1
:;8: {rn {m {m {j {l o |
  1
<0:;8: {rn {j {j {rn {k o {i {rn |
  1
300/ {rn {rn {j {g |
  1
/3>1:r,*-9><: {rn iqhnfgmijlfffffffh mfqhilomijhffffffg o o o n rn o o o o o o o |
  1
9><: {rn {rn {i {f {rn {h o n o |
  1
,7:33 {rn {rn {rn {g {no |
  1
3*2/ {rn {rn {f {o |
  1
Z1;r09r^ \VLr;>+> 
1001
ACAD_OBJECT_CHANGE_GUID
1070
     1
1071
-407426836
1070
-16422
1070
 19857
1070
   173
1070
   133
1070
   167
1070
   190
1070
    43
1070
    25
1070
   254
1070
   217
  0
HATCH
  5
186
330
1F
100
AcDbEntity
  8
VIA_HOLES
 62
     7
100
AcDbHatch
 10
0.0
 20
0.0
 30
0.0
210
0.0
220
0.0
230
1.0
  2
SOLID
 70
     1
 71
     1
 91
        1
 92
        1
 93
        1
 72
     2
 10
6.81982634
 20
29.76302658
 40
0.1999996
 50
0.0
 51
360.0
 73
     1
 97
        1
330
185
 75
     0
 76
     1
 98
        0
  0
REGION
  5
187
102
{ACAD_REACTORS
330
188
102
}
330
1F
100
AcDbEntity
  8
VIA_HOLES
 62
     7
100
AcDbModelerGeometry
 70
     1
  1
noi nn n o 
  1
=0;& {rn {no {rn {rn |
  1
/061+ {rn noqljffffi miqmmjomhjjffffffh o |
  1
):-+:' {rn {k {n |
  1
:336/,:r<*-): {rn noqni miqmmjomhjjffffffh o o o n oqnfffffi o o n o o |
  1
:;8: {rn {m {m {j {l o |
  1
<0:;8: {rn {j {j {rn {k o {i {rn |
  1
300/ {rn {rn {j {g |
  1
/3>1:r,*-9><: {rn noqoioooomooooooon miqmmjomhjjffffffh o o o n rn o o o o o o o |
  1
9><: {rn {rn {i {f {rn {h o n o |
  1
,7:33 {rn {rn {rn {g {no |
  1
3*2/ {rn {rn {f {o |
  1
Z1;r09r^ \VLr;>+> 
1001
ACAD_OBJECT_CHANGE_GUID
1070
     1
1071
222861283
1070
 -8315
1070
 18845
1070
   171
1070
   215
1070
   163
1070
   136
1070
   194
1070
   124
1070
    87
1070
   251
  0
HATCH
  5
188
330
1F
100
AcDbEntity
  8
VIA_HOLES
 62
     7
100
AcDbHatch
 10
0.0
 20
0.0
 30
0.0
210
0.0
220
0.0
230
1.0
  2
SOLID
 70
     1
 71
     1
 91
        1
 92
        1
 93
        1
 72
     2
 10
10.16
 20
26.22502756
 40
0.1999996
 50
0.0
 51
360.0
 73
     1
 97
        1
330
187
 75
     0
 76
     1
 98
        0
  0
REGION
  5
189
102
{ACAD_REACTORS
330
18A
102
}
330
1F
100
AcDbEntity
  8
VIA_HOLES
 62
     7
100
AcDbModelerGeometry
 70
     1
  1
noi nn n o 
  1
=0;& {rn {no {rn {rn |
  1
/061+ {rn njqnooooomhffffffg ljqlggkhillffffffh o |
  1
):-+:' {rn {k {n |
  1
:336/,:r<*-): {rn nkqfoooooihffffffg ljqlggkhillffffffh o o o n oqnfffffi o o n o o |
  1
:;8: {rn {m {m {j {l o |
  1
<0:;8: {rn {j {j {rn {k o {i {rn |
  1
300/ {rn {rn {j {g |
  1
/3>1:r,*-9><: {rn nkqgoooooghfffffff ljqlggkhillffffffh o o o n rn o o o o o o o |
  1
9><: {rn {rn {i {f {rn {h o n o |
  1
,7:33 {rn {rn {rn {g {no |
  1
3*2/ {rn {rn {f {o |
  1
Z1;r09r^ \VLr;>+> 
1001
ACAD_OBJECT_CHANGE_GUID
1070
     1
1071
-1971075035
1070
 26053
1070
 20336
1070
   174
1070
    32
1070
    31
1070
   249
1070
    96
1070
    92
1070
   193
1070
   154
  0
HATCH
  5
18A
330
1F
100
AcDbEntity
  8
VIA_HOLES
 62
     7
100
AcDbHatch
 10
0.0
 20
0.0
 30
0.0
210
0.0
220
0.0
230
1.0
  2
SOLID
 70
     1
 71
     1
 91
        1
 92
        1
 93
        1
 72
     2
 10
14.90000068
 20
35.38847634
 40
0.1999996
 50
0.0
 51
360.0
 73
     1
 97
        1
330
189
 75
     0
 76
     1
 98
        0
  0
REGION
  5
18B
102
{ACAD_REACTORS
330
18C
102
}
330
1F
100
AcDbEntity
  8
VIA_HOLES
 62
     7
100
AcDbModelerGeometry
 70
     1
  1
noi nn n o 
  1
=0;& {rn {no {rn {rn |
  1
/061+ {rn njqnooooomhffffffg miqnmkfjiikoooooon o |
  1
):-+:' {rn {k {n |
  1
:336/,:r<*-): {rn nkqfoooooihffffffg miqnmkfjiikoooooon o o o n oqnfffffi o o n o o |
  1
:;8: {rn {m {m {j {l o |
  1
<0:;8: {rn {j {j {rn {k o {i {rn |
  1
300/ {rn {rn {j {g |
  1
/3>1:r,*-9><: {rn nkqgoooooghfffffff miqnmkfjiikoooooon o o o n rn o o o o o o o |
  1
9><: {rn {rn {i {f {rn {h o n o |
  1
,7:33 {rn {rn {rn {g {no |
  1
3*2/ {rn {rn {f {o |
  1
Z1;r09r^ \VLr;>+> 
1001
ACAD_OBJECT_CHANGE_GUID
1070
     1
1071
-321932707
1070
 -2892
1070
 19718
1070
   154
1070
   134
1070
    47
1070
   206
1070
   213
1070
    43
1070
   216
1070
   173
  0
HATCH
  5
18C
330
1F
100
AcDbEntity
  8
VIA_HOLES
 62
     7
100
AcDbHatch
 10
0.0
 20
0.0
 30
0.0
210
0.0
220
0.0
230
1.0
  2
SOLID
 70
     1
 71
     1
 91
        1
 92
        1
 93
        1
 72
     2
 10
14.90000068
 20
26.12495664
 40
0.1999996
 50
0.0
 51
360.0
 73
     1
 97
        1
330
18B
 75
     0
 76
     1
 98
        0
  0
REGION
  5
18D
102
{ACAD_REACTORS
330
18E
102
}
330
1F
100
AcDbEntity
  8
VIA_HOLES
 62
     7
100
AcDbModelerGeometry
 70
     1
  1
noi nn n o 
  1
=0;& {rn {no {rn {rn |
  1
/061+ {rn nlqgooooollfffffff liqlooomikjffffffg o |
  1
):-+:' {rn {k {n |
  1
:336/,:r<*-): {rn nlqiooooohlfffffff liqlooomikjffffffg o o o n oqnfffffi o o n o o |
  1
:;8: {rn {m {m {j {l o |
  1
<0:;8: {rn {j {j {rn {k o {i {rn |
  1
300/ {rn {rn {j {g |
  1
/3>1:r,*-9><: {rn nlqjooooofk liqlooomikjffffffg o o o n rn o o o o o o o |
  1
9><: {rn {rn {i {f {rn {h o n o |
  1
,7:33 {rn {rn {rn {g {no |
  1
3*2/ {rn {rn {f {o |
  1
Z1;r09r^ \VLr;>+> 
1001
ACAD_OBJECT_CHANGE_GUID
1070
     1
1071
1796273548
1070
  8610
1070
 18621
1070
   135
1070
    49
1070
   198
1070
    52
1070
    73
1070
   104
1070
    95
1070
   212
  0
HATCH
  5
18E
330
1F
100
AcDbEntity
  8
VIA_HOLES
 62
     7
100
AcDbHatch
 10
0.0
 20
0.0
 30
0.0
210
0.0
220
0.0
230
1.0
  2
SOLID
 70
     1
 71
     1
 91
        1
 92
        1
 93
        1
 72
     2
 10
13.60000074
 20
36.30002646
 40
0.1999996
 50
0.0
 51
360.0
 73
     1
 97
        1
330
18D
 75
     0
 76
     1
 98
        0
  0
REGION
  5
18F
102
{ACAD_REACTORS
330
190
102
}
330
1F
100
AcDbEntity
  8
VIA_HOLES
 62
     7
100
AcDbModelerGeometry
 70
     1
  1
noi nn n o 
  1
=0;& {rn {no {rn {rn |
  1
/061+ {rn nqliohmgg lmqoooomkgfffffffl o |
  1
):-+:' {rn {k {n |
  1
:336/,:r<*-): {rn nqniohmfm lmqoooomkgfffffffl o o o n oqnfffffi o o n o o |
  1
:;8: {rn {m {m {j {l o |
  1
<0:;8: {rn {j {j {rn {k o {i {rn |
  1
300/ {rn {rn {j {g |
  1
/3>1:r,*-9><: {rn nqoiohmfk lmqoooomkgfffffffl o o o n rn o o o o o o o |
  1
9><: {rn {rn {i {f {rn {h o n o |
  1
,7:33 {rn {rn {rn {g {no |
  1
3*2/ {rn {rn {f {o |
  1
Z1;r09r^ \VLr;>+> 
1001
ACAD_OBJECT_CHANGE_GUID
1070
     1
1071
1767503636
1070
 22541
1070
 19312
1070
   145
1070
   172
1070
   176
1070
   196
1070
   117
1070
     5
1070
   180
1070
   106
  0
HATCH
  5
190
330
1F
100
AcDbEntity
  8
VIA_HOLES
 62
     7
100
AcDbHatch
 10
0.0
 20
0.0
 30
0.0
210
0.0
220
0.0
230
1.0
  2
SOLID
 70
     1
 71
     1
 91
        1
 92
        1
 93
        1
 72
     2
 10
1.1607292
 20
32.00002489999999
 40
0.1999996
 50
0.0
 51
360.0
 73
     1
 97
        1
330
18F
 75
     0
 76
     1
 98
        0
  0
REGION
  5
191
102
{ACAD_REACTORS
330
192
102
}
330
1F
100
AcDbEntity
  8
VIA_HOLES
 62
     7
100
AcDbModelerGeometry
 70
     1
  1
noi nn n o 
  1
=0;& {rn {no {rn {rn |
  1
/061+ {rn nqliohmgg liqlooomikjffffffg o |
  1
):-+:' {rn {k {n |
  1
:336/,:r<*-): {rn nqniohmfm liqlooomikjffffffg o o o n oqnfffffi o o n o o |
  1
:;8: {rn {m {m {j {l o |
  1
<0:;8: {rn {j {j {rn {k o {i {rn |
  1
300/ {rn {rn {j {g |
  1
/3>1:r,*-9><: {rn nqoiohmfk liqlooomikjffffffg o o o n rn o o o o o o o |
  1
9><: {rn {rn {i {f {rn {h o n o |
  1
,7:33 {rn {rn {rn {g {no |
  1
3*2/ {rn {rn {f {o |
  1
Z1;r09r^ \VLr;>+> 
1001
ACAD_OBJECT_CHANGE_GUID
1070
     1
1071
1335624001
1070
 19768
1070
 18653
1070
   137
1070
   220
1070
   123
1070
   147
1070
    91
1070
   197
1070
    48
1070
   102
  0
HATCH
  5
192
330
1F
100
AcDbEntity
  8
VIA_HOLES
 62
     7
100
AcDbHatch
 10
0.0
 20
0.0
 30
0.0
210
0.0
220
0.0
230
1.0
  2
SOLID
 70
     1
 71
     1
 91
        1
 92
        1
 93
        1
 72
     2
 10
1.1607292
 20
36.30002646
 40
0.1999996
 50
0.0
 51
360.0
 73
     1
 97
        1
330
191
 75
     0
 76
     1
 98
        0
  0
REGION
  5
193
102
{ACAD_REACTORS
330
194
102
}
330
1F
100
AcDbEntity
  8
VIA_HOLES
 62
     7
100
AcDbModelerGeometry
 70
     1
  1
noi nn n o 
  1
=0;& {rn {no {rn {rn |
  1
/061+ {rn koqhomfffinffffffl mnqkooomglnffffffh o |
  1
):-+:' {rn {k {n |
  1
:336/,:r<*-): {rn koqjoloooonffffffj mnqkooomglnffffffh o o o n oqnfffffi o o n o o |
  1
:;8: {rn {m {m {j {l o |
  1
<0:;8: {rn {j {j {rn {k o {i {rn |
  1
300/ {rn {rn {j {g |
  1
/3>1:r,*-9><: {rn koqkolooomnffffffi mnqkooomglnffffffh o o o n rn o o o o o o o |
  1
9><: {rn {rn {i {f {rn {h o n o |
  1
,7:33 {rn {rn {rn {g {no |
  1
3*2/ {rn {rn {f {o |
  1
Z1;r09r^ \VLr;>+> 
1001
ACAD_OBJECT_CHANGE_GUID
1070
     1
1071
-249074111
1070
 -4456
1070
 16679
1070
   157
1070
    13
1070
    55
1070
    63
1070
   211
1070
    94
1070
   190
1070
   193
  0
HATCH
  5
194
330
1F
100
AcDbEntity
  8
VIA_HOLES
 62
     7
100
AcDbHatch
 10
0.0
 20
0.0
 30
0.0
210
0.0
220
0.0
230
1.0
  2
SOLID
 70
     1
 71
     1
 91
        1
 92
        1
 93
        1
 72
     2
 10
40.50300001999999
 20
21.40002832
 40
0.1999996
 50
0.0
 51
360.0
 73
     1
 97
        1
330
193
 75
     0
 76
     1
 98
        0
  0
REGION
  5
195
102
{ACAD_REACTORS
330
196
102
}
330
1F
100
AcDbEntity
  8
VIA_HOLES
 62
     7
100
AcDbModelerGeometry
 70
     1
  1
noi nn n o 
  1
=0;& {rn {no {rn {rn |
  1
/061+ {rn jgqmifgmhjhffffffn joqigfgfoffffffffi o |
  1
):-+:' {rn {k {n |
  1
:336/,:r<*-): {rn jgqoifgmhfhffffffm joqigfgfoffffffffi o o o n oqnfffffi o o n o o |
  1
:;8: {rn {m {m {j {l o |
  1
<0:;8: {rn {j {j {rn {k o {i {rn |
  1
300/ {rn {rn {j {g |
  1
/3>1:r,*-9><: {rn jhqfifgmgnhffffffl joqigfgfoffffffffi o o o n rn o o o o o o o |
  1
9><: {rn {rn {i {f {rn {h o n o |
  1
,7:33 {rn {rn {rn {g {no |
  1
3*2/ {rn {rn {f {o |
  1
Z1;r09r^ \VLr;>+> 
1001
ACAD_OBJECT_CHANGE_GUID
1070
     1
1071
472928358
1070
-28849
1070
 17256
1070
   141
1070
   128
1070
   185
1070
    97
1070
    85
1070
   244
1070
    71
1070
   104
  0
HATCH
  5
196
330
1F
100
AcDbEntity
  8
VIA_HOLES
 62
     7
100
AcDbHatch
 10
0.0
 20
0.0
 30
0.0
210
0.0
220
0.0
230
1.0
  2
SOLID
 70
     1
 71
     1
 91
        1
 92
        1
 93
        1
 72
     2
 10
58.06982797999999
 20
50.689891
 40
0.1999996
 50
0.0
 51
360.0
 73
     1
 97
        1
330
195
 75
     0
 76
     1
 98
        0
  0
REGION
  5
197
102
{ACAD_REACTORS
330
198
102
}
330
1F
100
AcDbEntity
  8
VIA_HOLES
 62
     7
100
AcDbModelerGeometry
 70
     1
  1
noi nn n o 
  1
=0;& {rn {no {rn {rn |
  1
/061+ {rn jhqonfgmhjlffffffk kgqngfgfofnffffffi o |
  1
):-+:' {rn {k {n |
  1
:336/,:r<*-): {rn jiqgnfgmhflffffffi kgqngfgfofnffffffi o o o n oqnfffffi o o n o o |
  1
:;8: {rn {m {m {j {l o |
  1
<0:;8: {rn {j {j {rn {k o {i {rn |
  1
300/ {rn {rn {j {g |
  1
/3>1:r,*-9><: {rn jiqhnfgmgnlffffffh kgqngfgfofnffffffi o o o n rn o o o o o o o |
  1
9><: {rn {rn {i {f {rn {h o n o |
  1
,7:33 {rn {rn {rn {g {no |
  1
3*2/ {rn {rn {f {o |
  1
Z1;r09r^ \VLr;>+> 
1001
ACAD_OBJECT_CHANGE_GUID
1070
     1
1071
1973437119
1070
 24749
1070
 17082
1070
   179
1070
   102
1070
   224
1070
    33
1070
   135
1070
   239
1070
    61
1070
    57
  0
HATCH
  5
198
330
1F
100
AcDbEntity
  8
VIA_HOLES
 62
     7
100
AcDbHatch
 10
0.0
 20
0.0
 30
0.0
210
0.0
220
0.0
230
1.0
  2
SOLID
 70
     1
 71
     1
 91
        1
 92
        1
 93
        1
 72
     2
 10
56.81982794
 20
48.18989092
 40
0.1999996
 50
0.0
 51
360.0
 73
     1
 97
        1
330
197
 75
     0
 76
     1
 98
        0
  0
REGION
  5
199
102
{ACAD_REACTORS
330
19A
102
}
330
1F
100
AcDbEntity
  8
VIA_HOLES
 62
     7
100
AcDbModelerGeometry
 70
     1
  1
noi nn n o 
  1
=0;& {rn {no {rn {rn |
  1
/061+ {rn jgqmifgmhjhffffffn kjqigfgfoglffffffh o |
  1
):-+:' {rn {k {n |
  1
:336/,:r<*-): {rn jgqoifgmhfhffffffm kjqigfgfoglffffffh o o o n oqnfffffi o o n o o |
  1
:;8: {rn {m {m {j {l o |
  1
<0:;8: {rn {j {j {rn {k o {i {rn |
  1
300/ {rn {rn {j {g |
  1
/3>1:r,*-9><: {rn jhqfifgmgnhffffffl kjqigfgfoglffffffh o o o n rn o o o o o o o |
  1
9><: {rn {rn {i {f {rn {h o n o |
  1
,7:33 {rn {rn {rn {g {no |
  1
3*2/ {rn {rn {f {o |
  1
Z1;r09r^ \VLr;>+> 
1001
ACAD_OBJECT_CHANGE_GUID
1070
     1
1071
-432567564
1070
-10003
1070
 18523
1070
   169
1070
    60
1070
   165
1070
    53
1070
   170
1070
     0
1070
    67
1070
   203
  0
HATCH
  5
19A
330
1F
100
AcDbEntity
  8
VIA_HOLES
 62
     7
100
AcDbHatch
 10
0.0
 20
0.0
 30
0.0
210
0.0
220
0.0
230
1.0
  2
SOLID
 70
     1
 71
     1
 91
        1
 92
        1
 93
        1
 72
     2
 10
58.06982797999999
 20
45.68989084
 40
0.1999996
 50
0.0
 51
360.0
 73
     1
 97
        1
330
199
 75
     0
 76
     1
 98
        0
  0
REGION
  5
19B
102
{ACAD_REACTORS
330
19C
102
}
330
1F
100
AcDbEntity
  8
VIA_HOLES
 62
     7
100
AcDbModelerGeometry
 70
     1
  1
noi nn n o 
  1
=0;& {rn {no {rn {rn |
  1
/061+ {rn jhqonfgmhjlffffffk klqngfgfohjffffffh o |
  1
):-+:' {rn {k {n |
  1
:336/,:r<*-): {rn jiqgnfgmhflffffffi klqngfgfohjffffffh o o o n oqnfffffi o o n o o |
  1
:;8: {rn {m {m {j {l o |
  1
<0:;8: {rn {j {j {rn {k o {i {rn |
  1
300/ {rn {rn {j {g |
  1
/3>1:r,*-9><: {rn jiqhnfgmgnlffffffh klqngfgfohjffffffh o o o n rn o o o o o o o |
  1
9><: {rn {rn {i {f {rn {h o n o |
  1
,7:33 {rn {rn {rn {g {no |
  1
3*2/ {rn {rn {f {o |
  1
Z1;r09r^ \VLr;>+> 
1001
ACAD_OBJECT_CHANGE_GUID
1070
     1
1071
714901017
1070
 -9896
1070
 19404
1070
   168
1070
    60
1070
   104
1070
    62
1070
    85
1070
    10
1070
    71
1070
   113
  0
HATCH
  5
19C
330
1F
100
AcDbEntity
  8
VIA_HOLES
 62
     7
100
AcDbHatch
 10
0.0
 20
0.0
 30
0.0
210
0.0
220
0.0
230
1.0
  2
SOLID
 70
     1
 71
     1
 91
        1
 92
        1
 93
        1
 72
     2
 10
56.81982794
 20
43.18989076
 40
0.1999996
 50
0.0
 51
360.0
 73
     1
 97
        1
330
19B
 75
     0
 76
     1
 98
        0
  0
REGION
  5
19D
102
{ACAD_REACTORS
330
19E
102
}
330
1F
100
AcDbEntity
  8
VIA_HOLES
 62
     7
100
AcDbModelerGeometry
 70
     1
  1
noi nn n o 
  1
=0;& {rn {no {rn {rn |
  1
/061+ {rn jgqmifgmhjhffffffn koqigfgfoihffffffg o |
  1
):-+:' {rn {k {n |
  1
:336/,:r<*-): {rn jgqoifgmhfhffffffm koqigfgfoihffffffg o o o n oqnfffffi o o n o o |
  1
:;8: {rn {m {m {j {l o |
  1
<0:;8: {rn {j {j {rn {k o {i {rn |
  1
300/ {rn {rn {j {g |
  1
/3>1:r,*-9><: {rn jhqfifgmgnhffffffl koqigfgfoihffffffg o o o n rn o o o o o o o |
  1
9><: {rn {rn {i {f {rn {h o n o |
  1
,7:33 {rn {rn {rn {g {no |
  1
3*2/ {rn {rn {f {o |
  1
Z1;r09r^ \VLr;>+> 
1001
ACAD_OBJECT_CHANGE_GUID
1070
     1
1071
2079539333
1070
  7581
1070
 19595
1070
   183
1070
    27
1070
    33
1070
   138
1070
   104
1070
    99
1070
   244
1070
   143
  0
HATCH
  5
19E
330
1F
100
AcDbEntity
  8
VIA_HOLES
 62
     7
100
AcDbHatch
 10
0.0
 20
0.0
 30
0.0
210
0.0
220
0.0
230
1.0
  2
SOLID
 70
     1
 71
     1
 91
        1
 92
        1
 93
        1
 72
     2
 10
58.06982797999999
 20
40.68989068
 40
0.1999996
 50
0.0
 51
360.0
 73
     1
 97
        1
330
19D
 75
     0
 76
     1
 98
        0
  0
REGION
  5
19F
102
{ACAD_REACTORS
330
1A0
102
}
330
1F
100
AcDbEntity
  8
VIA_HOLES
 62
     7
100
AcDbModelerGeometry
 70
     1
  1
noi nn n o 
  1
=0;& {rn {no {rn {rn |
  1
/061+ {rn jhqonfgmhjlffffffk lgqngfgfojfffffffg o |
  1
):-+:' {rn {k {n |
  1
:336/,:r<*-): {rn jiqgnfgmhflffffffi lgqngfgfojfffffffg o o o n oqnfffffi o o n o o |
  1
:;8: {rn {m {m {j {l o |
  1
<0:;8: {rn {j {j {rn {k o {i {rn |
  1
300/ {rn {rn {j {g |
  1
/3>1:r,*-9><: {rn jiqhnfgmgnlffffffh lgqngfgfojfffffffg o o o n rn o o o o o o o |
  1
9><: {rn {rn {i {f {rn {h o n o |
  1
,7:33 {rn {rn {rn {g {no |
  1
3*2/ {rn {rn {f {o |
  1
Z1;r09r^ \VLr;>+> 
1001
ACAD_OBJECT_CHANGE_GUID
1070
     1
1071
2019752772
1070
-21679
1070
 18843
1070
   162
1070
    31
1070
    16
1070
    15
1070
   253
1070
    38
1070
   227
1070
   106
  0
HATCH
  5
1A0
330
1F
100
AcDbEntity
  8
VIA_HOLES
 62
     7
100
AcDbHatch
 10
0.0
 20
0.0
 30
0.0
210
0.0
220
0.0
230
1.0
  2
SOLID
 70
     1
 71
     1
 91
        1
 92
        1
 93
        1
 72
     2
 10
56.81982794
 20
38.1898906
 40
0.1999996
 50
0.0
 51
360.0
 73
     1
 97
        1
330
19F
 75
     0
 76
     1
 98
        0
  0
REGION
  5
1A1
102
{ACAD_REACTORS
330
1A2
102
}
330
1F
100
AcDbEntity
  8
VIA_HOLES
 62
     7
100
AcDbModelerGeometry
 70
     1
  1
noi nn n o 
  1
=0;& {rn {no {rn {rn |
  1
/061+ {rn jgqmifgmhjhffffffn ljqigfgfojnfffffff o |
  1
):-+:' {rn {k {n |
  1
:336/,:r<*-): {rn jgqoifgmhfhffffffm ljqigfgfojnfffffff o o o n oqnfffffi o o n o o |
  1
:;8: {rn {m {m {j {l o |
  1
<0:;8: {rn {j {j {rn {k o {i {rn |
  1
300/ {rn {rn {j {g |
  1
/3>1:r,*-9><: {rn jhqfifgmgnhffffffl ljqigfgfojnfffffff o o o n rn o o o o o o o |
  1
9><: {rn {rn {i {f {rn {h o n o |
  1
,7:33 {rn {rn {rn {g {no |
  1
3*2/ {rn {rn {f {o |
  1
Z1;r09r^ \VLr;>+> 
1001
ACAD_OBJECT_CHANGE_GUID
1070
     1
1071
-609846331
1070
  5446
1070
 19609
1070
   171
1070
    42
1070
   118
1070
    60
1070
   252
1070
   229
1070
    80
1070
     7
  0
HATCH
  5
1A2
330
1F
100
AcDbEntity
  8
VIA_HOLES
 62
     7
100
AcDbHatch
 10
0.0
 20
0.0
 30
0.0
210
0.0
220
0.0
230
1.0
  2
SOLID
 70
     1
 71
     1
 91
        1
 92
        1
 93
        1
 72
     2
 10
58.06982797999999
 20
35.68989052
 40
0.1999996
 50
0.0
 51
360.0
 73
     1
 97
        1
330
1A1
 75
     0
 76
     1
 98
        0
  0
REGION
  5
1A3
102
{ACAD_REACTORS
330
1A4
102
}
330
1F
100
AcDbEntity
  8
VIA_HOLES
 62
     7
100
AcDbModelerGeometry
 70
     1
  1
noi nn n o 
  1
=0;& {rn {no {rn {rn |
  1
/061+ {rn jhqonfgmhjlffffffk llqngfgfoklfffffff o |
  1
):-+:' {rn {k {n |
  1
:336/,:r<*-): {rn jiqgnfgmhflffffffi llqngfgfoklfffffff o o o n oqnfffffi o o n o o |
  1
:;8: {rn {m {m {j {l o |
  1
<0:;8: {rn {j {j {rn {k o {i {rn |
  1
300/ {rn {rn {j {g |
  1
/3>1:r,*-9><: {rn jiqhnfgmgnlffffffh llqngfgfoklfffffff o o o n rn o o o o o o o |
  1
9><: {rn {rn {i {f {rn {h o n o |
  1
,7:33 {rn {rn {rn {g {no |
  1
3*2/ {rn {rn {f {o |
  1
Z1;r09r^ \VLr;>+> 
1001
ACAD_OBJECT_CHANGE_GUID
1070
     1
1071
-492487441
1070
 -2632
1070
 18977
1070
   150
1070
   161
1070
   247
1070
   126
1070
    96
1070
   117
1070
    65
1070
   219
  0
HATCH
  5
1A4
330
1F
100
AcDbEntity
  8
VIA_HOLES
 62
     7
100
AcDbHatch
 10
0.0
 20
0.0
 30
0.0
210
0.0
220
0.0
230
1.0
  2
SOLID
 70
     1
 71
     1
 91
        1
 92
        1
 93
        1
 72
     2
 10
56.81982794
 20
33.18989044
 40
0.1999996
 50
0.0
 51
360.0
 73
     1
 97
        1
330
1A3
 75
     0
 76
     1
 98
        0
  0
REGION
  5
1A5
102
{ACAD_REACTORS
330
1A6
102
}
330
1F
100
AcDbEntity
  8
VIA_HOLES
 62
     7
100
AcDbModelerGeometry
 70
     1
  1
noi nn n o 
  1
=0;& {rn {no {rn {rn |
  1
/061+ {rn jgqmifgmhjhffffffn loqigfgfoli o |
  1
):-+:' {rn {k {n |
  1
:336/,:r<*-): {rn jgqoifgmhfhffffffm loqigfgfoli o o o n oqnfffffi o o n o o |
  1
:;8: {rn {m {m {j {l o |
  1
<0:;8: {rn {j {j {rn {k o {i {rn |
  1
300/ {rn {rn {j {g |
  1
/3>1:r,*-9><: {rn jhqfifgmgnhffffffl loqigfgfoli o o o n rn o o o o o o o |
  1
9><: {rn {rn {i {f {rn {h o n o |
  1
,7:33 {rn {rn {rn {g {no |
  1
3*2/ {rn {rn {f {o |
  1
Z1;r09r^ \VLr;>+> 
1001
ACAD_OBJECT_CHANGE_GUID
1070
     1
1071
-1232268345
1070
 22078
1070
 19564
1070
   150
1070
    41
1070
    38
1070
    42
1070
   134
1070
    44
1070
   169
1070
   127
  0
HATCH
  5
1A6
330
1F
100
AcDbEntity
  8
VIA_HOLES
 62
     7
100
AcDbHatch
 10
0.0
 20
0.0
 30
0.0
210
0.0
220
0.0
230
1.0
  2
SOLID
 70
     1
 71
     1
 91
        1
 92
        1
 93
        1
 72
     2
 10
58.06982797999999
 20
30.68989036
 40
0.1999996
 50
0.0
 51
360.0
 73
     1
 97
        1
330
1A5
 75
     0
 76
     1
 98
        0
  0
REGION
  5
1A7
102
{ACAD_REACTORS
330
1A8
102
}
330
1F
100
AcDbEntity
  8
VIA_HOLES
 62
     7
100
AcDbModelerGeometry
 70
     1
  1
noi nn n o 
  1
=0;& {rn {no {rn {rn |
  1
/061+ {rn jhqonfgmhjlffffffk mgqngfgfomhffffffh o |
  1
):-+:' {rn {k {n |
  1
:336/,:r<*-): {rn jiqgnfgmhflffffffi mgqngfgfomhffffffh o o o n oqnfffffi o o n o o |
  1
:;8: {rn {m {m {j {l o |
  1
<0:;8: {rn {j {j {rn {k o {i {rn |
  1
300/ {rn {rn {j {g |
  1
/3>1:r,*-9><: {rn jiqhnfgmgnlffffffh mgqngfgfomhffffffh o o o n rn o o o o o o o |
  1
9><: {rn {rn {i {f {rn {h o n o |
  1
,7:33 {rn {rn {rn {g {no |
  1
3*2/ {rn {rn {f {o |
  1
Z1;r09r^ \VLr;>+> 
1001
ACAD_OBJECT_CHANGE_GUID
1070
     1
1071
-413207144
1070
-12373
1070
 19926
1070
   189
1070
   153
1070
     9
1070
    73
1070
   173
1070
   199
1070
    52
1070
   242
  0
HATCH
  5
1A8
330
1F
100
AcDbEntity
  8
VIA_HOLES
 62
     7
100
AcDbHatch
 10
0.0
 20
0.0
 30
0.0
210
0.0
220
0.0
230
1.0
  2
SOLID
 70
     1
 71
     1
 91
        1
 92
        1
 93
        1
 72
     2
 10
56.81982794
 20
28.18989028
 40
0.1999996
 50
0.0
 51
360.0
 73
     1
 97
        1
330
1A7
 75
     0
 76
     1
 98
        0
  0
REGION
  5
1A9
102
{ACAD_REACTORS
330
1AA
102
}
330
1F
100
AcDbEntity
  8
VIA_HOLES
 62
     7
100
AcDbModelerGeometry
 70
     1
  1
noi nn n o 
  1
=0;& {rn {no {rn {rn |
  1
/061+ {rn jgqmifgmhjhffffffn mjqigfgfonfffffffh o |
  1
):-+:' {rn {k {n |
  1
:336/,:r<*-): {rn jgqoifgmhfhffffffm mjqigfgfonfffffffh o o o n oqnfffffi o o n o o |
  1
:;8: {rn {m {m {j {l o |
  1
<0:;8: {rn {j {j {rn {k o {i {rn |
  1
300/ {rn {rn {j {g |
  1
/3>1:r,*-9><: {rn jhqfifgmgnhffffffl mjqigfgfonfffffffh o o o n rn o o o o o o o |
  1
9><: {rn {rn {i {f {rn {h o n o |
  1
,7:33 {rn {rn {rn {g {no |
  1
3*2/ {rn {rn {f {o |
  1
Z1;r09r^ \VLr;>+> 
1001
ACAD_OBJECT_CHANGE_GUID
1070
     1
1071
-46799621
1070
-24999
1070
 16820
1070
   148
1070
   151
1070
   169
1070
   167
1070
   139
1070
   185
1070
    12
1070
   215
  0
HATCH
  5
1AA
330
1F
100
AcDbEntity
  8
VIA_HOLES
 62
     7
100
AcDbHatch
 10
0.0
 20
0.0
 30
0.0
210
0.0
220
0.0
230
1.0
  2
SOLID
 70
     1
 71
     1
 91
        1
 92
        1
 93
        1
 72
     2
 10
58.06982797999999
 20
25.6898902
 40
0.1999996
 50
0.0
 51
360.0
 73
     1
 97
        1
330
1A9
 75
     0
 76
     1
 98
        0
  0
REGION
  5
1AB
102
{ACAD_REACTORS
330
1AC
102
}
330
1F
100
AcDbEntity
  8
VIA_HOLES
 62
     7
100
AcDbModelerGeometry
 70
     1
  1
noi nn n o 
  1
=0;& {rn {no {rn {rn |
  1
/061+ {rn jhqonfgmhjlffffffk mlqngfgfonnffffffg o |
  1
):-+:' {rn {k {n |
  1
:336/,:r<*-): {rn jiqgnfgmhflffffffi mlqngfgfonnffffffg o o o n oqnfffffi o o n o o |
  1
:;8: {rn {m {m {j {l o |
  1
<0:;8: {rn {j {j {rn {k o {i {rn |
  1
300/ {rn {rn {j {g |
  1
/3>1:r,*-9><: {rn jiqhnfgmgnlffffffh mlqngfgfonnffffffg o o o n rn o o o o o o o |
  1
9><: {rn {rn {i {f {rn {h o n o |
  1
,7:33 {rn {rn {rn {g {no |
  1
3*2/ {rn {rn {f {o |
  1
Z1;r09r^ \VLr;>+> 
1001
ACAD_OBJECT_CHANGE_GUID
1070
     1
1071
-1119437205
1070
-25886
1070
 20122
1070
   133
1070
   177
1070
    57
1070
   129
1070
   173
1070
    23
1070
    19
1070
    73
  0
HATCH
  5
1AC
330
1F
100
AcDbEntity
  8
VIA_HOLES
 62
     7
100
AcDbHatch
 10
0.0
 20
0.0
 30
0.0
210
0.0
220
0.0
230
1.0
  2
SOLID
 70
     1
 71
     1
 91
        1
 92
        1
 93
        1
 72
     2
 10
56.81982794
 20
23.18989012
 40
0.1999996
 50
0.0
 51
360.0
 73
     1
 97
        1
330
1AB
 75
     0
 76
     1
 98
        0
  0
REGION
  5
1AD
102
{ACAD_REACTORS
330
1AE
102
}
330
1F
100
AcDbEntity
  8
VIA_HOLES
 62
     7
100
AcDbModelerGeometry
 70
     1
  1
noi nn n o 
  1
=0;& {rn {no {rn {rn |
  1
/061+ {rn jgqmifgmhjhffffffn moqigfgfoolffffffg o |
  1
):-+:' {rn {k {n |
  1
:336/,:r<*-): {rn jgqoifgmhfhffffffm moqigfgfoolffffffg o o o n oqnfffffi o o n o o |
  1
:;8: {rn {m {m {j {l o |
  1
<0:;8: {rn {j {j {rn {k o {i {rn |
  1
300/ {rn {rn {j {g |
  1
/3>1:r,*-9><: {rn jhqfifgmgnhffffffl moqigfgfoolffffffg o o o n rn o o o o o o o |
  1
9><: {rn {rn {i {f {rn {h o n o |
  1
,7:33 {rn {rn {rn {g {no |
  1
3*2/ {rn {rn {f {o |
  1
Z1;r09r^ \VLr;>+> 
1001
ACAD_OBJECT_CHANGE_GUID
1070
     1
1071
-2019080927
1070
 -6007
1070
 17369
1070
   132
1070
   228
1070
   246
1070
   243
1070
   104
1070
    16
1070
    87
1070
   169
  0
HATCH
  5
1AE
330
1F
100
AcDbEntity
  8
VIA_HOLES
 62
     7
100
AcDbHatch
 10
0.0
 20
0.0
 30
0.0
210
0.0
220
0.0
230
1.0
  2
SOLID
 70
     1
 71
     1
 91
        1
 92
        1
 93
        1
 72
     2
 10
58.06982797999999
 20
20.68989004
 40
0.1999996
 50
0.0
 51
360.0
 73
     1
 97
        1
330
1AD
 75
     0
 76
     1
 98
        0
  0
REGION
  5
1AF
102
{ACAD_REACTORS
330
1B0
102
}
330
1F
100
AcDbEntity
  8
VIA_HOLES
 62
     7
100
AcDbModelerGeometry
 70
     1
  1
noi nn n o 
  1
=0;& {rn {no {rn {rn |
  1
/061+ {rn jhqonfgmhjlffffffk ngqngfggffjfffffff o |
  1
):-+:' {rn {k {n |
  1
:336/,:r<*-): {rn jiqgnfgmhflffffffi ngqngfggffjfffffff o o o n oqnfffffi o o n o o |
  1
:;8: {rn {m {m {j {l o |
  1
<0:;8: {rn {j {j {rn {k o {i {rn |
  1
300/ {rn {rn {j {g |
  1
/3>1:r,*-9><: {rn jiqhnfgmgnlffffffh ngqngfggffjfffffff o o o n rn o o o o o o o |
  1
9><: {rn {rn {i {f {rn {h o n o |
  1
,7:33 {rn {rn {rn {g {no |
  1
3*2/ {rn {rn {f {o |
  1
Z1;r09r^ \VLr;>+> 
1001
ACAD_OBJECT_CHANGE_GUID
1070
     1
1071
-512040660
1070
  2507
1070
 19838
1070
   183
1070
   192
1070
   166
1070
   110
1070
   139
1070
    50
1070
    62
1070
    31
  0
HATCH
  5
1B0
330
1F
100
AcDbEntity
  8
VIA_HOLES
 62
     7
100
AcDbHatch
 10
0.0
 20
0.0
 30
0.0
210
0.0
220
0.0
230
1.0
  2
SOLID
 70
     1
 71
     1
 91
        1
 92
        1
 93
        1
 72
     2
 10
56.81982794
 20
18.18988996
 40
0.1999996
 50
0.0
 51
360.0
 73
     1
 97
        1
330
1AF
 75
     0
 76
     1
 98
        0
  0
REGION
  5
1B1
102
{ACAD_REACTORS
330
1B2
102
}
330
1F
100
AcDbEntity
  8
VIA_HOLES
 62
     7
100
AcDbModelerGeometry
 70
     1
  1
noi nn n o 
  1
=0;& {rn {no {rn {rn |
  1
/061+ {rn jgqmifgmhjhffffffn njqigfggfggoooooon o |
  1
):-+:' {rn {k {n |
  1
:336/,:r<*-): {rn jgqoifgmhfhffffffm njqigfggfggoooooon o o o n oqnfffffi o o n o o |
  1
:;8: {rn {m {m {j {l o |
  1
<0:;8: {rn {j {j {rn {k o {i {rn |
  1
300/ {rn {rn {j {g |
  1
/3>1:r,*-9><: {rn jhqfifgmgnhffffffl njqigfggfggoooooon o o o n rn o o o o o o o |
  1
9><: {rn {rn {i {f {rn {h o n o |
  1
,7:33 {rn {rn {rn {g {no |
  1
3*2/ {rn {rn {f {o |
  1
Z1;r09r^ \VLr;>+> 
1001
ACAD_OBJECT_CHANGE_GUID
1070
     1
1071
490819790
1070
-10775
1070
 16415
1070
   154
1070
   107
1070
    52
1070
    72
1070
   217
1070
   255
1070
   153
1070
   182
  0
HATCH
  5
1B2
330
1F
100
AcDbEntity
  8
VIA_HOLES
 62
     7
100
AcDbHatch
 10
0.0
 20
0.0
 30
0.0
210
0.0
220
0.0
230
1.0
  2
SOLID
 70
     1
 71
     1
 91
        1
 92
        1
 93
        1
 72
     2
 10
58.06982797999999
 20
15.68988988
 40
0.1999996
 50
0.0
 51
360.0
 73
     1
 97
        1
330
1B1
 75
     0
 76
     1
 98
        0
  0
REGION
  5
1B3
102
{ACAD_REACTORS
330
1B4
102
}
330
1F
100
AcDbEntity
  8
VIA_HOLES
 62
     7
100
AcDbModelerGeometry
 70
     1
  1
noi nn n o 
  1
=0;& {rn {no {rn {rn |
  1
/061+ {rn jhqonfgmhjlffffffk nlqngfggfgooooooon o |
  1
):-+:' {rn {k {n |
  1
:336/,:r<*-): {rn jiqgnfgmhflffffffi nlqngfggfgooooooon o o o n oqnfffffi o o n o o |
  1
:;8: {rn {m {m {j {l o |
  1
<0:;8: {rn {j {j {rn {k o {i {rn |
  1
300/ {rn {rn {j {g |
  1
/3>1:r,*-9><: {rn jiqhnfgmgnlffffffh nlqngfggfgooooooon o o o n rn o o o o o o o |
  1
9><: {rn {rn {i {f {rn {h o n o |
  1
,7:33 {rn {rn {rn {g {no |
  1
3*2/ {rn {rn {f {o |
  1
Z1;r09r^ \VLr;>+> 
1001
ACAD_OBJECT_CHANGE_GUID
1070
     1
1071
-387157165
1070
  9586
1070
 16688
1070
   151
1070
    88
1070
   104
1070
   186
1070
    58
1070
   223
1070
    59
1070
   147
  0
HATCH
  5
1B4
330
1F
100
AcDbEntity
  8
VIA_HOLES
 62
     7
100
AcDbHatch
 10
0.0
 20
0.0
 30
0.0
210
0.0
220
0.0
230
1.0
  2
SOLID
 70
     1
 71
     1
 91
        1
 92
        1
 93
        1
 72
     2
 10
56.81982794
 20
13.1898898
 40
0.1999996
 50
0.0
 51
360.0
 73
     1
 97
        1
330
1B3
 75
     0
 76
     1
 98
        0
  0
REGION
  5
1B5
102
{ACAD_REACTORS
330
1B6
102
}
330
1F
100
AcDbEntity
  8
VIA_HOLES
 62
     7
100
AcDbModelerGeometry
 70
     1
  1
noi nn n o 
  1
=0;& {rn {no {rn {rn |
  1
/061+ {rn jgqmifgmhjhffffffn noqigfggfhm o |
  1
):-+:' {rn {k {n |
  1
:336/,:r<*-): {rn jgqoifgmhfhffffffm noqigfggfhm o o o n oqnfffffi o o n o o |
  1
:;8: {rn {m {m {j {l o |
  1
<0:;8: {rn {j {j {rn {k o {i {rn |
  1
300/ {rn {rn {j {g |
  1
/3>1:r,*-9><: {rn jhqfifgmgnhffffffl noqigfggfhm o o o n rn o o o o o o o |
  1
9><: {rn {rn {i {f {rn {h o n o |
  1
,7:33 {rn {rn {rn {g {no |
  1
3*2/ {rn {rn {f {o |
  1
Z1;r09r^ \VLr;>+> 
1001
ACAD_OBJECT_CHANGE_GUID
1070
     1
1071
473799835
1070
 12985
1070
 18711
1070
   130
1070
   189
1070
     8
1070
   224
1070
   154
1070
    94
1070
   140
1070
   192
  0
HATCH
  5
1B6
330
1F
100
AcDbEntity
  8
VIA_HOLES
 62
     7
100
AcDbHatch
 10
0.0
 20
0.0
 30
0.0
210
0.0
220
0.0
230
1.0
  2
SOLID
 70
     1
 71
     1
 91
        1
 92
        1
 93
        1
 72
     2
 10
58.06982797999999
 20
10.68988972
 40
0.1999996
 50
0.0
 51
360.0
 73
     1
 97
        1
330
1B5
 75
     0
 76
     1
 98
        0
  0
REGION
  5
1B7
102
{ACAD_REACTORS
330
1B8
102
}
330
1F
100
AcDbEntity
  8
VIA_HOLES
 62
     7
100
AcDbModelerGeometry
 70
     1
  1
noi nn n o 
  1
=0;& {rn {no {rn {rn |
  1
/061+ {rn jjqhifgmhkfffffffn joqigfgfoffffffffi o |
  1
):-+:' {rn {k {n |
  1
:336/,:r<*-): {rn jjqjifgmhgfffffffl joqigfgfoffffffffi o o o n oqnfffffi o o n o o |
  1
:;8: {rn {m {m {j {l o |
  1
<0:;8: {rn {j {j {rn {k o {i {rn |
  1
300/ {rn {rn {j {g |
  1
/3>1:r,*-9><: {rn jjqkifgmgofffffffk joqigfgfoffffffffi o o o n rn o o o o o o o |
  1
9><: {rn {rn {i {f {rn {h o n o |
  1
,7:33 {rn {rn {rn {g {no |
  1
3*2/ {rn {rn {f {o |
  1
Z1;r09r^ \VLr;>+> 
1001
ACAD_OBJECT_CHANGE_GUID
1070
     1
1071
1385419385
1070
  -376
1070
 19376
1070
   165
1070
   164
1070
    21
1070
     8
1070
   208
1070
    57
1070
    68
1070
    29
  0
HATCH
  5
1B8
330
1F
100
AcDbEntity
  8
VIA_HOLES
 62
     7
100
AcDbHatch
 10
0.0
 20
0.0
 30
0.0
210
0.0
220
0.0
230
1.0
  2
SOLID
 70
     1
 71
     1
 91
        1
 92
        1
 93
        1
 72
     2
 10
55.56982789999999
 20
50.689891
 40
0.1999996
 50
0.0
 51
360.0
 73
     1
 97
        1
330
1B7
 75
     0
 76
     1
 98
        0
  0
REGION
  5
1B9
102
{ACAD_REACTORS
330
1BA
102
}
330
1F
100
AcDbEntity
  8
VIA_HOLES
 62
     7
100
AcDbModelerGeometry
 70
     1
  1
noi nn n o 
  1
=0;& {rn {no {rn {rn |
  1
/061+ {rn jjqhifgmhkfffffffn kjqigfgfoglffffffh o |
  1
):-+:' {rn {k {n |
  1
:336/,:r<*-): {rn jjqjifgmhgfffffffl kjqigfgfoglffffffh o o o n oqnfffffi o o n o o |
  1
:;8: {rn {m {m {j {l o |
  1
<0:;8: {rn {j {j {rn {k o {i {rn |
  1
300/ {rn {rn {j {g |
  1
/3>1:r,*-9><: {rn jjqkifgmgofffffffk kjqigfgfoglffffffh o o o n rn o o o o o o o |
  1
9><: {rn {rn {i {f {rn {h o n o |
  1
,7:33 {rn {rn {rn {g {no |
  1
3*2/ {rn {rn {f {o |
  1
Z1;r09r^ \VLr;>+> 
1001
ACAD_OBJECT_CHANGE_GUID
1070
     1
1071
-661402674
1070
 17338
1070
 18043
1070
   143
1070
    68
1070
    15
1070
   137
1070
   164
1070
   204
1070
    98
1070
   131
  0
HATCH
  5
1BA
330
1F
100
AcDbEntity
  8
VIA_HOLES
 62
     7
100
AcDbHatch
 10
0.0
 20
0.0
 30
0.0
210
0.0
220
0.0
230
1.0
  2
SOLID
 70
     1
 71
     1
 91
        1
 92
        1
 93
        1
 72
     2
 10
55.56982789999999
 20
45.68989084
 40
0.1999996
 50
0.0
 51
360.0
 73
     1
 97
        1
330
1B9
 75
     0
 76
     1
 98
        0
  0
REGION
  5
1BB
102
{ACAD_REACTORS
330
1BC
102
}
330
1F
100
AcDbEntity
  8
VIA_HOLES
 62
     7
100
AcDbModelerGeometry
 70
     1
  1
noi nn n o 
  1
=0;& {rn {no {rn {rn |
  1
/061+ {rn jjqhifgmhkfffffffn koqigfgfoihffffffg o |
  1
):-+:' {rn {k {n |
  1
:336/,:r<*-): {rn jjqjifgmhgfffffffl koqigfgfoihffffffg o o o n oqnfffffi o o n o o |
  1
:;8: {rn {m {m {j {l o |
  1
<0:;8: {rn {j {j {rn {k o {i {rn |
  1
300/ {rn {rn {j {g |
  1
/3>1:r,*-9><: {rn jjqkifgmgofffffffk koqigfgfoihffffffg o o o n rn o o o o o o o |
  1
9><: {rn {rn {i {f {rn {h o n o |
  1
,7:33 {rn {rn {rn {g {no |
  1
3*2/ {rn {rn {f {o |
  1
Z1;r09r^ \VLr;>+> 
1001
ACAD_OBJECT_CHANGE_GUID
1070
     1
1071
-1334438387
1070
 31037
1070
 16908
1070
   128
1070
   105
1070
   246
1070
   159
1070
    34
1070
   111
1070
    64
1070
    96
  0
HATCH
  5
1BC
330
1F
100
AcDbEntity
  8
VIA_HOLES
 62
     7
100
AcDbHatch
 10
0.0
 20
0.0
 30
0.0
210
0.0
220
0.0
230
1.0
  2
SOLID
 70
     1
 71
     1
 91
        1
 92
        1
 93
        1
 72
     2
 10
55.56982789999999
 20
40.68989068
 40
0.1999996
 50
0.0
 51
360.0
 73
     1
 97
        1
330
1BB
 75
     0
 76
     1
 98
        0
  0
REGION
  5
1BD
102
{ACAD_REACTORS
330
1BE
102
}
330
1F
100
AcDbEntity
  8
VIA_HOLES
 62
     7
100
AcDbModelerGeometry
 70
     1
  1
noi nn n o 
  1
=0;& {rn {no {rn {rn |
  1
/061+ {rn jjqhifgmhkfffffffn ljqigfgfojnfffffff o |
  1
):-+:' {rn {k {n |
  1
:336/,:r<*-): {rn jjqjifgmhgfffffffl ljqigfgfojnfffffff o o o n oqnfffffi o o n o o |
  1
:;8: {rn {m {m {j {l o |
  1
<0:;8: {rn {j {j {rn {k o {i {rn |
  1
300/ {rn {rn {j {g |
  1
/3>1:r,*-9><: {rn jjqkifgmgofffffffk ljqigfgfojnfffffff o o o n rn o o o o o o o |
  1
9><: {rn {rn {i {f {rn {h o n o |
  1
,7:33 {rn {rn {rn {g {no |
  1
3*2/ {rn {rn {f {o |
  1
Z1;r09r^ \VLr;>+> 
1001
ACAD_OBJECT_CHANGE_GUID
1070
     1
1071
358363108
1070
   844
1070
 20393
1070
   151
1070
   197
1070
   119
1070
    34
1070
   217
1070
   147
1070
    68
1070
   227
  0
HATCH
  5
1BE
330
1F
100
AcDbEntity
  8
VIA_HOLES
 62
     7
100
AcDbHatch
 10
0.0
 20
0.0
 30
0.0
210
0.0
220
0.0
230
1.0
  2
SOLID
 70
     1
 71
     1
 91
        1
 92
        1
 93
        1
 72
     2
 10
55.56982789999999
 20
35.68989052
 40
0.1999996
 50
0.0
 51
360.0
 73
     1
 97
        1
330
1BD
 75
     0
 76
     1
 98
        0
  0
REGION
  5
1BF
102
{ACAD_REACTORS
330
1C0
102
}
330
1F
100
AcDbEntity
  8
VIA_HOLES
 62
     7
100
AcDbModelerGeometry
 70
     1
  1
noi nn n o 
  1
=0;& {rn {no {rn {rn |
  1
/061+ {rn jjqhifgmhkfffffffn loqigfgfoli o |
  1
):-+:' {rn {k {n |
  1
:336/,:r<*-): {rn jjqjifgmhgfffffffl loqigfgfoli o o o n oqnfffffi o o n o o |
  1
:;8: {rn {m {m {j {l o |
  1
<0:;8: {rn {j {j {rn {k o {i {rn |
  1
300/ {rn {rn {j {g |
  1
/3>1:r,*-9><: {rn jjqkifgmgofffffffk loqigfgfoli o o o n rn o o o o o o o |
  1
9><: {rn {rn {i {f {rn {h o n o |
  1
,7:33 {rn {rn {rn {g {no |
  1
3*2/ {rn {rn {f {o |
  1
Z1;r09r^ \VLr;>+> 
1001
ACAD_OBJECT_CHANGE_GUID
1070
     1
1071
-1961217475
1070
 -4176
1070
 18248
1070
   190
1070
   148
1070
    10
1070
   229
1070
    68
1070
    16
1070
    84
1070
   122
  0
HATCH
  5
1C0
330
1F
100
AcDbEntity
  8
VIA_HOLES
 62
     7
100
AcDbHatch
 10
0.0
 20
0.0
 30
0.0
210
0.0
220
0.0
230
1.0
  2
SOLID
 70
     1
 71
     1
 91
        1
 92
        1
 93
        1
 72
     2
 10
55.56982789999999
 20
30.68989036
 40
0.1999996
 50
0.0
 51
360.0
 73
     1
 97
        1
330
1BF
 75
     0
 76
     1
 98
        0
  0
REGION
  5
1C1
102
{ACAD_REACTORS
330
1C2
102
}
330
1F
100
AcDbEntity
  8
VIA_HOLES
 62
     7
100
AcDbModelerGeometry
 70
     1
  1
noi nn n o 
  1
=0;& {rn {no {rn {rn |
  1
/061+ {rn jjqhifgmhkfffffffn mjqigfgfonfffffffh o |
  1
):-+:' {rn {k {n |
  1
:336/,:r<*-): {rn jjqjifgmhgfffffffl mjqigfgfonfffffffh o o o n oqnfffffi o o n o o |
  1
:;8: {rn {m {m {j {l o |
  1
<0:;8: {rn {j {j {rn {k o {i {rn |
  1
300/ {rn {rn {j {g |
  1
/3>1:r,*-9><: {rn jjqkifgmgofffffffk mjqigfgfonfffffffh o o o n rn o o o o o o o |
  1
9><: {rn {rn {i {f {rn {h o n o |
  1
,7:33 {rn {rn {rn {g {no |
  1
3*2/ {rn {rn {f {o |
  1
Z1;r09r^ \VLr;>+> 
1001
ACAD_OBJECT_CHANGE_GUID
1070
     1
1071
-1052344306
1070
 23191
1070
 17502
1070
   174
1070
    95
1070
   209
1070
    91
1070
    80
1070
   226
1070
    25
1070
   159
  0
HATCH
  5
1C2
330
1F
100
AcDbEntity
  8
VIA_HOLES
 62
     7
100
AcDbHatch
 10
0.0
 20
0.0
 30
0.0
210
0.0
220
0.0
230
1.0
  2
SOLID
 70
     1
 71
     1
 91
        1
 92
        1
 93
        1
 72
     2
 10
55.56982789999999
 20
25.6898902
 40
0.1999996
 50
0.0
 51
360.0
 73
     1
 97
        1
330
1C1
 75
     0
 76
     1
 98
        0
  0
REGION
  5
1C3
102
{ACAD_REACTORS
330
1C4
102
}
330
1F
100
AcDbEntity
  8
VIA_HOLES
 62
     7
100
AcDbModelerGeometry
 70
     1
  1
noi nn n o 
  1
=0;& {rn {no {rn {rn |
  1
/061+ {rn jkqjnfgmhkioooooom mlqngfgfonnffffffg o |
  1
):-+:' {rn {k {n |
  1
:336/,:r<*-): {rn jkqlnfgmhgiooooook mlqngfgfonnffffffg o o o n oqnfffffi o o n o o |
  1
:;8: {rn {m {m {j {l o |
  1
<0:;8: {rn {j {j {rn {k o {i {rn |
  1
300/ {rn {rn {j {g |
  1
/3>1:r,*-9><: {rn jkqmnfgmgoiooooooj mlqngfgfonnffffffg o o o n rn o o o o o o o |
  1
9><: {rn {rn {i {f {rn {h o n o |
  1
,7:33 {rn {rn {rn {g {no |
  1
3*2/ {rn {rn {f {o |
  1
Z1;r09r^ \VLr;>+> 
1001
ACAD_OBJECT_CHANGE_GUID
1070
     1
1071
1464560410
1070
 -6851
1070
 18333
1070
   147
1070
   115
1070
   115
1070
    64
1070
   207
1070
   144
1070
   221
1070
   172
  0
HATCH
  5
1C4
330
1F
100
AcDbEntity
  8
VIA_HOLES
 62
     7
100
AcDbHatch
 10
0.0
 20
0.0
 30
0.0
210
0.0
220
0.0
230
1.0
  2
SOLID
 70
     1
 71
     1
 91
        1
 92
        1
 93
        1
 72
     2
 10
54.31982786
 20
23.18989012
 40
0.1999996
 50
0.0
 51
360.0
 73
     1
 97
        1
330
1C3
 75
     0
 76
     1
 98
        0
  0
REGION
  5
1C5
102
{ACAD_REACTORS
330
1C6
102
}
330
1F
100
AcDbEntity
  8
VIA_HOLES
 62
     7
100
AcDbModelerGeometry
 70
     1
  1
noi nn n o 
  1
=0;& {rn {no {rn {rn |
  1
/061+ {rn jjqhifgmhkfffffffn moqigfgfoolffffffg o |
  1
):-+:' {rn {k {n |
  1
:336/,:r<*-): {rn jjqjifgmhgfffffffl moqigfgfoolffffffg o o o n oqnfffffi o o n o o |
  1
:;8: {rn {m {m {j {l o |
  1
<0:;8: {rn {j {j {rn {k o {i {rn |
  1
300/ {rn {rn {j {g |
  1
/3>1:r,*-9><: {rn jjqkifgmgofffffffk moqigfgfoolffffffg o o o n rn o o o o o o o |
  1
9><: {rn {rn {i {f {rn {h o n o |
  1
,7:33 {rn {rn {rn {g {no |
  1
3*2/ {rn {rn {f {o |
  1
Z1;r09r^ \VLr;>+> 
1001
ACAD_OBJECT_CHANGE_GUID
1070
     1
1071
919987095
1070
 31240
1070
 18113
1070
   134
1070
   232
1070
   119
1070
    29
1070
    61
1070
   227
1070
    15
1070
    44
  0
HATCH
  5
1C6
330
1F
100
AcDbEntity
  8
VIA_HOLES
 62
     7
100
AcDbHatch
 10
0.0
 20
0.0
 30
0.0
210
0.0
220
0.0
230
1.0
  2
SOLID
 70
     1
 71
     1
 91
        1
 92
        1
 93
        1
 72
     2
 10
55.56982789999999
 20
20.68989004
 40
0.1999996
 50
0.0
 51
360.0
 73
     1
 97
        1
330
1C5
 75
     0
 76
     1
 98
        0
  0
REGION
  5
1C7
102
{ACAD_REACTORS
330
1C8
102
}
330
1F
100
AcDbEntity
  8
VIA_HOLES
 62
     7
100
AcDbModelerGeometry
 70
     1
  1
noi nn n o 
  1
=0;& {rn {no {rn {rn |
  1
/061+ {rn jkqjnfgmhkioooooom ngqngfggffjfffffff o |
  1
):-+:' {rn {k {n |
  1
:336/,:r<*-): {rn jkqlnfgmhgiooooook ngqngfggffjfffffff o o o n oqnfffffi o o n o o |
  1
:;8: {rn {m {m {j {l o |
  1
<0:;8: {rn {j {j {rn {k o {i {rn |
  1
300/ {rn {rn {j {g |
  1
/3>1:r,*-9><: {rn jkqmnfgmgoiooooooj ngqngfggffjfffffff o o o n rn o o o o o o o |
  1
9><: {rn {rn {i {f {rn {h o n o |
  1
,7:33 {rn {rn {rn {g {no |
  1
3*2/ {rn {rn {f {o |
  1
Z1;r09r^ \VLr;>+> 
1001
ACAD_OBJECT_CHANGE_GUID
1070
     1
1071
-1658130223
1070
 -9717
1070
 16643
1070
   165
1070
   181
1070
   221
1070
    21
1070
   201
1070
    62
1070
    55
1070
    70
  0
HATCH
  5
1C8
330
1F
100
AcDbEntity
  8
VIA_HOLES
 62
     7
100
AcDbHatch
 10
0.0
 20
0.0
 30
0.0
210
0.0
220
0.0
230
1.0
  2
SOLID
 70
     1
 71
     1
 91
        1
 92
        1
 93
        1
 72
     2
 10
54.31982786
 20
18.18988996
 40
0.1999996
 50
0.0
 51
360.0
 73
     1
 97
        1
330
1C7
 75
     0
 76
     1
 98
        0
  0
REGION
  5
1C9
102
{ACAD_REACTORS
330
1CA
102
}
330
1F
100
AcDbEntity
  8
VIA_HOLES
 62
     7
100
AcDbModelerGeometry
 70
     1
  1
noi nn n o 
  1
=0;& {rn {no {rn {rn |
  1
/061+ {rn jjqhifgmhkfffffffn njqigfggfggoooooon o |
  1
):-+:' {rn {k {n |
  1
:336/,:r<*-): {rn jjqjifgmhgfffffffl njqigfggfggoooooon o o o n oqnfffffi o o n o o |
  1
:;8: {rn {m {m {j {l o |
  1
<0:;8: {rn {j {j {rn {k o {i {rn |
  1
300/ {rn {rn {j {g |
  1
/3>1:r,*-9><: {rn jjqkifgmgofffffffk njqigfggfggoooooon o o o n rn o o o o o o o |
  1
9><: {rn {rn {i {f {rn {h o n o |
  1
,7:33 {rn {rn {rn {g {no |
  1
3*2/ {rn {rn {f {o |
  1
Z1;r09r^ \VLr;>+> 
1001
ACAD_OBJECT_CHANGE_GUID
1070
     1
1071
121543637
1070
 26334
1070
 18041
1070
   160
1070
    35
1070
   188
1070
   193
1070
   144
1070
    37
1070
   183
1070
    69
  0
HATCH
  5
1CA
330
1F
100
AcDbEntity
  8
VIA_HOLES
 62
     7
100
AcDbHatch
 10
0.0
 20
0.0
 30
0.0
210
0.0
220
0.0
230
1.0
  2
SOLID
 70
     1
 71
     1
 91
        1
 92
        1
 93
        1
 72
     2
 10
55.56982789999999
 20
15.68988988
 40
0.1999996
 50
0.0
 51
360.0
 73
     1
 97
        1
330
1C9
 75
     0
 76
     1
 98
        0
  0
REGION
  5
1CB
102
{ACAD_REACTORS
330
1CC
102
}
330
1F
100
AcDbEntity
  8
VIA_HOLES
 62
     7
100
AcDbModelerGeometry
 70
     1
  1
noi nn n o 
  1
=0;& {rn {no {rn {rn |
  1
/061+ {rn jkqjnfgmhkioooooom nlqngfggfgooooooon o |
  1
):-+:' {rn {k {n |
  1
:336/,:r<*-): {rn jkqlnfgmhgiooooook nlqngfggfgooooooon o o o n oqnfffffi o o n o o |
  1
:;8: {rn {m {m {j {l o |
  1
<0:;8: {rn {j {j {rn {k o {i {rn |
  1
300/ {rn {rn {j {g |
  1
/3>1:r,*-9><: {rn jkqmnfgmgoiooooooj nlqngfggfgooooooon o o o n rn o o o o o o o |
  1
9><: {rn {rn {i {f {rn {h o n o |
  1
,7:33 {rn {rn {rn {g {no |
  1
3*2/ {rn {rn {f {o |
  1
Z1;r09r^ \VLr;>+> 
1001
ACAD_OBJECT_CHANGE_GUID
1070
     1
1071
1048397137
1070
 29027
1070
 16423
1070
   165
1070
    57
1070
   167
1070
   111
1070
    56
1070
   104
1070
   108
1070
   153
  0
HATCH
  5
1CC
330
1F
100
AcDbEntity
  8
VIA_HOLES
 62
     7
100
AcDbHatch
 10
0.0
 20
0.0
 30
0.0
210
0.0
220
0.0
230
1.0
  2
SOLID
 70
     1
 71
     1
 91
        1
 92
        1
 93
        1
 72
     2
 10
54.31982786
 20
13.1898898
 40
0.1999996
 50
0.0
 51
360.0
 73
     1
 97
        1
330
1CB
 75
     0
 76
     1
 98
        0
  0
REGION
  5
1CD
102
{ACAD_REACTORS
330
1CE
102
}
330
1F
100
AcDbEntity
  8
VIA_HOLES
 62
     7
100
AcDbModelerGeometry
 70
     1
  1
noi nn n o 
  1
=0;& {rn {no {rn {rn |
  1
/061+ {rn jjqhifgmhkfffffffn noqigfggfhm o |
  1
):-+:' {rn {k {n |
  1
:336/,:r<*-): {rn jjqjifgmhgfffffffl noqigfggfhm o o o n oqnfffffi o o n o o |
  1
:;8: {rn {m {m {j {l o |
  1
<0:;8: {rn {j {j {rn {k o {i {rn |
  1
300/ {rn {rn {j {g |
  1
/3>1:r,*-9><: {rn jjqkifgmgofffffffk noqigfggfhm o o o n rn o o o o o o o |
  1
9><: {rn {rn {i {f {rn {h o n o |
  1
,7:33 {rn {rn {rn {g {no |
  1
3*2/ {rn {rn {f {o |
  1
Z1;r09r^ \VLr;>+> 
1001
ACAD_OBJECT_CHANGE_GUID
1070
     1
1071
172372416
1070
 14146
1070
 16752
1070
   154
1070
    78
1070
    74
1070
   195
1070
    57
1070
   203
1070
   241
1070
    90
  0
HATCH
  5
1CE
330
1F
100
AcDbEntity
  8
VIA_HOLES
 62
     7
100
AcDbHatch
 10
0.0
 20
0.0
 30
0.0
210
0.0
220
0.0
230
1.0
  2
SOLID
 70
     1
 71
     1
 91
        1
 92
        1
 93
        1
 72
     2
 10
55.56982789999999
 20
10.68988972
 40
0.1999996
 50
0.0
 51
360.0
 73
     1
 97
        1
330
1CD
 75
     0
 76
     1
 98
        0
  0
REGION
  5
1CF
102
{ACAD_REACTORS
330
1D0
102
}
330
1F
100
AcDbEntity
  8
VIA_HOLES
 62
     7
100
AcDbModelerGeometry
 70
     1
  1
noi nn n o 
  1
=0;& {rn {no {rn {rn |
  1
/061+ {rn jmqonfgmhlhffffffj jgqngfgfnmlffffffk o |
  1
):-+:' {rn {k {n |
  1
:336/,:r<*-): {rn jnqgnfgmhhhffffffh jgqngfgfnmlffffffk o o o n oqnfffffi o o n o o |
  1
:;8: {rn {m {m {j {l o |
  1
<0:;8: {rn {j {j {rn {k o {i {rn |
  1
300/ {rn {rn {j {g |
  1
/3>1:r,*-9><: {rn jnqhnfgmhfhffffffg jgqngfgfnmlffffffk o o o n rn o o o o o o o |
  1
9><: {rn {rn {i {f {rn {h o n o |
  1
,7:33 {rn {rn {rn {g {no |
  1
3*2/ {rn {rn {f {o |
  1
Z1;r09r^ \VLr;>+> 
1001
ACAD_OBJECT_CHANGE_GUID
1070
     1
1071
-831988225
1070
 27125
1070
 17586
1070
   174
1070
   235
1070
   227
1070
    80
1070
   165
1070
   112
1070
   160
1070
   163
  0
HATCH
  5
1D0
330
1F
100
AcDbEntity
  8
VIA_HOLES
 62
     7
100
AcDbHatch
 10
0.0
 20
0.0
 30
0.0
210
0.0
220
0.0
230
1.0
  2
SOLID
 70
     1
 71
     1
 91
        1
 92
        1
 93
        1
 72
     2
 10
51.81982778
 20
58.18989123999999
 40
0.1999996
 50
0.0
 51
360.0
 73
     1
 97
        1
330
1CF
 75
     0
 76
     1
 98
        0
  0
REGION
  5
1D1
102
{ACAD_REACTORS
330
1D2
102
}
330
1F
100
AcDbEntity
  8
VIA_HOLES
 62
     7
100
AcDbModelerGeometry
 70
     1
  1
noi nn n o 
  1
=0;& {rn {no {rn {rn |
  1
/061+ {rn jlqmifgmhknfffffff joqigfgfoffffffffi o |
  1
):-+:' {rn {k {n |
  1
:336/,:r<*-): {rn jlqoifgmhgm joqigfgfoffffffffi o o o n oqnfffffi o o n o o |
  1
:;8: {rn {m {m {j {l o |
  1
<0:;8: {rn {j {j {rn {k o {i {rn |
  1
300/ {rn {rn {j {g |
  1
/3>1:r,*-9><: {rn jmqfifgmgomoooooon joqigfgfoffffffffi o o o n rn o o o o o o o |
  1
9><: {rn {rn {i {f {rn {h o n o |
  1
,7:33 {rn {rn {rn {g {no |
  1
3*2/ {rn {rn {f {o |
  1
Z1;r09r^ \VLr;>+> 
1001
ACAD_OBJECT_CHANGE_GUID
1070
     1
1071
-2041843725
1070
 30256
1070
 17105
1070
   163
1070
   107
1070
   140
1070
   139
1070
    17
1070
   142
1070
     9
1070
    44
  0
HATCH
  5
1D2
330
1F
100
AcDbEntity
  8
VIA_HOLES
 62
     7
100
AcDbHatch
 10
0.0
 20
0.0
 30
0.0
210
0.0
220
0.0
230
1.0
  2
SOLID
 70
     1
 71
     1
 91
        1
 92
        1
 93
        1
 72
     2
 10
53.06982782
 20
50.689891
 40
0.1999996
 50
0.0
 51
360.0
 73
     1
 97
        1
330
1D1
 75
     0
 76
     1
 98
        0
  0
REGION
  5
1D3
102
{ACAD_REACTORS
330
1D4
102
}
330
1F
100
AcDbEntity
  8
VIA_HOLES
 62
     7
100
AcDbModelerGeometry
 70
     1
  1
noi nn n o 
  1
=0;& {rn {no {rn {rn |
  1
/061+ {rn jlqmifgmhknfffffff koqigfgfoihffffffg o |
  1
):-+:' {rn {k {n |
  1
:336/,:r<*-): {rn jlqoifgmhgm koqigfgfoihffffffg o o o n oqnfffffi o o n o o |
  1
:;8: {rn {m {m {j {l o |
  1
<0:;8: {rn {j {j {rn {k o {i {rn |
  1
300/ {rn {rn {j {g |
  1
/3>1:r,*-9><: {rn jmqfifgmgomoooooon koqigfgfoihffffffg o o o n rn o o o o o o o |
  1
9><: {rn {rn {i {f {rn {h o n o |
  1
,7:33 {rn {rn {rn {g {no |
  1
3*2/ {rn {rn {f {o |
  1
Z1;r09r^ \VLr;>+> 
1001
ACAD_OBJECT_CHANGE_GUID
1070
     1
1071
548342081
1070
-18489
1070
 19394
1070
   158
1070
    11
1070
   136
1070
    28
1070
   187
1070
    69
1070
    93
1070
   230
  0
HATCH
  5
1D4
330
1F
100
AcDbEntity
  8
VIA_HOLES
 62
     7
100
AcDbHatch
 10
0.0
 20
0.0
 30
0.0
210
0.0
220
0.0
230
1.0
  2
SOLID
 70
     1
 71
     1
 91
        1
 92
        1
 93
        1
 72
     2
 10
53.06982782
 20
40.68989068
 40
0.1999996
 50
0.0
 51
360.0
 73
     1
 97
        1
330
1D3
 75
     0
 76
     1
 98
        0
  0
REGION
  5
1D5
102
{ACAD_REACTORS
330
1D6
102
}
330
1F
100
AcDbEntity
  8
VIA_HOLES
 62
     7
100
AcDbModelerGeometry
 70
     1
  1
noi nn n o 
  1
=0;& {rn {no {rn {rn |
  1
/061+ {rn jlqmifgmhknfffffff ljqigfgfojnfffffff o |
  1
):-+:' {rn {k {n |
  1
:336/,:r<*-): {rn jlqoifgmhgm ljqigfgfojnfffffff o o o n oqnfffffi o o n o o |
  1
:;8: {rn {m {m {j {l o |
  1
<0:;8: {rn {j {j {rn {k o {i {rn |
  1
300/ {rn {rn {j {g |
  1
/3>1:r,*-9><: {rn jmqfifgmgomoooooon ljqigfgfojnfffffff o o o n rn o o o o o o o |
  1
9><: {rn {rn {i {f {rn {h o n o |
  1
,7:33 {rn {rn {rn {g {no |
  1
3*2/ {rn {rn {f {o |
  1
Z1;r09r^ \VLr;>+> 
1001
ACAD_OBJECT_CHANGE_GUID
1070
     1
1071
1945803487
1070
 16816
1070
 19849
1070
   190
1070
    85
1070
    27
1070
    70
1070
    45
1070
   186
1070
    12
1070
    32
  0
HATCH
  5
1D6
330
1F
100
AcDbEntity
  8
VIA_HOLES
 62
     7
100
AcDbHatch
 10
0.0
 20
0.0
 30
0.0
210
0.0
220
0.0
230
1.0
  2
SOLID
 70
     1
 71
     1
 91
        1
 92
        1
 93
        1
 72
     2
 10
53.06982782
 20
35.68989052
 40
0.1999996
 50
0.0
 51
360.0
 73
     1
 97
        1
330
1D5
 75
     0
 76
     1
 98
        0
  0
REGION
  5
1D7
102
{ACAD_REACTORS
330
1D8
102
}
330
1F
100
AcDbEntity
  8
VIA_HOLES
 62
     7
100
AcDbModelerGeometry
 70
     1
  1
noi nn n o 
  1
=0;& {rn {no {rn {rn |
  1
/061+ {rn jmqonfgmhlhffffffj mlqngfgfonnffffffg o |
  1
):-+:' {rn {k {n |
  1
:336/,:r<*-): {rn jnqgnfgmhhhffffffh mlqngfgfonnffffffg o o o n oqnfffffi o o n o o |
  1
:;8: {rn {m {m {j {l o |
  1
<0:;8: {rn {j {j {rn {k o {i {rn |
  1
300/ {rn {rn {j {g |
  1
/3>1:r,*-9><: {rn jnqhnfgmhfhffffffg mlqngfgfonnffffffg o o o n rn o o o o o o o |
  1
9><: {rn {rn {i {f {rn {h o n o |
  1
,7:33 {rn {rn {rn {g {no |
  1
3*2/ {rn {rn {f {o |
  1
Z1;r09r^ \VLr;>+> 
1001
ACAD_OBJECT_CHANGE_GUID
1070
     1
1071
1371626247
1070
 -9621
1070
 16895
1070
   144
1070
    65
1070
    26
1070
   146
1070
   132
1070
   145
1070
    23
1070
    52
  0
HATCH
  5
1D8
330
1F
100
AcDbEntity
  8
VIA_HOLES
 62
     7
100
AcDbHatch
 10
0.0
 20
0.0
 30
0.0
210
0.0
220
0.0
230
1.0
  2
SOLID
 70
     1
 71
     1
 91
        1
 92
        1
 93
        1
 72
     2
 10
51.81982778
 20
23.18989012
 40
0.1999996
 50
0.0
 51
360.0
 73
     1
 97
        1
330
1D7
 75
     0
 76
     1
 98
        0
  0
REGION
  5
1D9
102
{ACAD_REACTORS
330
1DA
102
}
330
1F
100
AcDbEntity
  8
VIA_HOLES
 62
     7
100
AcDbModelerGeometry
 70
     1
  1
noi nn n o 
  1
=0;& {rn {no {rn {rn |
  1
/061+ {rn jlqmifgmhknfffffff moqigfgfoolffffffg o |
  1
):-+:' {rn {k {n |
  1
:336/,:r<*-): {rn jlqoifgmhgm moqigfgfoolffffffg o o o n oqnfffffi o o n o o |
  1
:;8: {rn {m {m {j {l o |
  1
<0:;8: {rn {j {j {rn {k o {i {rn |
  1
300/ {rn {rn {j {g |
  1
/3>1:r,*-9><: {rn jmqfifgmgomoooooon moqigfgfoolffffffg o o o n rn o o o o o o o |
  1
9><: {rn {rn {i {f {rn {h o n o |
  1
,7:33 {rn {rn {rn {g {no |
  1
3*2/ {rn {rn {f {o |
  1
Z1;r09r^ \VLr;>+> 
1001
ACAD_OBJECT_CHANGE_GUID
1070
     1
1071
-614508144
1070
 -1096
1070
 17786
1070
   185
1070
   154
1070
   115
1070
   218
1070
   188
1070
   227
1070
    71
1070
   167
  0
HATCH
  5
1DA
330
1F
100
AcDbEntity
  8
VIA_HOLES
 62
     7
100
AcDbHatch
 10
0.0
 20
0.0
 30
0.0
210
0.0
220
0.0
230
1.0
  2
SOLID
 70
     1
 71
     1
 91
        1
 92
        1
 93
        1
 72
     2
 10
53.06982782
 20
20.68989004
 40
0.1999996
 50
0.0
 51
360.0
 73
     1
 97
        1
330
1D9
 75
     0
 76
     1
 98
        0
  0
REGION
  5
1DB
102
{ACAD_REACTORS
330
1DC
102
}
330
1F
100
AcDbEntity
  8
VIA_HOLES
 62
     7
100
AcDbModelerGeometry
 70
     1
  1
noi nn n o 
  1
=0;& {rn {no {rn {rn |
  1
/061+ {rn jlqmifgmhknfffffff njqigfggfggoooooon o |
  1
):-+:' {rn {k {n |
  1
:336/,:r<*-): {rn jlqoifgmhgm njqigfggfggoooooon o o o n oqnfffffi o o n o o |
  1
:;8: {rn {m {m {j {l o |
  1
<0:;8: {rn {j {j {rn {k o {i {rn |
  1
300/ {rn {rn {j {g |
  1
/3>1:r,*-9><: {rn jmqfifgmgomoooooon njqigfggfggoooooon o o o n rn o o o o o o o |
  1
9><: {rn {rn {i {f {rn {h o n o |
  1
,7:33 {rn {rn {rn {g {no |
  1
3*2/ {rn {rn {f {o |
  1
Z1;r09r^ \VLr;>+> 
1001
ACAD_OBJECT_CHANGE_GUID
1070
     1
1071
-1379589359
1070
-14162
1070
 17926
1070
   153
1070
   224
1070
   111
1070
   159
1070
   188
1070
   151
1070
   239
1070
   251
  0
HATCH
  5
1DC
330
1F
100
AcDbEntity
  8
VIA_HOLES
 62
     7
100
AcDbHatch
 10
0.0
 20
0.0
 30
0.0
210
0.0
220
0.0
230
1.0
  2
SOLID
 70
     1
 71
     1
 91
        1
 92
        1
 93
        1
 72
     2
 10
53.06982782
 20
15.68988988
 40
0.1999996
 50
0.0
 51
360.0
 73
     1
 97
        1
330
1DB
 75
     0
 76
     1
 98
        0
  0
REGION
  5
1DD
102
{ACAD_REACTORS
330
1DE
102
}
330
1F
100
AcDbEntity
  8
VIA_HOLES
 62
     7
100
AcDbModelerGeometry
 70
     1
  1
noi nn n o 
  1
=0;& {rn {no {rn {rn |
  1
/061+ {rn jlqmifgmhknfffffff noqigfggfhm o |
  1
):-+:' {rn {k {n |
  1
:336/,:r<*-): {rn jlqoifgmhgm noqigfggfhm o o o n oqnfffffi o o n o o |
  1
:;8: {rn {m {m {j {l o |
  1
<0:;8: {rn {j {j {rn {k o {i {rn |
  1
300/ {rn {rn {j {g |
  1
/3>1:r,*-9><: {rn jmqfifgmgomoooooon noqigfggfhm o o o n rn o o o o o o o |
  1
9><: {rn {rn {i {f {rn {h o n o |
  1
,7:33 {rn {rn {rn {g {no |
  1
3*2/ {rn {rn {f {o |
  1
Z1;r09r^ \VLr;>+> 
1001
ACAD_OBJECT_CHANGE_GUID
1070
     1
1071
1265957355
1070
-20938
1070
 16777
1070
   177
1070
   100
1070
   218
1070
    50
1070
    11
1070
   245
1070
    88
1070
     0
  0
HATCH
  5
1DE
330
1F
100
AcDbEntity
  8
VIA_HOLES
 62
     7
100
AcDbHatch
 10
0.0
 20
0.0
 30
0.0
210
0.0
220
0.0
230
1.0
  2
SOLID
 70
     1
 71
     1
 91
        1
 92
        1
 93
        1
 72
     2
 10
53.06982782
 20
10.68988972
 40
0.1999996
 50
0.0
 51
360.0
 73
     1
 97
        1
330
1DD
 75
     0
 76
     1
 98
        0
  0
REGION
  5
1DF
102
{ACAD_REACTORS
330
1E0
102
}
330
1F
100
AcDbEntity
  8
VIA_HOLES
 62
     7
100
AcDbModelerGeometry
 70
     1
  1
noi nn n o 
  1
=0;& {rn {no {rn {rn |
  1
/061+ {rn jmqonfgmhlhffffffj gqngfggfikoooooooj o |
  1
):-+:' {rn {k {n |
  1
:336/,:r<*-): {rn jnqgnfgmhhhffffffh gqngfggfikoooooooj o o o n oqnfffffi o o n o o |
  1
:;8: {rn {m {m {j {l o |
  1
<0:;8: {rn {j {j {rn {k o {i {rn |
  1
300/ {rn {rn {j {g |
  1
/3>1:r,*-9><: {rn jnqhnfgmhfhffffffg gqngfggfikoooooooj o o o n rn o o o o o o o |
  1
9><: {rn {rn {i {f {rn {h o n o |
  1
,7:33 {rn {rn {rn {g {no |
  1
3*2/ {rn {rn {f {o |
  1
Z1;r09r^ \VLr;>+> 
1001
ACAD_OBJECT_CHANGE_GUID
1070
     1
1071
763925698
1070
  5777
1070
 18679
1070
   166
1070
   136
1070
    20
1070
   236
1070
   194
1070
   254
1070
   136
1070
   233
  0
HATCH
  5
1E0
330
1F
100
AcDbEntity
  8
VIA_HOLES
 62
     7
100
AcDbHatch
 10
0.0
 20
0.0
 30
0.0
210
0.0
220
0.0
230
1.0
  2
SOLID
 70
     1
 71
     1
 91
        1
 92
        1
 93
        1
 72
     2
 10
51.81982778
 20
8.18988964
 40
0.1999996
 50
0.0
 51
360.0
 73
     1
 97
        1
330
1DF
 75
     0
 76
     1
 98
        0
  0
REGION
  5
1E1
102
{ACAD_REACTORS
330
1E2
102
}
330
1F
100
AcDbEntity
  8
VIA_HOLES
 62
     7
100
AcDbModelerGeometry
 70
     1
  1
noi nn n o 
  1
=0;& {rn {no {rn {rn |
  1
/061+ {rn kfqjnfgmhmfffffffi jgqngfgfnmlffffffk o |
  1
):-+:' {rn {k {n |
  1
:336/,:r<*-): {rn kfqlnfgmhifffffffg jgqngfgfnmlffffffk o o o n oqnfffffi o o n o o |
  1
:;8: {rn {m {m {j {l o |
  1
<0:;8: {rn {j {j {rn {k o {i {rn |
  1
300/ {rn {rn {j {g |
  1
/3>1:r,*-9><: {rn kfqmnfgmhgffffffff jgqngfgfnmlffffffk o o o n rn o o o o o o o |
  1
9><: {rn {rn {i {f {rn {h o n o |
  1
,7:33 {rn {rn {rn {g {no |
  1
3*2/ {rn {rn {f {o |
  1
Z1;r09r^ \VLr;>+> 
1001
ACAD_OBJECT_CHANGE_GUID
1070
     1
1071
591668081
1070
  2758
1070
 19153
1070
   137
1070
   179
1070
    97
1070
   175
1070
    83
1070
    41
1070
   253
1070
   111
  0
HATCH
  5
1E2
330
1F
100
AcDbEntity
  8
VIA_HOLES
 62
     7
100
AcDbHatch
 10
0.0
 20
0.0
 30
0.0
210
0.0
220
0.0
230
1.0
  2
SOLID
 70
     1
 71
     1
 91
        1
 92
        1
 93
        1
 72
     2
 10
49.3198277
 20
58.18989123999999
 40
0.1999996
 50
0.0
 51
360.0
 73
     1
 97
        1
330
1E1
 75
     0
 76
     1
 98
        0
  0
REGION
  5
1E3
102
{ACAD_REACTORS
330
1E4
102
}
330
1F
100
AcDbEntity
  8
VIA_HOLES
 62
     7
100
AcDbModelerGeometry
 70
     1
  1
noi nn n o 
  1
=0;& {rn {no {rn {rn |
  1
/061+ {rn joqhifgmhllffffffm jjqigfgfnnjffffffj o |
  1
):-+:' {rn {k {n |
  1
:336/,:r<*-): {rn joqjifgmhhlffffffk jjqigfgfnnjffffffj o o o n oqnfffffi o o n o o |
  1
:;8: {rn {m {m {j {l o |
  1
<0:;8: {rn {j {j {rn {k o {i {rn |
  1
300/ {rn {rn {j {g |
  1
/3>1:r,*-9><: {rn joqkifgmhflffffffj jjqigfgfnnjffffffj o o o n rn o o o o o o o |
  1
9><: {rn {rn {i {f {rn {h o n o |
  1
,7:33 {rn {rn {rn {g {no |
  1
3*2/ {rn {rn {f {o |
  1
Z1;r09r^ \VLr;>+> 
1001
ACAD_OBJECT_CHANGE_GUID
1070
     1
1071
-1460859562
1070
 -7840
1070
 20087
1070
   154
1070
   198
1070
   115
1070
   237
1070
   131
1070
    73
1070
    71
1070
   112
  0
HATCH
  5
1E4
330
1F
100
AcDbEntity
  8
VIA_HOLES
 62
     7
100
AcDbHatch
 10
0.0
 20
0.0
 30
0.0
210
0.0
220
0.0
230
1.0
  2
SOLID
 70
     1
 71
     1
 91
        1
 92
        1
 93
        1
 72
     2
 10
50.56982773999999
 20
55.68989115999999
 40
0.1999996
 50
0.0
 51
360.0
 73
     1
 97
        1
330
1E3
 75
     0
 76
     1
 98
        0
  0
REGION
  5
1E5
102
{ACAD_REACTORS
330
1E6
102
}
330
1F
100
AcDbEntity
  8
VIA_HOLES
 62
     7
100
AcDbModelerGeometry
 70
     1
  1
noi nn n o 
  1
=0;& {rn {no {rn {rn |
  1
/061+ {rn joqhifgmhllffffffm joqigfgfoffffffffi o |
  1
):-+:' {rn {k {n |
  1
:336/,:r<*-): {rn joqjifgmhhlffffffk joqigfgfoffffffffi o o o n oqnfffffi o o n o o |
  1
:;8: {rn {m {m {j {l o |
  1
<0:;8: {rn {j {j {rn {k o {i {rn |
  1
300/ {rn {rn {j {g |
  1
/3>1:r,*-9><: {rn joqkifgmhflffffffj joqigfgfoffffffffi o o o n rn o o o o o o o |
  1
9><: {rn {rn {i {f {rn {h o n o |
  1
,7:33 {rn {rn {rn {g {no |
  1
3*2/ {rn {rn {f {o |
  1
Z1;r09r^ \VLr;>+> 
1001
ACAD_OBJECT_CHANGE_GUID
1070
     1
1071
118978376
1070
-31237
1070
 19453
1070
   145
1070
   138
1070
   221
1070
   159
1070
   140
1070
   126
1070
    40
1070
   175
  0
HATCH
  5
1E6
330
1F
100
AcDbEntity
  8
VIA_HOLES
 62
     7
100
AcDbHatch
 10
0.0
 20
0.0
 30
0.0
210
0.0
220
0.0
230
1.0
  2
SOLID
 70
     1
 71
     1
 91
        1
 92
        1
 93
        1
 72
     2
 10
50.56982773999999
 20
50.689891
 40
0.1999996
 50
0.0
 51
360.0
 73
     1
 97
        1
330
1E5
 75
     0
 76
     1
 98
        0
  0
REGION
  5
1E7
102
{ACAD_REACTORS
330
1E8
102
}
330
1F
100
AcDbEntity
  8
VIA_HOLES
 62
     7
100
AcDbModelerGeometry
 70
     1
  1
noi nn n o 
  1
=0;& {rn {no {rn {rn |
  1
/061+ {rn kfqjnfgmhmfffffffi mlqngfgfonnffffffg o |
  1
):-+:' {rn {k {n |
  1
:336/,:r<*-): {rn kfqlnfgmhifffffffg mlqngfgfonnffffffg o o o n oqnfffffi o o n o o |
  1
:;8: {rn {m {m {j {l o |
  1
<0:;8: {rn {j {j {rn {k o {i {rn |
  1
300/ {rn {rn {j {g |
  1
/3>1:r,*-9><: {rn kfqmnfgmhgffffffff mlqngfgfonnffffffg o o o n rn o o o o o o o |
  1
9><: {rn {rn {i {f {rn {h o n o |
  1
,7:33 {rn {rn {rn {g {no |
  1
3*2/ {rn {rn {f {o |
  1
Z1;r09r^ \VLr;>+> 
1001
ACAD_OBJECT_CHANGE_GUID
1070
     1
1071
1783175758
1070
 21908
1070
 17054
1070
   163
1070
   234
1070
     6
1070
    77
1070
    21
1070
   229
1070
     2
1070
   254
  0
HATCH
  5
1E8
330
1F
100
AcDbEntity
  8
VIA_HOLES
 62
     7
100
AcDbHatch
 10
0.0
 20
0.0
 30
0.0
210
0.0
220
0.0
230
1.0
  2
SOLID
 70
     1
 71
     1
 91
        1
 92
        1
 93
        1
 72
     2
 10
49.3198277
 20
23.18989012
 40
0.1999996
 50
0.0
 51
360.0
 73
     1
 97
        1
330
1E7
 75
     0
 76
     1
 98
        0
  0
REGION
  5
1E9
102
{ACAD_REACTORS
330
1EA
102
}
330
1F
100
AcDbEntity
  8
VIA_HOLES
 62
     7
100
AcDbModelerGeometry
 70
     1
  1
noi nn n o 
  1
=0;& {rn {no {rn {rn |
  1
/061+ {rn joqhifgmhllffffffm moqigfgfoolffffffg o |
  1
):-+:' {rn {k {n |
  1
:336/,:r<*-): {rn joqjifgmhhlffffffk moqigfgfoolffffffg o o o n oqnfffffi o o n o o |
  1
:;8: {rn {m {m {j {l o |
  1
<0:;8: {rn {j {j {rn {k o {i {rn |
  1
300/ {rn {rn {j {g |
  1
/3>1:r,*-9><: {rn joqkifgmhflffffffj moqigfgfoolffffffg o o o n rn o o o o o o o |
  1
9><: {rn {rn {i {f {rn {h o n o |
  1
,7:33 {rn {rn {rn {g {no |
  1
3*2/ {rn {rn {f {o |
  1
Z1;r09r^ \VLr;>+> 
1001
ACAD_OBJECT_CHANGE_GUID
1070
     1
1071
2063247990
1070
 11696
1070
 18373
1070
   148
1070
   242
1070
    56
1070
   145
1070
   216
1070
    88
1070
   235
1070
   213
  0
HATCH
  5
1EA
330
1F
100
AcDbEntity
  8
VIA_HOLES
 62
     7
100
AcDbHatch
 10
0.0
 20
0.0
 30
0.0
210
0.0
220
0.0
230
1.0
  2
SOLID
 70
     1
 71
     1
 91
        1
 92
        1
 93
        1
 72
     2
 10
50.56982773999999
 20
20.68989004
 40
0.1999996
 50
0.0
 51
360.0
 73
     1
 97
        1
330
1E9
 75
     0
 76
     1
 98
        0
  0
REGION
  5
1EB
102
{ACAD_REACTORS
330
1EC
102
}
330
1F
100
AcDbEntity
  8
VIA_HOLES
 62
     7
100
AcDbModelerGeometry
 70
     1
  1
noi nn n o 
  1
=0;& {rn {no {rn {rn |
  1
/061+ {rn joqhifgmhllffffffm noqigfggfhm o |
  1
):-+:' {rn {k {n |
  1
:336/,:r<*-): {rn joqjifgmhhlffffffk noqigfggfhm o o o n oqnfffffi o o n o o |
  1
:;8: {rn {m {m {j {l o |
  1
<0:;8: {rn {j {j {rn {k o {i {rn |
  1
300/ {rn {rn {j {g |
  1
/3>1:r,*-9><: {rn joqkifgmhflffffffj noqigfggfhm o o o n rn o o o o o o o |
  1
9><: {rn {rn {i {f {rn {h o n o |
  1
,7:33 {rn {rn {rn {g {no |
  1
3*2/ {rn {rn {f {o |
  1
Z1;r09r^ \VLr;>+> 
1001
ACAD_OBJECT_CHANGE_GUID
1070
     1
1071
-892147854
1070
  9745
1070
 20234
1070
   131
1070
   146
1070
    12
1070
    53
1070
   237
1070
   217
1070
   226
1070
    66
  0
HATCH
  5
1EC
330
1F
100
AcDbEntity
  8
VIA_HOLES
 62
     7
100
AcDbHatch
 10
0.0
 20
0.0
 30
0.0
210
0.0
220
0.0
230
1.0
  2
SOLID
 70
     1
 71
     1
 91
        1
 92
        1
 93
        1
 72
     2
 10
50.56982773999999
 20
10.68988972
 40
0.1999996
 50
0.0
 51
360.0
 73
     1
 97
        1
330
1EB
 75
     0
 76
     1
 98
        0
  0
REGION
  5
1ED
102
{ACAD_REACTORS
330
1EE
102
}
330
1F
100
AcDbEntity
  8
VIA_HOLES
 62
     7
100
AcDbModelerGeometry
 70
     1
  1
noi nn n o 
  1
=0;& {rn {no {rn {rn |
  1
/061+ {rn joqhifgmhllffffffm jqigfggfjjfffffffm o |
  1
):-+:' {rn {k {n |
  1
:336/,:r<*-): {rn joqjifgmhhlffffffk jqigfggfjjfffffffm o o o n oqnfffffi o o n o o |
  1
:;8: {rn {m {m {j {l o |
  1
<0:;8: {rn {j {j {rn {k o {i {rn |
  1
300/ {rn {rn {j {g |
  1
/3>1:r,*-9><: {rn joqkifgmhflffffffj jqigfggfjjfffffffm o o o n rn o o o o o o o |
  1
9><: {rn {rn {i {f {rn {h o n o |
  1
,7:33 {rn {rn {rn {g {no |
  1
3*2/ {rn {rn {f {o |
  1
Z1;r09r^ \VLr;>+> 
1001
ACAD_OBJECT_CHANGE_GUID
1070
     1
1071
-543667825
1070
 22250
1070
 16618
1070
   147
1070
   229
1070
    68
1070
    52
1070
   136
1070
    88
1070
   199
1070
   219
  0
HATCH
  5
1EE
330
1F
100
AcDbEntity
  8
VIA_HOLES
 62
     7
100
AcDbHatch
 10
0.0
 20
0.0
 30
0.0
210
0.0
220
0.0
230
1.0
  2
SOLID
 70
     1
 71
     1
 91
        1
 92
        1
 93
        1
 72
     2
 10
50.56982773999999
 20
5.689889559999999
 40
0.1999996
 50
0.0
 51
360.0
 73
     1
 97
        1
330
1ED
 75
     0
 76
     1
 98
        0
  0
REGION
  5
1EF
102
{ACAD_REACTORS
330
1F0
102
}
330
1F
100
AcDbEntity
  8
VIA_HOLES
 62
     7
100
AcDbModelerGeometry
 70
     1
  1
noi nn n o 
  1
=0;& {rn {no {rn {rn |
  1
/061+ {rn kgqmifgmhmi jjqigfgfnnjffffffj o |
  1
):-+:' {rn {k {n |
  1
:336/,:r<*-): {rn kgqoifgmhiioooooon jjqigfgfnnjffffffj o o o n oqnfffffi o o n o o |
  1
:;8: {rn {m {m {j {l o |
  1
<0:;8: {rn {j {j {rn {k o {i {rn |
  1
300/ {rn {rn {j {g |
  1
/3>1:r,*-9><: {rn khqfifgmhgioooooom jjqigfgfnnjffffffj o o o n rn o o o o o o o |
  1
9><: {rn {rn {i {f {rn {h o n o |
  1
,7:33 {rn {rn {rn {g {no |
  1
3*2/ {rn {rn {f {o |
  1
Z1;r09r^ \VLr;>+> 
1001
ACAD_OBJECT_CHANGE_GUID
1070
     1
1071
-2131493391
1070
-16108
1070
 18023
1070
   174
1070
    45
1070
    74
1070
   244
1070
   238
1070
   238
1070
    72
1070
   238
  0
HATCH
  5
1F0
330
1F
100
AcDbEntity
  8
VIA_HOLES
 62
     7
100
AcDbHatch
 10
0.0
 20
0.0
 30
0.0
210
0.0
220
0.0
230
1.0
  2
SOLID
 70
     1
 71
     1
 91
        1
 92
        1
 93
        1
 72
     2
 10
48.06982766
 20
55.68989115999999
 40
0.1999996
 50
0.0
 51
360.0
 73
     1
 97
        1
330
1EF
 75
     0
 76
     1
 98
        0
  0
REGION
  5
1F1
102
{ACAD_REACTORS
330
1F2
102
}
330
1F
100
AcDbEntity
  8
VIA_HOLES
 62
     7
100
AcDbModelerGeometry
 70
     1
  1
noi nn n o 
  1
=0;& {rn {no {rn {rn |
  1
/061+ {rn kgqmifgmhmi joqigfgfoffffffffi o |
  1
):-+:' {rn {k {n |
  1
:336/,:r<*-): {rn kgqoifgmhiioooooon joqigfgfoffffffffi o o o n oqnfffffi o o n o o |
  1
:;8: {rn {m {m {j {l o |
  1
<0:;8: {rn {j {j {rn {k o {i {rn |
  1
300/ {rn {rn {j {g |
  1
/3>1:r,*-9><: {rn khqfifgmhgioooooom joqigfgfoffffffffi o o o n rn o o o o o o o |
  1
9><: {rn {rn {i {f {rn {h o n o |
  1
,7:33 {rn {rn {rn {g {no |
  1
3*2/ {rn {rn {f {o |
  1
Z1;r09r^ \VLr;>+> 
1001
ACAD_OBJECT_CHANGE_GUID
1070
     1
1071
1299205527
1070
  2162
1070
 19588
1070
   146
1070
   130
1070
    33
1070
   247
1070
   164
1070
   231
1070
    72
1070
    76
  0
HATCH
  5
1F2
330
1F
100
AcDbEntity
  8
VIA_HOLES
 62
     7
100
AcDbHatch
 10
0.0
 20
0.0
 30
0.0
210
0.0
220
0.0
230
1.0
  2
SOLID
 70
     1
 71
     1
 91
        1
 92
        1
 93
        1
 72
     2
 10
48.06982766
 20
50.689891
 40
0.1999996
 50
0.0
 51
360.0
 73
     1
 97
        1
330
1F1
 75
     0
 76
     1
 98
        0
  0
REGION
  5
1F3
102
{ACAD_REACTORS
330
1F4
102
}
330
1F
100
AcDbEntity
  8
VIA_HOLES
 62
     7
100
AcDbModelerGeometry
 70
     1
  1
noi nn n o 
  1
=0;& {rn {no {rn {rn |
  1
/061+ {rn khqonfgmhmnffffffi mlqngfgfonnffffffg o |
  1
):-+:' {rn {k {n |
  1
:336/,:r<*-): {rn kiqgnfgmhinffffffg mlqngfgfonnffffffg o o o n oqnfffffi o o n o o |
  1
:;8: {rn {m {m {j {l o |
  1
<0:;8: {rn {j {j {rn {k o {i {rn |
  1
300/ {rn {rn {j {g |
  1
/3>1:r,*-9><: {rn kiqhnfgmhgnfffffff mlqngfgfonnffffffg o o o n rn o o o o o o o |
  1
9><: {rn {rn {i {f {rn {h o n o |
  1
,7:33 {rn {rn {rn {g {no |
  1
3*2/ {rn {rn {f {o |
  1
Z1;r09r^ \VLr;>+> 
1001
ACAD_OBJECT_CHANGE_GUID
1070
     1
1071
1917224673
1070
  7845
1070
 17275
1070
   168
1070
   251
1070
     8
1070
   232
1070
    32
1070
     8
1070
   191
1070
   246
  0
HATCH
  5
1F4
330
1F
100
AcDbEntity
  8
VIA_HOLES
 62
     7
100
AcDbHatch
 10
0.0
 20
0.0
 30
0.0
210
0.0
220
0.0
230
1.0
  2
SOLID
 70
     1
 71
     1
 91
        1
 92
        1
 93
        1
 72
     2
 10
46.81982762
 20
23.18989012
 40
0.1999996
 50
0.0
 51
360.0
 73
     1
 97
        1
330
1F3
 75
     0
 76
     1
 98
        0
  0
REGION
  5
1F5
102
{ACAD_REACTORS
330
1F6
102
}
330
1F
100
AcDbEntity
  8
VIA_HOLES
 62
     7
100
AcDbModelerGeometry
 70
     1
  1
noi nn n o 
  1
=0;& {rn {no {rn {rn |
  1
/061+ {rn kgqmifgmhmi njqigfggfggoooooon o |
  1
):-+:' {rn {k {n |
  1
:336/,:r<*-): {rn kgqoifgmhiioooooon njqigfggfggoooooon o o o n oqnfffffi o o n o o |
  1
:;8: {rn {m {m {j {l o |
  1
<0:;8: {rn {j {j {rn {k o {i {rn |
  1
300/ {rn {rn {j {g |
  1
/3>1:r,*-9><: {rn khqfifgmhgioooooom njqigfggfggoooooon o o o n rn o o o o o o o |
  1
9><: {rn {rn {i {f {rn {h o n o |
  1
,7:33 {rn {rn {rn {g {no |
  1
3*2/ {rn {rn {f {o |
  1
Z1;r09r^ \VLr;>+> 
1001
ACAD_OBJECT_CHANGE_GUID
1070
     1
1071
-1314136353
1070
 24978
1070
 17525
1070
   161
1070
   123
1070
   158
1070
   185
1070
    28
1070
    68
1070
    66
1070
    15
  0
HATCH
  5
1F6
330
1F
100
AcDbEntity
  8
VIA_HOLES
 62
     7
100
AcDbHatch
 10
0.0
 20
0.0
 30
0.0
210
0.0
220
0.0
230
1.0
  2
SOLID
 70
     1
 71
     1
 91
        1
 92
        1
 93
        1
 72
     2
 10
48.06982766
 20
15.68988988
 40
0.1999996
 50
0.0
 51
360.0
 73
     1
 97
        1
330
1F5
 75
     0
 76
     1
 98
        0
  0
REGION
  5
1F7
102
{ACAD_REACTORS
330
1F8
102
}
330
1F
100
AcDbEntity
  8
VIA_HOLES
 62
     7
100
AcDbModelerGeometry
 70
     1
  1
noi nn n o 
  1
=0;& {rn {no {rn {rn |
  1
/061+ {rn kkqjnfgmhnlffffffh jgqngfgfnmlffffffk o |
  1
):-+:' {rn {k {n |
  1
:336/,:r<*-): {rn kkqlnfgmhjlfffffff jgqngfgfnmlffffffk o o o n oqnfffffi o o n o o |
  1
:;8: {rn {m {m {j {l o |
  1
<0:;8: {rn {j {j {rn {k o {i {rn |
  1
300/ {rn {rn {j {g |
  1
/3>1:r,*-9><: {rn kkqmnfgmhhlfffffff jgqngfgfnmlffffffk o o o n rn o o o o o o o |
  1
9><: {rn {rn {i {f {rn {h o n o |
  1
,7:33 {rn {rn {rn {g {no |
  1
3*2/ {rn {rn {f {o |
  1
Z1;r09r^ \VLr;>+> 
1001
ACAD_OBJECT_CHANGE_GUID
1070
     1
1071
-1867830366
1070
 30583
1070
 20245
1070
   155
1070
   153
1070
   131
1070
    20
1070
   210
1070
   164
1070
   161
1070
   166
  0
HATCH
  5
1F8
330
1F
100
AcDbEntity
  8
VIA_HOLES
 62
     7
100
AcDbHatch
 10
0.0
 20
0.0
 30
0.0
210
0.0
220
0.0
230
1.0
  2
SOLID
 70
     1
 71
     1
 91
        1
 92
        1
 93
        1
 72
     2
 10
44.31982754
 20
58.18989123999999
 40
0.1999996
 50
0.0
 51
360.0
 73
     1
 97
        1
330
1F7
 75
     0
 76
     1
 98
        0
  0
REGION
  5
1F9
102
{ACAD_REACTORS
330
1FA
102
}
330
1F
100
AcDbEntity
  8
VIA_HOLES
 62
     7
100
AcDbModelerGeometry
 70
     1
  1
noi nn n o 
  1
=0;& {rn {no {rn {rn |
  1
/061+ {rn kjqhifgmhnhffffffl njqigfggfggoooooon o |
  1
):-+:' {rn {k {n |
  1
:336/,:r<*-): {rn kjqjifgmhjhffffffj njqigfggfggoooooon o o o n oqnfffffi o o n o o |
  1
:;8: {rn {m {m {j {l o |
  1
<0:;8: {rn {j {j {rn {k o {i {rn |
  1
300/ {rn {rn {j {g |
  1
/3>1:r,*-9><: {rn kjqkifgmhhhffffffi njqigfggfggoooooon o o o n rn o o o o o o o |
  1
9><: {rn {rn {i {f {rn {h o n o |
  1
,7:33 {rn {rn {rn {g {no |
  1
3*2/ {rn {rn {f {o |
  1
Z1;r09r^ \VLr;>+> 
1001
ACAD_OBJECT_CHANGE_GUID
1070
     1
1071
-334823557
1070
-30279
1070
 20437
1070
   172
1070
   140
1070
    45
1070
   109
1070
   126
1070
     4
1070
   237
1070
    18
  0
HATCH
  5
1FA
330
1F
100
AcDbEntity
  8
VIA_HOLES
 62
     7
100
AcDbHatch
 10
0.0
 20
0.0
 30
0.0
210
0.0
220
0.0
230
1.0
  2
SOLID
 70
     1
 71
     1
 91
        1
 92
        1
 93
        1
 72
     2
 10
45.56982757999999
 20
15.68988988
 40
0.1999996
 50
0.0
 51
360.0
 73
     1
 97
        1
330
1F9
 75
     0
 76
     1
 98
        0
  0
REGION
  5
1FB
102
{ACAD_REACTORS
330
1FC
102
}
330
1F
100
AcDbEntity
  8
VIA_HOLES
 62
     7
100
AcDbModelerGeometry
 70
     1
  1
noi nn n o 
  1
=0;& {rn {no {rn {rn |
  1
/061+ {rn klqmifgmhnooooooon jjqigfgfnnjffffffj o |
  1
):-+:' {rn {k {n |
  1
:336/,:r<*-): {rn klqoifgmhjooooooom jjqigfgfnnjffffffj o o o n oqnfffffi o o n o o |
  1
:;8: {rn {m {m {j {l o |
  1
<0:;8: {rn {j {j {rn {k o {i {rn |
  1
300/ {rn {rn {j {g |
  1
/3>1:r,*-9><: {rn kmqfifgmhhoooooool jjqigfgfnnjffffffj o o o n rn o o o o o o o |
  1
9><: {rn {rn {i {f {rn {h o n o |
  1
,7:33 {rn {rn {rn {g {no |
  1
3*2/ {rn {rn {f {o |
  1
Z1;r09r^ \VLr;>+> 
1001
ACAD_OBJECT_CHANGE_GUID
1070
     1
1071
1484311705
1070
 -7433
1070
 18336
1070
   184
1070
    58
1070
    37
1070
   195
1070
    56
1070
    28
1070
    92
1070
   167
  0
HATCH
  5
1FC
330
1F
100
AcDbEntity
  8
VIA_HOLES
 62
     7
100
AcDbHatch
 10
0.0
 20
0.0
 30
0.0
210
0.0
220
0.0
230
1.0
  2
SOLID
 70
     1
 71
     1
 91
        1
 92
        1
 93
        1
 72
     2
 10
43.0698275
 20
55.68989115999999
 40
0.1999996
 50
0.0
 51
360.0
 73
     1
 97
        1
330
1FB
 75
     0
 76
     1
 98
        0
  0
REGION
  5
1FD
102
{ACAD_REACTORS
330
1FE
102
}
330
1F
100
AcDbEntity
  8
VIA_HOLES
 62
     7
100
AcDbModelerGeometry
 70
     1
  1
noi nn n o 
  1
=0;& {rn {no {rn {rn |
  1
/061+ {rn kmqonfgmhojffffff jlqngfgfnogoooooom o |
  1
):-+:' {rn {k {n |
  1
:336/,:r<*-): {rn knqgnfgmhkjffffffm jlqngfgfnogoooooom o o o n oqnfffffi o o n o o |
  1
:;8: {rn {m {m {j {l o |
  1
<0:;8: {rn {j {j {rn {k o {i {rn |
  1
300/ {rn {rn {j {g |
  1
/3>1:r,*-9><: {rn knqhnfgmhijffffffl jlqngfgfnogoooooom o o o n rn o o o o o o o |
  1
9><: {rn {rn {i {f {rn {h o n o |
  1
,7:33 {rn {rn {rn {g {no |
  1
3*2/ {rn {rn {f {o |
  1
Z1;r09r^ \VLr;>+> 
1001
ACAD_OBJECT_CHANGE_GUID
1070
     1
1071
-1553112135
1070
 -6052
1070
 19010
1070
   154
1070
   171
1070
   244
1070
    46
1070
    88
1070
   154
1070
   215
1070
   221
  0
HATCH
  5
1FE
330
1F
100
AcDbEntity
  8
VIA_HOLES
 62
     7
100
AcDbHatch
 10
0.0
 20
0.0
 30
0.0
210
0.0
220
0.0
230
1.0
  2
SOLID
 70
     1
 71
     1
 91
        1
 92
        1
 93
        1
 72
     2
 10
41.81982745999999
 20
53.18989108
 40
0.1999996
 50
0.0
 51
360.0
 73
     1
 97
        1
330
1FD
 75
     0
 76
     1
 98
        0
  0
REGION
  5
1FF
102
{ACAD_REACTORS
330
200
102
}
330
1F
100
AcDbEntity
  8
VIA_HOLES
 62
     7
100
AcDbModelerGeometry
 70
     1
  1
noi nn n o 
  1
=0;& {rn {no {rn {rn |
  1
/061+ {rn lfqjnfgmifhffffffg jlqngfgfnogoooooom o |
  1
):-+:' {rn {k {n |
  1
:336/,:r<*-): {rn lfqlnfgmhlg jlqngfgfnogoooooom o o o n oqnfffffi o o n o o |
  1
:;8: {rn {m {m {j {l o |
  1
<0:;8: {rn {j {j {rn {k o {i {rn |
  1
300/ {rn {rn {j {g |
  1
/3>1:r,*-9><: {rn lfqmnfgmhjg jlqngfgfnogoooooom o o o n rn o o o o o o o |
  1
9><: {rn {rn {i {f {rn {h o n o |
  1
,7:33 {rn {rn {rn {g {no |
  1
3*2/ {rn {rn {f {o |
  1
Z1;r09r^ \VLr;>+> 
1001
ACAD_OBJECT_CHANGE_GUID
1070
     1
1071
-1296017576
1070
-31530
1070
 17167
1070
   164
1070
   136
1070
   245
1070
   112
1070
   196
1070
   133
1070
    97
1070
    33
  0
HATCH
  5
200
330
1F
100
AcDbEntity
  8
VIA_HOLES
 62
     7
100
AcDbHatch
 10
0.0
 20
0.0
 30
0.0
210
0.0
220
0.0
230
1.0
  2
SOLID
 70
     1
 71
     1
 91
        1
 92
        1
 93
        1
 72
     2
 10
39.31982738
 20
53.18989108
 40
0.1999996
 50
0.0
 51
360.0
 73
     1
 97
        1
330
1FF
 75
     0
 76
     1
 98
        0
  0
REGION
  5
201
102
{ACAD_REACTORS
330
202
102
}
330
1F
100
AcDbEntity
  8
VIA_HOLES
 62
     7
100
AcDbModelerGeometry
 70
     1
  1
noi nn n o 
  1
=0;& {rn {no {rn {rn |
  1
/061+ {rn lfqoooooohlffffffh kgqmllgkojkooooool o |
  1
):-+:' {rn {k {n |
  1
:336/,:r<*-): {rn lgqgoooonnlfffffff kgqmllgkojkooooool o o o n oqnfffffi o o n o o |
  1
:;8: {rn {m {m {j {l o |
  1
<0:;8: {rn {j {j {rn {k o {i {rn |
  1
300/ {rn {rn {j {g |
  1
/3>1:r,*-9><: {rn lgqhoooonlk kgqmllgkojkooooool o o o n rn o o o o o o o |
  1
9><: {rn {rn {i {f {rn {h o n o |
  1
,7:33 {rn {rn {rn {g {no |
  1
3*2/ {rn {rn {f {o |
  1
Z1;r09r^ \VLr;>+> 
1001
ACAD_OBJECT_CHANGE_GUID
1070
     1
1071
799354547
1070
 27954
1070
 18192
1070
   178
1070
    14
1070
    68
1070
   124
1070
   159
1070
   189
1070
   185
1070
   228
  0
HATCH
  5
202
330
1F
100
AcDbEntity
  8
VIA_HOLES
 62
     7
100
AcDbHatch
 10
0.0
 20
0.0
 30
0.0
210
0.0
220
0.0
230
1.0
  2
SOLID
 70
     1
 71
     1
 91
        1
 92
        1
 93
        1
 72
     2
 10
38.80000114
 20
48.23384054
 40
0.1999996
 50
0.0
 51
360.0
 73
     1
 97
        1
330
201
 75
     0
 76
     1
 98
        0
  0
REGION
  5
203
102
{ACAD_REACTORS
330
204
102
}
330
1F
100
AcDbEntity
  8
VIA_HOLES
 62
     7
100
AcDbModelerGeometry
 70
     1
  1
noi nn n o 
  1
=0;& {rn {no {rn {rn |
  1
/061+ {rn lhqonfgmigfffffffn jlqngfgfnogoooooom o |
  1
):-+:' {rn {k {n |
  1
:336/,:r<*-): {rn liqgnfgmhmfffffffl jlqngfgfnogoooooom o o o n oqnfffffi o o n o o |
  1
:;8: {rn {m {m {j {l o |
  1
<0:;8: {rn {j {j {rn {k o {i {rn |
  1
300/ {rn {rn {j {g |
  1
/3>1:r,*-9><: {rn liqhnfgmhkfffffffk jlqngfgfnogoooooom o o o n rn o o o o o o o |
  1
9><: {rn {rn {i {f {rn {h o n o |
  1
,7:33 {rn {rn {rn {g {no |
  1
3*2/ {rn {rn {f {o |
  1
Z1;r09r^ \VLr;>+> 
1001
ACAD_OBJECT_CHANGE_GUID
1070
     1
1071
-1825058967
1070
 -4005
1070
 19537
1070
   170
1070
   176
1070
   177
1070
   148
1070
    12
1070
   188
1070
   133
1070
   139
  0
HATCH
  5
204
330
1F
100
AcDbEntity
  8
VIA_HOLES
 62
     7
100
AcDbHatch
 10
0.0
 20
0.0
 30
0.0
210
0.0
220
0.0
230
1.0
  2
SOLID
 70
     1
 71
     1
 91
        1
 92
        1
 93
        1
 72
     2
 10
36.81982729999999
 20
53.18989108
 40
0.1999996
 50
0.0
 51
360.0
 73
     1
 97
        1
330
203
 75
     0
 76
     1
 98
        0
  0
REGION
  5
205
102
{ACAD_REACTORS
330
206
102
}
330
1F
100
AcDbEntity
  8
VIA_HOLES
 62
     7
100
AcDbModelerGeometry
 70
     1
  1
noi nn n o 
  1
=0;& {rn {no {rn {rn |
  1
/061+ {rn lhqonfgmigfffffffn kgqngfgfofnffffffi o |
  1
):-+:' {rn {k {n |
  1
:336/,:r<*-): {rn liqgnfgmhmfffffffl kgqngfgfofnffffffi o o o n oqnfffffi o o n o o |
  1
:;8: {rn {m {m {j {l o |
  1
<0:;8: {rn {j {j {rn {k o {i {rn |
  1
300/ {rn {rn {j {g |
  1
/3>1:r,*-9><: {rn liqhnfgmhkfffffffk kgqngfgfofnffffffi o o o n rn o o o o o o o |
  1
9><: {rn {rn {i {f {rn {h o n o |
  1
,7:33 {rn {rn {rn {g {no |
  1
3*2/ {rn {rn {f {o |
  1
Z1;r09r^ \VLr;>+> 
1001
ACAD_OBJECT_CHANGE_GUID
1070
     1
1071
-1065592629
1070
-10035
1070
 19980
1070
   172
1070
   156
1070
   101
1070
    24
1070
   221
1070
    66
1070
   201
1070
   110
  0
HATCH
  5
206
330
1F
100
AcDbEntity
  8
VIA_HOLES
 62
     7
100
AcDbHatch
 10
0.0
 20
0.0
 30
0.0
210
0.0
220
0.0
230
1.0
  2
SOLID
 70
     1
 71
     1
 91
        1
 92
        1
 93
        1
 72
     2
 10
36.81982729999999
 20
48.18989092
 40
0.1999996
 50
0.0
 51
360.0
 73
     1
 97
        1
330
205
 75
     0
 76
     1
 98
        0
  0
REGION
  5
207
102
{ACAD_REACTORS
330
208
102
}
330
1F
100
AcDbEntity
  8
VIA_HOLES
 62
     7
100
AcDbModelerGeometry
 70
     1
  1
noi nn n o 
  1
=0;& {rn {no {rn {rn |
  1
/061+ {rn lhqonfgmigfffffffn llqngfgfoklfffffff o |
  1
):-+:' {rn {k {n |
  1
:336/,:r<*-): {rn liqgnfgmhmfffffffl llqngfgfoklfffffff o o o n oqnfffffi o o n o o |
  1
:;8: {rn {m {m {j {l o |
  1
<0:;8: {rn {j {j {rn {k o {i {rn |
  1
300/ {rn {rn {j {g |
  1
/3>1:r,*-9><: {rn liqhnfgmhkfffffffk llqngfgfoklfffffff o o o n rn o o o o o o o |
  1
9><: {rn {rn {i {f {rn {h o n o |
  1
,7:33 {rn {rn {rn {g {no |
  1
3*2/ {rn {rn {f {o |
  1
Z1;r09r^ \VLr;>+> 
1001
ACAD_OBJECT_CHANGE_GUID
1070
     1
1071
-136201760
1070
-11809
1070
 18868
1070
   189
1070
    35
1070
   191
1070
   129
1070
    32
1070
    62
1070
    49
1070
    51
  0
HATCH
  5
208
330
1F
100
AcDbEntity
  8
VIA_HOLES
 62
     7
100
AcDbHatch
 10
0.0
 20
0.0
 30
0.0
210
0.0
220
0.0
230
1.0
  2
SOLID
 70
     1
 71
     1
 91
        1
 92
        1
 93
        1
 72
     2
 10
36.81982729999999
 20
33.18989044
 40
0.1999996
 50
0.0
 51
360.0
 73
     1
 97
        1
330
207
 75
     0
 76
     1
 98
        0
  0
REGION
  5
209
102
{ACAD_REACTORS
330
20A
102
}
330
1F
100
AcDbEntity
  8
VIA_HOLES
 62
     7
100
AcDbModelerGeometry
 70
     1
  1
noi nn n o 
  1
=0;& {rn {no {rn {rn |
  1
/061+ {rn lhqonfgmigfffffffn mgqngfgfomhffffffh o |
  1
):-+:' {rn {k {n |
  1
:336/,:r<*-): {rn liqgnfgmhmfffffffl mgqngfgfomhffffffh o o o n oqnfffffi o o n o o |
  1
:;8: {rn {m {m {j {l o |
  1
<0:;8: {rn {j {j {rn {k o {i {rn |
  1
300/ {rn {rn {j {g |
  1
/3>1:r,*-9><: {rn liqhnfgmhkfffffffk mgqngfgfomhffffffh o o o n rn o o o o o o o |
  1
9><: {rn {rn {i {f {rn {h o n o |
  1
,7:33 {rn {rn {rn {g {no |
  1
3*2/ {rn {rn {f {o |
  1
Z1;r09r^ \VLr;>+> 
1001
ACAD_OBJECT_CHANGE_GUID
1070
     1
1071
-922618857
1070
  8419
1070
 17144
1070
   144
1070
    89
1070
    25
1070
   145
1070
   219
1070
   202
1070
    90
1070
   247
  0
HATCH
  5
20A
330
1F
100
AcDbEntity
  8
VIA_HOLES
 62
     7
100
AcDbHatch
 10
0.0
 20
0.0
 30
0.0
210
0.0
220
0.0
230
1.0
  2
SOLID
 70
     1
 71
     1
 91
        1
 92
        1
 93
        1
 72
     2
 10
36.81982729999999
 20
28.18989028
 40
0.1999996
 50
0.0
 51
360.0
 73
     1
 97
        1
330
209
 75
     0
 76
     1
 98
        0
  0
REGION
  5
20B
102
{ACAD_REACTORS
330
20C
102
}
330
1F
100
AcDbEntity
  8
VIA_HOLES
 62
     7
100
AcDbModelerGeometry
 70
     1
  1
noi nn n o 
  1
=0;& {rn {no {rn {rn |
  1
/061+ {rn lkqjnfgmignfffffff jgqngfgfnmlffffffk o |
  1
):-+:' {rn {k {n |
  1
:336/,:r<*-): {rn lkqlnfgmhmmoooooon jgqngfgfnmlffffffk o o o n oqnfffffi o o n o o |
  1
:;8: {rn {m {m {j {l o |
  1
<0:;8: {rn {j {j {rn {k o {i {rn |
  1
300/ {rn {rn {j {g |
  1
/3>1:r,*-9><: {rn lkqmnfgmhkmoooooon jgqngfgfnmlffffffk o o o n rn o o o o o o o |
  1
9><: {rn {rn {i {f {rn {h o n o |
  1
,7:33 {rn {rn {rn {g {no |
  1
3*2/ {rn {rn {f {o |
  1
Z1;r09r^ \VLr;>+> 
1001
ACAD_OBJECT_CHANGE_GUID
1070
     1
1071
 96207973
1070
  6248
1070
 19712
1070
   180
1070
    79
1070
   126
1070
   143
1070
   169
1070
     5
1070
    11
1070
    21
  0
HATCH
  5
20C
330
1F
100
AcDbEntity
  8
VIA_HOLES
 62
     7
100
AcDbHatch
 10
0.0
 20
0.0
 30
0.0
210
0.0
220
0.0
230
1.0
  2
SOLID
 70
     1
 71
     1
 91
        1
 92
        1
 93
        1
 72
     2
 10
34.31982722
 20
58.18989123999999
 40
0.1999996
 50
0.0
 51
360.0
 73
     1
 97
        1
330
20B
 75
     0
 76
     1
 98
        0
  0
REGION
  5
20D
102
{ACAD_REACTORS
330
20E
102
}
330
1F
100
AcDbEntity
  8
VIA_HOLES
 62
     7
100
AcDbModelerGeometry
 70
     1
  1
noi nn n o 
  1
=0;& {rn {no {rn {rn |
  1
/061+ {rn ljqhifgmigjffffffj jjqigfgfnnjffffffj o |
  1
):-+:' {rn {k {n |
  1
:336/,:r<*-): {rn ljqjifgmhmjffffffh jjqigfgfnnjffffffj o o o n oqnfffffi o o n o o |
  1
:;8: {rn {m {m {j {l o |
  1
<0:;8: {rn {j {j {rn {k o {i {rn |
  1
300/ {rn {rn {j {g |
  1
/3>1:r,*-9><: {rn ljqkifgmhkjffffffg jjqigfgfnnjffffffj o o o n rn o o o o o o o |
  1
9><: {rn {rn {i {f {rn {h o n o |
  1
,7:33 {rn {rn {rn {g {no |
  1
3*2/ {rn {rn {f {o |
  1
Z1;r09r^ \VLr;>+> 
1001
ACAD_OBJECT_CHANGE_GUID
1070
     1
1071
255605505
1070
  9722
1070
 19820
1070
   129
1070
    62
1070
    49
1070
    79
1070
   222
1070
   145
1070
   179
1070
    36
  0
HATCH
  5
20E
330
1F
100
AcDbEntity
  8
VIA_HOLES
 62
     7
100
AcDbHatch
 10
0.0
 20
0.0
 30
0.0
210
0.0
220
0.0
230
1.0
  2
SOLID
 70
     1
 71
     1
 91
        1
 92
        1
 93
        1
 72
     2
 10
35.56982726
 20
55.68989115999999
 40
0.1999996
 50
0.0
 51
360.0
 73
     1
 97
        1
330
20D
 75
     0
 76
     1
 98
        0
  0
REGION
  5
20F
102
{ACAD_REACTORS
330
210
102
}
330
1F
100
AcDbEntity
  8
VIA_HOLES
 62
     7
100
AcDbModelerGeometry
 70
     1
  1
noi nn n o 
  1
=0;& {rn {no {rn {rn |
  1
/061+ {rn ljqhifgmigjffffffj ljqigfgfojnfffffff o |
  1
):-+:' {rn {k {n |
  1
:336/,:r<*-): {rn ljqjifgmhmjffffffh ljqigfgfojnfffffff o o o n oqnfffffi o o n o o |
  1
:;8: {rn {m {m {j {l o |
  1
<0:;8: {rn {j {j {rn {k o {i {rn |
  1
300/ {rn {rn {j {g |
  1
/3>1:r,*-9><: {rn ljqkifgmhkjffffffg ljqigfgfojnfffffff o o o n rn o o o o o o o |
  1
9><: {rn {rn {i {f {rn {h o n o |
  1
,7:33 {rn {rn {rn {g {no |
  1
3*2/ {rn {rn {f {o |
  1
Z1;r09r^ \VLr;>+> 
1001
ACAD_OBJECT_CHANGE_GUID
1070
     1
1071
732682192
1070
  2490
1070
 16925
1070
   145
1070
    40
1070
   125
1070
   127
1070
    84
1070
    36
1070
   181
1070
   130
  0
HATCH
  5
210
330
1F
100
AcDbEntity
  8
VIA_HOLES
 62
     7
100
AcDbHatch
 10
0.0
 20
0.0
 30
0.0
210
0.0
220
0.0
230
1.0
  2
SOLID
 70
     1
 71
     1
 91
        1
 92
        1
 93
        1
 72
     2
 10
35.56982726
 20
35.68989052
 40
0.1999996
 50
0.0
 51
360.0
 73
     1
 97
        1
330
20F
 75
     0
 76
     1
 98
        0
  0
REGION
  5
211
102
{ACAD_REACTORS
330
212
102
}
330
1F
100
AcDbEntity
  8
VIA_HOLES
 62
     7
100
AcDbModelerGeometry
 70
     1
  1
noi nn n o 
  1
=0;& {rn {no {rn {rn |
  1
/061+ {rn lkqjnfgmignfffffff llqngfgfoklfffffff o |
  1
):-+:' {rn {k {n |
  1
:336/,:r<*-): {rn lkqlnfgmhmmoooooon llqngfgfoklfffffff o o o n oqnfffffi o o n o o |
  1
:;8: {rn {m {m {j {l o |
  1
<0:;8: {rn {j {j {rn {k o {i {rn |
  1
300/ {rn {rn {j {g |
  1
/3>1:r,*-9><: {rn lkqmnfgmhkmoooooon llqngfgfoklfffffff o o o n rn o o o o o o o |
  1
9><: {rn {rn {i {f {rn {h o n o |
  1
,7:33 {rn {rn {rn {g {no |
  1
3*2/ {rn {rn {f {o |
  1
Z1;r09r^ \VLr;>+> 
1001
ACAD_OBJECT_CHANGE_GUID
1070
     1
1071
-390355790
1070
  8183
1070
 18195
1070
   155
1070
    23
1070
   176
1070
   175
1070
   234
1070
   179
1070
   176
1070
   148
  0
HATCH
  5
212
330
1F
100
AcDbEntity
  8
VIA_HOLES
 62
     7
100
AcDbHatch
 10
0.0
 20
0.0
 30
0.0
210
0.0
220
0.0
230
1.0
  2
SOLID
 70
     1
 71
     1
 91
        1
 92
        1
 93
        1
 72
     2
 10
34.31982722
 20
33.18989044
 40
0.1999996
 50
0.0
 51
360.0
 73
     1
 97
        1
330
211
 75
     0
 76
     1
 98
        0
  0
REGION
  5
213
102
{ACAD_REACTORS
330
214
102
}
330
1F
100
AcDbEntity
  8
VIA_HOLES
 62
     7
100
AcDbModelerGeometry
 70
     1
  1
noi nn n o 
  1
=0;& {rn {no {rn {rn |
  1
/061+ {rn ljqhifgmigjffffffj moqigfgfoolffffffg o |
  1
):-+:' {rn {k {n |
  1
:336/,:r<*-): {rn ljqjifgmhmjffffffh moqigfgfoolffffffg o o o n oqnfffffi o o n o o |
  1
:;8: {rn {m {m {j {l o |
  1
<0:;8: {rn {j {j {rn {k o {i {rn |
  1
300/ {rn {rn {j {g |
  1
/3>1:r,*-9><: {rn ljqkifgmhkjffffffg moqigfgfoolffffffg o o o n rn o o o o o o o |
  1
9><: {rn {rn {i {f {rn {h o n o |
  1
,7:33 {rn {rn {rn {g {no |
  1
3*2/ {rn {rn {f {o |
  1
Z1;r09r^ \VLr;>+> 
1001
ACAD_OBJECT_CHANGE_GUID
1070
     1
1071
1555890684
1070
 27639
1070
 19671
1070
   131
1070
    18
1070
   157
1070
   253
1070
   255
1070
   127
1070
    35
1070
     6
  0
HATCH
  5
214
330
1F
100
AcDbEntity
  8
VIA_HOLES
 62
     7
100
AcDbHatch
 10
0.0
 20
0.0
 30
0.0
210
0.0
220
0.0
230
1.0
  2
SOLID
 70
     1
 71
     1
 91
        1
 92
        1
 93
        1
 72
     2
 10
35.56982726
 20
20.68989004
 40
0.1999996
 50
0.0
 51
360.0
 73
     1
 97
        1
330
213
 75
     0
 76
     1
 98
        0
  0
REGION
  5
215
102
{ACAD_REACTORS
330
216
102
}
330
1F
100
AcDbEntity
  8
VIA_HOLES
 62
     7
100
AcDbModelerGeometry
 70
     1
  1
noi nn n o 
  1
=0;& {rn {no {rn {rn |
  1
/061+ {rn liqlhkfffilffffffm ngqhooomioffffffff o |
  1
):-+:' {rn {k {n |
  1
:336/,:r<*-): {rn liqnhjoooolffffffl ngqhooomioffffffff o o o n oqnfffffi o o n o o |
  1
:;8: {rn {m {m {j {l o |
  1
<0:;8: {rn {j {j {rn {k o {i {rn |
  1
300/ {rn {rn {j {g |
  1
/3>1:r,*-9><: {rn liqohjooomlffffffk ngqhooomioffffffff o o o n rn o o o o o o o |
  1
9><: {rn {rn {i {f {rn {h o n o |
  1
,7:33 {rn {rn {rn {g {no |
  1
3*2/ {rn {rn {f {o |
  1
Z1;r09r^ \VLr;>+> 
1001
ACAD_OBJECT_CHANGE_GUID
1070
     1
1071
1313703839
1070
 31551
1070
 17800
1070
   181
1070
   229
1070
   148
1070
     6
1070
   142
1070
    46
1070
    45
1070
    24
  0
HATCH
  5
216
330
1F
100
AcDbEntity
  8
VIA_HOLES
 62
     7
100
AcDbHatch
 10
0.0
 20
0.0
 30
0.0
210
0.0
220
0.0
230
1.0
  2
SOLID
 70
     1
 71
     1
 91
        1
 92
        1
 93
        1
 72
     2
 10
36.17500003999999
 20
18.7000261
 40
0.1999996
 50
0.0
 51
360.0
 73
     1
 97
        1
330
215
 75
     0
 76
     1
 98
        0
  0
REGION
  5
217
102
{ACAD_REACTORS
330
218
102
}
330
1F
100
AcDbEntity
  8
VIA_HOLES
 62
     7
100
AcDbModelerGeometry
 70
     1
  1
noi nn n o 
  1
=0;& {rn {no {rn {rn |
  1
/061+ {rn liqlhkfffilffffffm njqoooomjghfffffff o |
  1
):-+:' {rn {k {n |
  1
:336/,:r<*-): {rn liqnhjoooolffffffl njqoooomjghfffffff o o o n oqnfffffi o o n o o |
  1
:;8: {rn {m {m {j {l o |
  1
<0:;8: {rn {j {j {rn {k o {i {rn |
  1
300/ {rn {rn {j {g |
  1
/3>1:r,*-9><: {rn liqohjooomlffffffk njqoooomjghfffffff o o o n rn o o o o o o o |
  1
9><: {rn {rn {i {f {rn {h o n o |
  1
,7:33 {rn {rn {rn {g {no |
  1
3*2/ {rn {rn {f {o |
  1
Z1;r09r^ \VLr;>+> 
1001
ACAD_OBJECT_CHANGE_GUID
1070
     1
1071
 90028166
1070
 19713
1070
 19399
1070
   157
1070
   138
1070
    72
1070
    22
1070
    39
1070
    64
1070
   181
1070
    80
  0
HATCH
  5
218
330
1F
100
AcDbEntity
  8
VIA_HOLES
 62
     7
100
AcDbHatch
 10
0.0
 20
0.0
 30
0.0
210
0.0
220
0.0
230
1.0
  2
SOLID
 70
     1
 71
     1
 91
        1
 92
        1
 93
        1
 72
     2
 10
36.17500003999999
 20
15.00002588
 40
0.1999996
 50
0.0
 51
360.0
 73
     1
 97
        1
330
217
 75
     0
 76
     1
 98
        0
  0
REGION
  5
219
102
{ACAD_REACTORS
330
21A
102
}
330
1F
100
AcDbEntity
  8
VIA_HOLES
 62
     7
100
AcDbModelerGeometry
 70
     1
  1
noi nn n o 
  1
=0;& {rn {no {rn {rn |
  1
/061+ {rn lkqjnfgmignfffffff nlqngfggfgooooooon o |
  1
):-+:' {rn {k {n |
  1
:336/,:r<*-): {rn lkqlnfgmhmmoooooon nlqngfggfgooooooon o o o n oqnfffffi o o n o o |
  1
:;8: {rn {m {m {j {l o |
  1
<0:;8: {rn {j {j {rn {k o {i {rn |
  1
300/ {rn {rn {j {g |
  1
/3>1:r,*-9><: {rn lkqmnfgmhkmoooooon nlqngfggfgooooooon o o o n rn o o o o o o o |
  1
9><: {rn {rn {i {f {rn {h o n o |
  1
,7:33 {rn {rn {rn {g {no |
  1
3*2/ {rn {rn {f {o |
  1
Z1;r09r^ \VLr;>+> 
1001
ACAD_OBJECT_CHANGE_GUID
1070
     1
1071
1563055319
1070
 -6232
1070
 17576
1070
   174
1070
    25
1070
   226
1070
   201
1070
    21
1070
    44
1070
   181
1070
    55
  0
HATCH
  5
21A
330
1F
100
AcDbEntity
  8
VIA_HOLES
 62
     7
100
AcDbHatch
 10
0.0
 20
0.0
 30
0.0
210
0.0
220
0.0
230
1.0
  2
SOLID
 70
     1
 71
     1
 91
        1
 92
        1
 93
        1
 72
     2
 10
34.31982722
 20
13.1898898
 40
0.1999996
 50
0.0
 51
360.0
 73
     1
 97
        1
330
219
 75
     0
 76
     1
 98
        0
  0
REGION
  5
21B
102
{ACAD_REACTORS
330
21C
102
}
330
1F
100
AcDbEntity
  8
VIA_HOLES
 62
     7
100
AcDbModelerGeometry
 70
     1
  1
noi nn n o 
  1
=0;& {rn {no {rn {rn |
  1
/061+ {rn ljqhifgmigjffffffj jqigfggfjjfffffffm o |
  1
):-+:' {rn {k {n |
  1
:336/,:r<*-): {rn ljqjifgmhmjffffffh jqigfggfjjfffffffm o o o n oqnfffffi o o n o o |
  1
:;8: {rn {m {m {j {l o |
  1
<0:;8: {rn {j {j {rn {k o {i {rn |
  1
300/ {rn {rn {j {g |
  1
/3>1:r,*-9><: {rn ljqkifgmhkjffffffg jqigfggfjjfffffffm o o o n rn o o o o o o o |
  1
9><: {rn {rn {i {f {rn {h o n o |
  1
,7:33 {rn {rn {rn {g {no |
  1
3*2/ {rn {rn {f {o |
  1
Z1;r09r^ \VLr;>+> 
1001
ACAD_OBJECT_CHANGE_GUID
1070
     1
1071
-1932813059
1070
-20751
1070
 18285
1070
   175
1070
    77
1070
    31
1070
    80
1070
   101
1070
   153
1070
    20
1070
   241
  0
HATCH
  5
21C
330
1F
100
AcDbEntity
  8
VIA_HOLES
 62
     7
100
AcDbHatch
 10
0.0
 20
0.0
 30
0.0
210
0.0
220
0.0
230
1.0
  2
SOLID
 70
     1
 71
     1
 91
        1
 92
        1
 93
        1
 72
     2
 10
35.56982726
 20
5.689889559999999
 40
0.1999996
 50
0.0
 51
360.0
 73
     1
 97
        1
330
21B
 75
     0
 76
     1
 98
        0
  0
REGION
  5
21D
102
{ACAD_REACTORS
330
21E
102
}
330
1F
100
AcDbEntity
  8
VIA_HOLES
 62
     7
100
AcDbModelerGeometry
 70
     1
  1
noi nn n o 
  1
=0;& {rn {no {rn {rn |
  1
/061+ {rn lkqjnfgmignfffffff lqngfggfkgooooooom o |
  1
):-+:' {rn {k {n |
  1
:336/,:r<*-): {rn lkqlnfgmhmmoooooon lqngfggfkgooooooom o o o n oqnfffffi o o n o o |
  1
:;8: {rn {m {m {j {l o |
  1
<0:;8: {rn {j {j {rn {k o {i {rn |
  1
300/ {rn {rn {j {g |
  1
/3>1:r,*-9><: {rn lkqmnfgmhkmoooooon lqngfggfkgooooooom o o o n rn o o o o o o o |
  1
9><: {rn {rn {i {f {rn {h o n o |
  1
,7:33 {rn {rn {rn {g {no |
  1
3*2/ {rn {rn {f {o |
  1
Z1;r09r^ \VLr;>+> 
1001
ACAD_OBJECT_CHANGE_GUID
1070
     1
1071
1845830718
1070
-18918
1070
 17129
1070
   186
1070
   209
1070
   157
1070
    57
1070
    81
1070
    94
1070
    33
1070
   255
  0
HATCH
  5
21E
330
1F
100
AcDbEntity
  8
VIA_HOLES
 62
     7
100
AcDbHatch
 10
0.0
 20
0.0
 30
0.0
210
0.0
220
0.0
230
1.0
  2
SOLID
 70
     1
 71
     1
 91
        1
 92
        1
 93
        1
 72
     2
 10
34.31982722
 20
3.18988948
 40
0.1999996
 50
0.0
 51
360.0
 73
     1
 97
        1
330
21D
 75
     0
 76
     1
 98
        0
  0
REGION
  5
21F
102
{ACAD_REACTORS
330
220
102
}
330
1F
100
AcDbEntity
  8
VIA_HOLES
 62
     7
100
AcDbModelerGeometry
 70
     1
  1
noi nn n o 
  1
=0;& {rn {no {rn {rn |
  1
/061+ {rn lmqonfgmihlfffffff jgqngfgfnmlffffffk o |
  1
):-+:' {rn {k {n |
  1
:336/,:r<*-): {rn lnqgnfgmhnlffffffh jgqngfgfnmlffffffk o o o n oqnfffffi o o n o o |
  1
:;8: {rn {m {m {j {l o |
  1
<0:;8: {rn {j {j {rn {k o {i {rn |
  1
300/ {rn {rn {j {g |
  1
/3>1:r,*-9><: {rn lnqhnfgmhllffffffg jgqngfgfnmlffffffk o o o n rn o o o o o o o |
  1
9><: {rn {rn {i {f {rn {h o n o |
  1
,7:33 {rn {rn {rn {g {no |
  1
3*2/ {rn {rn {f {o |
  1
Z1;r09r^ \VLr;>+> 
1001
ACAD_OBJECT_CHANGE_GUID
1070
     1
1071
-1267759073
1070
 19866
1070
 17649
1070
   165
1070
   183
1070
     7
1070
    32
1070
   142
1070
   165
1070
    52
1070
    65
  0
HATCH
  5
220
330
1F
100
AcDbEntity
  8
VIA_HOLES
 62
     7
100
AcDbHatch
 10
0.0
 20
0.0
 30
0.0
210
0.0
220
0.0
230
1.0
  2
SOLID
 70
     1
 71
     1
 91
        1
 92
        1
 93
        1
 72
     2
 10
31.81982714
 20
58.18989123999999
 40
0.1999996
 50
0.0
 51
360.0
 73
     1
 97
        1
330
21F
 75
     0
 76
     1
 98
        0
  0
REGION
  5
221
102
{ACAD_REACTORS
330
222
102
}
330
1F
100
AcDbEntity
  8
VIA_HOLES
 62
     7
100
AcDbModelerGeometry
 70
     1
  1
noi nn n o 
  1
=0;& {rn {no {rn {rn |
  1
/061+ {rn llqmifgmihgoooooom moqigfgfoolffffffg o |
  1
):-+:' {rn {k {n |
  1
:336/,:r<*-): {rn llqoifgmhngooooook moqigfgfoolffffffg o o o n oqnfffffi o o n o o |
  1
:;8: {rn {m {m {j {l o |
  1
<0:;8: {rn {j {j {rn {k o {i {rn |
  1
300/ {rn {rn {j {g |
  1
/3>1:r,*-9><: {rn lmqfifgmhlgooooooj moqigfgfoolffffffg o o o n rn o o o o o o o |
  1
9><: {rn {rn {i {f {rn {h o n o |
  1
,7:33 {rn {rn {rn {g {no |
  1
3*2/ {rn {rn {f {o |
  1
Z1;r09r^ \VLr;>+> 
1001
ACAD_OBJECT_CHANGE_GUID
1070
     1
1071
-1101870286
1070
 30809
1070
 18268
1070
   184
1070
   151
1070
    47
1070
    81
1070
     0
1070
    55
1070
    99
1070
   244
  0
HATCH
  5
222
330
1F
100
AcDbEntity
  8
VIA_HOLES
 62
     7
100
AcDbHatch
 10
0.0
 20
0.0
 30
0.0
210
0.0
220
0.0
230
1.0
  2
SOLID
 70
     1
 71
     1
 91
        1
 92
        1
 93
        1
 72
     2
 10
33.06982718
 20
20.68989004
 40
0.1999996
 50
0.0
 51
360.0
 73
     1
 97
        1
330
221
 75
     0
 76
     1
 98
        0
  0
REGION
  5
223
102
{ACAD_REACTORS
330
224
102
}
330
1F
100
AcDbEntity
  8
VIA_HOLES
 62
     7
100
AcDbModelerGeometry
 70
     1
  1
noi nn n o 
  1
=0;& {rn {no {rn {rn |
  1
/061+ {rn lnqogoggongoooooon ngqhooomioffffffff o |
  1
):-+:' {rn {k {n |
  1
:336/,:r<*-): {rn loqggoggojhfffffff ngqhooomioffffffff o o o n oqnfffffi o o n o o |
  1
:;8: {rn {m {m {j {l o |
  1
<0:;8: {rn {j {j {rn {k o {i {rn |
  1
300/ {rn {rn {j {g |
  1
/3>1:r,*-9><: {rn loqhgoggohg ngqhooomioffffffff o o o n rn o o o o o o o |
  1
9><: {rn {rn {i {f {rn {h o n o |
  1
,7:33 {rn {rn {rn {g {no |
  1
3*2/ {rn {rn {f {o |
  1
Z1;r09r^ \VLr;>+> 
1001
ACAD_OBJECT_CHANGE_GUID
1070
     1
1071
-1886891012
1070
 26708
1070
 20255
1070
   163
1070
    48
1070
    85
1070
   118
1070
    92
1070
     7
1070
   154
1070
   208
  0
HATCH
  5
224
330
1F
100
AcDbEntity
  8
VIA_HOLES
 62
     7
100
AcDbHatch
 10
0.0
 20
0.0
 30
0.0
210
0.0
220
0.0
230
1.0
  2
SOLID
 70
     1
 71
     1
 91
        1
 92
        1
 93
        1
 72
     2
 10
30.88088058
 20
18.7000261
 40
0.1999996
 50
0.0
 51
360.0
 73
     1
 97
        1
330
223
 75
     0
 76
     1
 98
        0
  0
REGION
  5
225
102
{ACAD_REACTORS
330
226
102
}
330
1F
100
AcDbEntity
  8
VIA_HOLES
 62
     7
100
AcDbModelerGeometry
 70
     1
  1
noi nn n o 
  1
=0;& {rn {no {rn {rn |
  1
/061+ {rn lnqnjooonmooooooom njqoooomjghfffffff o |
  1
):-+:' {rn {k {n |
  1
:336/,:r<*-): {rn loqfjoooni njqoooomjghfffffff o o o n oqnfffffi o o n o o |
  1
:;8: {rn {m {m {j {l o |
  1
<0:;8: {rn {j {j {rn {k o {i {rn |
  1
300/ {rn {rn {j {g |
  1
/3>1:r,*-9><: {rn loqgjooongooooooon njqoooomjghfffffff o o o n rn o o o o o o o |
  1
9><: {rn {rn {i {f {rn {h o n o |
  1
,7:33 {rn {rn {rn {g {no |
  1
3*2/ {rn {rn {f {o |
  1
Z1;r09r^ \VLr;>+> 
1001
ACAD_OBJECT_CHANGE_GUID
1070
     1
1071
-921192902
1070
  4606
1070
 17364
1070
   163
1070
   106
1070
   243
1070
   206
1070
   178
1070
   123
1070
   196
1070
   116
  0
HATCH
  5
226
330
1F
100
AcDbEntity
  8
VIA_HOLES
 62
     7
100
AcDbHatch
 10
0.0
 20
0.0
 30
0.0
210
0.0
220
0.0
230
1.0
  2
SOLID
 70
     1
 71
     1
 91
        1
 92
        1
 93
        1
 72
     2
 10
30.9500016
 20
15.00002588
 40
0.1999996
 50
0.0
 51
360.0
 73
     1
 97
        1
330
225
 75
     0
 76
     1
 98
        0
  0
REGION
  5
227
102
{ACAD_REACTORS
330
228
102
}
330
1F
100
AcDbEntity
  8
VIA_HOLES
 62
     7
100
AcDbModelerGeometry
 70
     1
  1
noi nn n o 
  1
=0;& {rn {no {rn {rn |
  1
/061+ {rn mfqjnfgmiiiooooool jgqngfgfnmlffffffk o |
  1
):-+:' {rn {k {n |
  1
:336/,:r<*-): {rn mfqlnfgmhoioooooon jgqngfgfnmlffffffk o o o n oqnfffffi o o n o o |
  1
:;8: {rn {m {m {j {l o |
  1
<0:;8: {rn {j {j {rn {k o {i {rn |
  1
300/ {rn {rn {j {g |
  1
/3>1:r,*-9><: {rn mfqmnfgmhmioooooom jgqngfgfnmlffffffk o o o n rn o o o o o o o |
  1
9><: {rn {rn {i {f {rn {h o n o |
  1
,7:33 {rn {rn {rn {g {no |
  1
3*2/ {rn {rn {f {o |
  1
Z1;r09r^ \VLr;>+> 
1001
ACAD_OBJECT_CHANGE_GUID
1070
     1
1071
-1728797487
1070
 19936
1070
 19348
1070
   141
1070
   162
1070
   204
1070
   247
1070
    33
1070
   153
1070
   180
1070
   161
  0
HATCH
  5
228
330
1F
100
AcDbEntity
  8
VIA_HOLES
 62
     7
100
AcDbHatch
 10
0.0
 20
0.0
 30
0.0
210
0.0
220
0.0
230
1.0
  2
SOLID
 70
     1
 71
     1
 91
        1
 92
        1
 93
        1
 72
     2
 10
29.31982706
 20
58.18989123999999
 40
0.1999996
 50
0.0
 51
360.0
 73
     1
 97
        1
330
227
 75
     0
 76
     1
 98
        0
  0
REGION
  5
229
102
{ACAD_REACTORS
330
22A
102
}
330
1F
100
AcDbEntity
  8
VIA_HOLES
 62
     7
100
AcDbModelerGeometry
 70
     1
  1
noi nn n o 
  1
=0;& {rn {no {rn {rn |
  1
/061+ {rn loqhifgmiiffffffff moqigfgfoolffffffg o |
  1
):-+:' {rn {k {n |
  1
:336/,:r<*-): {rn loqjifgmhofffffffg moqigfgfoolffffffg o o o n oqnfffffi o o n o o |
  1
:;8: {rn {m {m {j {l o |
  1
<0:;8: {rn {j {j {rn {k o {i {rn |
  1
300/ {rn {rn {j {g |
  1
/3>1:r,*-9><: {rn loqkifgmhmffffffff moqigfgfoolffffffg o o o n rn o o o o o o o |
  1
9><: {rn {rn {i {f {rn {h o n o |
  1
,7:33 {rn {rn {rn {g {no |
  1
3*2/ {rn {rn {f {o |
  1
Z1;r09r^ \VLr;>+> 
1001
ACAD_OBJECT_CHANGE_GUID
1070
     1
1071
-1729700346
1070
-23333
1070
 17190
1070
   154
1070
    60
1070
    50
1070
   173
1070
   134
1070
    90
1070
   192
1070
    72
  0
HATCH
  5
22A
330
1F
100
AcDbEntity
  8
VIA_HOLES
 62
     7
100
AcDbHatch
 10
0.0
 20
0.0
 30
0.0
210
0.0
220
0.0
230
1.0
  2
SOLID
 70
     1
 71
     1
 91
        1
 92
        1
 93
        1
 72
     2
 10
30.5698271
 20
20.68989004
 40
0.1999996
 50
0.0
 51
360.0
 73
     1
 97
        1
330
229
 75
     0
 76
     1
 98
        0
  0
REGION
  5
22B
102
{ACAD_REACTORS
330
22C
102
}
330
1F
100
AcDbEntity
  8
VIA_HOLES
 62
     7
100
AcDbModelerGeometry
 70
     1
  1
noi nn n o 
  1
=0;& {rn {no {rn {rn |
  1
/061+ {rn mfqjnfgmiiiooooool gqngfggfikoooooooj o |
  1
):-+:' {rn {k {n |
  1
:336/,:r<*-): {rn mfqlnfgmhoioooooon gqngfggfikoooooooj o o o n oqnfffffi o o n o o |
  1
:;8: {rn {m {m {j {l o |
  1
<0:;8: {rn {j {j {rn {k o {i {rn |
  1
300/ {rn {rn {j {g |
  1
/3>1:r,*-9><: {rn mfqmnfgmhmioooooom gqngfggfikoooooooj o o o n rn o o o o o o o |
  1
9><: {rn {rn {i {f {rn {h o n o |
  1
,7:33 {rn {rn {rn {g {no |
  1
3*2/ {rn {rn {f {o |
  1
Z1;r09r^ \VLr;>+> 
1001
ACAD_OBJECT_CHANGE_GUID
1070
     1
1071
1775905446
1070
 -8924
1070
 17121
1070
   190
1070
   161
1070
   161
1070
   108
1070
    28
1070
    16
1070
    12
1070
   152
  0
HATCH
  5
22C
330
1F
100
AcDbEntity
  8
VIA_HOLES
 62
     7
100
AcDbHatch
 10
0.0
 20
0.0
 30
0.0
210
0.0
220
0.0
230
1.0
  2
SOLID
 70
     1
 71
     1
 91
        1
 92
        1
 93
        1
 72
     2
 10
29.31982706
 20
8.18988964
 40
0.1999996
 50
0.0
 51
360.0
 73
     1
 97
        1
330
22B
 75
     0
 76
     1
 98
        0
  0
REGION
  5
22D
102
{ACAD_REACTORS
330
22E
102
}
330
1F
100
AcDbEntity
  8
VIA_HOLES
 62
     7
100
AcDbModelerGeometry
 70
     1
  1
noi nn n o 
  1
=0;& {rn {no {rn {rn |
  1
/061+ {rn mhqonfgmijg jgqngfgfnmlffffffk o |
  1
):-+:' {rn {k {n |
  1
:336/,:r<*-): {rn miqgnfgmifhffffffg jgqngfgfnmlffffffk o o o n oqnfffffi o o n o o |
  1
:;8: {rn {m {m {j {l o |
  1
<0:;8: {rn {j {j {rn {k o {i {rn |
  1
300/ {rn {rn {j {g |
  1
/3>1:r,*-9><: {rn miqhnfgmhnhfffffff jgqngfgfnmlffffffk o o o n rn o o o o o o o |
  1
9><: {rn {rn {i {f {rn {h o n o |
  1
,7:33 {rn {rn {rn {g {no |
  1
3*2/ {rn {rn {f {o |
  1
Z1;r09r^ \VLr;>+> 
1001
ACAD_OBJECT_CHANGE_GUID
1070
     1
1071
-1652481246
1070
  -180
1070
 17158
1070
   168
1070
   254
1070
   154
1070
   160
1070
    70
1070
   192
1070
    79
1070
   189
  0
HATCH
  5
22E
330
1F
100
AcDbEntity
  8
VIA_HOLES
 62
     7
100
AcDbHatch
 10
0.0
 20
0.0
 30
0.0
210
0.0
220
0.0
230
1.0
  2
SOLID
 70
     1
 71
     1
 91
        1
 92
        1
 93
        1
 72
     2
 10
26.81982698
 20
58.18989123999999
 40
0.1999996
 50
0.0
 51
360.0
 73
     1
 97
        1
330
22D
 75
     0
 76
     1
 98
        0
  0
REGION
  5
22F
102
{ACAD_REACTORS
330
230
102
}
330
1F
100
AcDbEntity
  8
VIA_HOLES
 62
     7
100
AcDbModelerGeometry
 70
     1
  1
noi nn n o 
  1
=0;& {rn {no {rn {rn |
  1
/061+ {rn mhqonfgmijg gqngfggfikoooooooj o |
  1
):-+:' {rn {k {n |
  1
:336/,:r<*-): {rn miqgnfgmifhffffffg gqngfggfikoooooooj o o o n oqnfffffi o o n o o |
  1
:;8: {rn {m {m {j {l o |
  1
<0:;8: {rn {j {j {rn {k o {i {rn |
  1
300/ {rn {rn {j {g |
  1
/3>1:r,*-9><: {rn miqhnfgmhnhfffffff gqngfggfikoooooooj o o o n rn o o o o o o o |
  1
9><: {rn {rn {i {f {rn {h o n o |
  1
,7:33 {rn {rn {rn {g {no |
  1
3*2/ {rn {rn {f {o |
  1
Z1;r09r^ \VLr;>+> 
1001
ACAD_OBJECT_CHANGE_GUID
1070
     1
1071
-969442471
1070
 -1870
1070
 19916
1070
   134
1070
    82
1070
   243
1070
   114
1070
   109
1070
   222
1070
    71
1070
    92
  0
HATCH
  5
230
330
1F
100
AcDbEntity
  8
VIA_HOLES
 62
     7
100
AcDbHatch
 10
0.0
 20
0.0
 30
0.0
210
0.0
220
0.0
230
1.0
  2
SOLID
 70
     1
 71
     1
 91
        1
 92
        1
 93
        1
 72
     2
 10
26.81982698
 20
8.18988964
 40
0.1999996
 50
0.0
 51
360.0
 73
     1
 97
        1
330
22F
 75
     0
 76
     1
 98
        0
  0
REGION
  5
231
102
{ACAD_REACTORS
330
232
102
}
330
1F
100
AcDbEntity
  8
VIA_HOLES
 62
     7
100
AcDbModelerGeometry
 70
     1
  1
noi nn n o 
  1
=0;& {rn {no {rn {rn |
  1
/061+ {rn mkqjnfgmijooooooon jgqngfgfnmlffffffk o |
  1
):-+:' {rn {k {n |
  1
:336/,:r<*-): {rn mkqlnfgmigffffffff jgqngfgfnmlffffffk o o o n oqnfffffi o o n o o |
  1
:;8: {rn {m {m {j {l o |
  1
<0:;8: {rn {j {j {rn {k o {i {rn |
  1
300/ {rn {rn {j {g |
  1
/3>1:r,*-9><: {rn mkqmnfgmhn jgqngfgfnmlffffffk o o o n rn o o o o o o o |
  1
9><: {rn {rn {i {f {rn {h o n o |
  1
,7:33 {rn {rn {rn {g {no |
  1
3*2/ {rn {rn {f {o |
  1
Z1;r09r^ \VLr;>+> 
1001
ACAD_OBJECT_CHANGE_GUID
1070
     1
1071
-737101075
1070
-12746
1070
 16860
1070
   189
1070
   149
1070
    31
1070
   126
1070
   205
1070
    17
1070
   242
1070
   199
  0
HATCH
  5
232
330
1F
100
AcDbEntity
  8
VIA_HOLES
 62
     7
100
AcDbHatch
 10
0.0
 20
0.0
 30
0.0
210
0.0
220
0.0
230
1.0
  2
SOLID
 70
     1
 71
     1
 91
        1
 92
        1
 93
        1
 72
     2
 10
24.3198269
 20
58.18989123999999
 40
0.1999996
 50
0.0
 51
360.0
 73
     1
 97
        1
330
231
 75
     0
 76
     1
 98
        0
  0
REGION
  5
233
102
{ACAD_REACTORS
330
234
102
}
330
1F
100
AcDbEntity
  8
VIA_HOLES
 62
     7
100
AcDbModelerGeometry
 70
     1
  1
noi nn n o 
  1
=0;& {rn {no {rn {rn |
  1
/061+ {rn mjqhifgmijk jjqigfgfnnjffffffj o |
  1
):-+:' {rn {k {n |
  1
:336/,:r<*-): {rn mjqjifgmiflfffffff jjqigfgfnnjffffffj o o o n oqnfffffi o o n o o |
  1
:;8: {rn {m {m {j {l o |
  1
<0:;8: {rn {j {j {rn {k o {i {rn |
  1
300/ {rn {rn {j {g |
  1
/3>1:r,*-9><: {rn mjqkifgmhnk jjqigfgfnnjffffffj o o o n rn o o o o o o o |
  1
9><: {rn {rn {i {f {rn {h o n o |
  1
,7:33 {rn {rn {rn {g {no |
  1
3*2/ {rn {rn {f {o |
  1
Z1;r09r^ \VLr;>+> 
1001
ACAD_OBJECT_CHANGE_GUID
1070
     1
1071
-1914898024
1070
-19458
1070
 16843
1070
   157
1070
   102
1070
   234
1070
    27
1070
   168
1070
   172
1070
    48
1070
   115
  0
HATCH
  5
234
330
1F
100
AcDbEntity
  8
VIA_HOLES
 62
     7
100
AcDbHatch
 10
0.0
 20
0.0
 30
0.0
210
0.0
220
0.0
230
1.0
  2
SOLID
 70
     1
 71
     1
 91
        1
 92
        1
 93
        1
 72
     2
 10
25.56982694
 20
55.68989115999999
 40
0.1999996
 50
0.0
 51
360.0
 73
     1
 97
        1
330
233
 75
     0
 76
     1
 98
        0
  0
REGION
  5
235
102
{ACAD_REACTORS
330
236
102
}
330
1F
100
AcDbEntity
  8
VIA_HOLES
 62
     7
100
AcDbModelerGeometry
 70
     1
  1
noi nn n o 
  1
=0;& {rn {no {rn {rn |
  1
/061+ {rn mjqhifgmijk ljqigfgfojnfffffff o |
  1
):-+:' {rn {k {n |
  1
:336/,:r<*-): {rn mjqjifgmiflfffffff ljqigfgfojnfffffff o o o n oqnfffffi o o n o o |
  1
:;8: {rn {m {m {j {l o |
  1
<0:;8: {rn {j {j {rn {k o {i {rn |
  1
300/ {rn {rn {j {g |
  1
/3>1:r,*-9><: {rn mjqkifgmhnk ljqigfgfojnfffffff o o o n rn o o o o o o o |
  1
9><: {rn {rn {i {f {rn {h o n o |
  1
,7:33 {rn {rn {rn {g {no |
  1
3*2/ {rn {rn {f {o |
  1
Z1;r09r^ \VLr;>+> 
1001
ACAD_OBJECT_CHANGE_GUID
1070
     1
1071
324518900
1070
 14638
1070
 20188
1070
   159
1070
    49
1070
   169
1070
   243
1070
   154
1070
   147
1070
   188
1070
   217
  0
HATCH
  5
236
330
1F
100
AcDbEntity
  8
VIA_HOLES
 62
     7
100
AcDbHatch
 10
0.0
 20
0.0
 30
0.0
210
0.0
220
0.0
230
1.0
  2
SOLID
 70
     1
 71
     1
 91
        1
 92
        1
 93
        1
 72
     2
 10
25.56982694
 20
35.68989052
 40
0.1999996
 50
0.0
 51
360.0
 73
     1
 97
        1
330
235
 75
     0
 76
     1
 98
        0
  0
REGION
  5
237
102
{ACAD_REACTORS
330
238
102
}
330
1F
100
AcDbEntity
  8
VIA_HOLES
 62
     7
100
AcDbModelerGeometry
 70
     1
  1
noi nn n o 
  1
=0;& {rn {no {rn {rn |
  1
/061+ {rn mkqjnfgmijooooooon gqngfggfikoooooooj o |
  1
):-+:' {rn {k {n |
  1
:336/,:r<*-): {rn mkqlnfgmigffffffff gqngfggfikoooooooj o o o n oqnfffffi o o n o o |
  1
:;8: {rn {m {m {j {l o |
  1
<0:;8: {rn {j {j {rn {k o {i {rn |
  1
300/ {rn {rn {j {g |
  1
/3>1:r,*-9><: {rn mkqmnfgmhn gqngfggfikoooooooj o o o n rn o o o o o o o |
  1
9><: {rn {rn {i {f {rn {h o n o |
  1
,7:33 {rn {rn {rn {g {no |
  1
3*2/ {rn {rn {f {o |
  1
Z1;r09r^ \VLr;>+> 
1001
ACAD_OBJECT_CHANGE_GUID
1070
     1
1071
829012504
1070
-11223
1070
 16538
1070
   147
1070
   240
1070
   213
1070
   110
1070
   204
1070
    39
1070
   196
1070
   104
  0
HATCH
  5
238
330
1F
100
AcDbEntity
  8
VIA_HOLES
 62
     7
100
AcDbHatch
 10
0.0
 20
0.0
 30
0.0
210
0.0
220
0.0
230
1.0
  2
SOLID
 70
     1
 71
     1
 91
        1
 92
        1
 93
        1
 72
     2
 10
24.3198269
 20
8.18988964
 40
0.1999996
 50
0.0
 51
360.0
 73
     1
 97
        1
330
237
 75
     0
 76
     1
 98
        0
  0
REGION
  5
239
102
{ACAD_REACTORS
330
23A
102
}
330
1F
100
AcDbEntity
  8
VIA_HOLES
 62
     7
100
AcDbModelerGeometry
 70
     1
  1
noi nn n o 
  1
=0;& {rn {no {rn {rn |
  1
/061+ {rn mmqonfgmikmoooooon jgqngfgfnmlffffffk o |
  1
):-+:' {rn {k {n |
  1
:336/,:r<*-): {rn mnqgnfgmignfffffff jgqngfgfnmlffffffk o o o n oqnfffffi o o n o o |
  1
:;8: {rn {m {m {j {l o |
  1
<0:;8: {rn {j {j {rn {k o {i {rn |
  1
300/ {rn {rn {j {g |
  1
/3>1:r,*-9><: {rn mnqhnfgmhom jgqngfgfnmlffffffk o o o n rn o o o o o o o |
  1
9><: {rn {rn {i {f {rn {h o n o |
  1
,7:33 {rn {rn {rn {g {no |
  1
3*2/ {rn {rn {f {o |
  1
Z1;r09r^ \VLr;>+> 
1001
ACAD_OBJECT_CHANGE_GUID
1070
     1
1071
-1586952691
1070
 32677
1070
 16846
1070
   178
1070
   242
1070
    47
1070
     4
1070
   122
1070
   135
1070
    12
1070
    32
  0
HATCH
  5
23A
330
1F
100
AcDbEntity
  8
VIA_HOLES
 62
     7
100
AcDbHatch
 10
0.0
 20
0.0
 30
0.0
210
0.0
220
0.0
230
1.0
  2
SOLID
 70
     1
 71
     1
 91
        1
 92
        1
 93
        1
 72
     2
 10
21.81982682
 20
58.18989123999999
 40
0.1999996
 50
0.0
 51
360.0
 73
     1
 97
        1
330
239
 75
     0
 76
     1
 98
        0
  0
REGION
  5
23B
102
{ACAD_REACTORS
330
23C
102
}
330
1F
100
AcDbEntity
  8
VIA_HOLES
 62
     7
100
AcDbModelerGeometry
 70
     1
  1
noi nn n o 
  1
=0;& {rn {no {rn {rn |
  1
/061+ {rn mmqiooooojnffffffg kjqmooomgfhfffffff o |
  1
):-+:' {rn {k {n |
  1
:336/,:r<*-): {rn mmqkooooofnffffffh kjqmooomgfhfffffff o o o n oqnfffffi o o n o o |
  1
:;8: {rn {m {m {j {l o |
  1
<0:;8: {rn {j {j {rn {k o {i {rn |
  1
300/ {rn {rn {j {g |
  1
/3>1:r,*-9><: {rn mmqloooonnnffffffh kjqmooomgfhfffffff o o o n rn o o o o o o o |
  1
9><: {rn {rn {i {f {rn {h o n o |
  1
,7:33 {rn {rn {rn {g {no |
  1
3*2/ {rn {rn {f {o |
  1
Z1;r09r^ \VLr;>+> 
1001
ACAD_OBJECT_CHANGE_GUID
1070
     1
1071
588672042
1070
  5197
1070
 18028
1070
   143
1070
   211
1070
   255
1070
   155
1070
    69
1070
   247
1070
    98
1070
    57
  0
HATCH
  5
23C
330
1F
100
AcDbEntity
  8
VIA_HOLES
 62
     7
100
AcDbHatch
 10
0.0
 20
0.0
 30
0.0
210
0.0
220
0.0
230
1.0
  2
SOLID
 70
     1
 71
     1
 91
        1
 92
        1
 93
        1
 72
     2
 10
22.40000092
 20
45.20002898
 40
0.1999996
 50
0.0
 51
360.0
 73
     1
 97
        1
330
23B
 75
     0
 76
     1
 98
        0
  0
REGION
  5
23D
102
{ACAD_REACTORS
330
23E
102
}
330
1F
100
AcDbEntity
  8
VIA_HOLES
 62
     7
100
AcDbModelerGeometry
 70
     1
  1
noi nn n o 
  1
=0;& {rn {no {rn {rn |
  1
/061+ {rn mlqmifgmikioooooon ljqigfgfojnfffffff o |
  1
):-+:' {rn {k {n |
  1
:336/,:r<*-): {rn mlqoifgmigjfffffff ljqigfgfojnfffffff o o o n oqnfffffi o o n o o |
  1
:;8: {rn {m {m {j {l o |
  1
<0:;8: {rn {j {j {rn {k o {i {rn |
  1
300/ {rn {rn {j {g |
  1
/3>1:r,*-9><: {rn mmqfifgmhoi ljqigfgfojnfffffff o o o n rn o o o o o o o |
  1
9><: {rn {rn {i {f {rn {h o n o |
  1
,7:33 {rn {rn {rn {g {no |
  1
3*2/ {rn {rn {f {o |
  1
Z1;r09r^ \VLr;>+> 
1001
ACAD_OBJECT_CHANGE_GUID
1070
     1
1071
-846553999
1070
-23744
1070
 17623
1070
   153
1070
   251
1070
    23
1070
   114
1070
    16
1070
   182
1070
   130
1070
   207
  0
HATCH
  5
23E
330
1F
100
AcDbEntity
  8
VIA_HOLES
 62
     7
100
AcDbHatch
 10
0.0
 20
0.0
 30
0.0
210
0.0
220
0.0
230
1.0
  2
SOLID
 70
     1
 71
     1
 91
        1
 92
        1
 93
        1
 72
     2
 10
23.06982686
 20
35.68989052
 40
0.1999996
 50
0.0
 51
360.0
 73
     1
 97
        1
330
23D
 75
     0
 76
     1
 98
        0
  0
REGION
  5
23F
102
{ACAD_REACTORS
330
240
102
}
330
1F
100
AcDbEntity
  8
VIA_HOLES
 62
     7
100
AcDbModelerGeometry
 70
     1
  1
noi nn n o 
  1
=0;& {rn {no {rn {rn |
  1
/061+ {rn mmqonfgmikmoooooon llqngfgfoklfffffff o |
  1
):-+:' {rn {k {n |
  1
:336/,:r<*-): {rn mnqgnfgmignfffffff llqngfgfoklfffffff o o o n oqnfffffi o o n o o |
  1
:;8: {rn {m {m {j {l o |
  1
<0:;8: {rn {j {j {rn {k o {i {rn |
  1
300/ {rn {rn {j {g |
  1
/3>1:r,*-9><: {rn mnqhnfgmhom llqngfgfoklfffffff o o o n rn o o o o o o o |
  1
9><: {rn {rn {i {f {rn {h o n o |
  1
,7:33 {rn {rn {rn {g {no |
  1
3*2/ {rn {rn {f {o |
  1
Z1;r09r^ \VLr;>+> 
1001
ACAD_OBJECT_CHANGE_GUID
1070
     1
1071
-887755318
1070
-15128
1070
 20289
1070
   186
1070
   231
1070
   203
1070
   231
1070
    71
1070
   146
1070
    92
1070
    95
  0
HATCH
  5
240
330
1F
100
AcDbEntity
  8
VIA_HOLES
 62
     7
100
AcDbHatch
 10
0.0
 20
0.0
 30
0.0
210
0.0
220
0.0
230
1.0
  2
SOLID
 70
     1
 71
     1
 91
        1
 92
        1
 93
        1
 72
     2
 10
21.81982682
 20
33.18989044
 40
0.1999996
 50
0.0
 51
360.0
 73
     1
 97
        1
330
23F
 75
     0
 76
     1
 98
        0
  0
REGION
  5
241
102
{ACAD_REACTORS
330
242
102
}
330
1F
100
AcDbEntity
  8
VIA_HOLES
 62
     7
100
AcDbModelerGeometry
 70
     1
  1
noi nn n o 
  1
=0;& {rn {no {rn {rn |
  1
/061+ {rn mmqonfgmikmoooooon mgqngfgfomhffffffh o |
  1
):-+:' {rn {k {n |
  1
:336/,:r<*-): {rn mnqgnfgmignfffffff mgqngfgfomhffffffh o o o n oqnfffffi o o n o o |
  1
:;8: {rn {m {m {j {l o |
  1
<0:;8: {rn {j {j {rn {k o {i {rn |
  1
300/ {rn {rn {j {g |
  1
/3>1:r,*-9><: {rn mnqhnfgmhom mgqngfgfomhffffffh o o o n rn o o o o o o o |
  1
9><: {rn {rn {i {f {rn {h o n o |
  1
,7:33 {rn {rn {rn {g {no |
  1
3*2/ {rn {rn {f {o |
  1
Z1;r09r^ \VLr;>+> 
1001
ACAD_OBJECT_CHANGE_GUID
1070
     1
1071
1753678378
1070
 30712
1070
 19041
1070
   147
1070
   134
1070
   101
1070
    85
1070
    52
1070
    81
1070
    18
1070
   184
  0
HATCH
  5
242
330
1F
100
AcDbEntity
  8
VIA_HOLES
 62
     7
100
AcDbHatch
 10
0.0
 20
0.0
 30
0.0
210
0.0
220
0.0
230
1.0
  2
SOLID
 70
     1
 71
     1
 91
        1
 92
        1
 93
        1
 72
     2
 10
21.81982682
 20
28.18989028
 40
0.1999996
 50
0.0
 51
360.0
 73
     1
 97
        1
330
241
 75
     0
 76
     1
 98
        0
  0
REGION
  5
243
102
{ACAD_REACTORS
330
244
102
}
330
1F
100
AcDbEntity
  8
VIA_HOLES
 62
     7
100
AcDbModelerGeometry
 70
     1
  1
noi nn n o 
  1
=0;& {rn {no {rn {rn |
  1
/061+ {rn nfqjnfgmilkoooooom jgqngfgfnmlffffffk o |
  1
):-+:' {rn {k {n |
  1
:336/,:r<*-): {rn nfqlnfgmihk jgqngfgfnmlffffffk o o o n oqnfffffi o o n o o |
  1
:;8: {rn {m {m {j {l o |
  1
<0:;8: {rn {j {j {rn {k o {i {rn |
  1
300/ {rn {rn {j {g |
  1
/3>1:r,*-9><: {rn nfqmnfgmifkoooooon jgqngfgfnmlffffffk o o o n rn o o o o o o o |
  1
9><: {rn {rn {i {f {rn {h o n o |
  1
,7:33 {rn {rn {rn {g {no |
  1
3*2/ {rn {rn {f {o |
  1
Z1;r09r^ \VLr;>+> 
1001
ACAD_OBJECT_CHANGE_GUID
1070
     1
1071
1736397774
1070
  4630
1070
 19532
1070
   153
1070
    47
1070
   237
1070
    77
1070
   253
1070
   140
1070
   193
1070
   239
  0
HATCH
  5
244
330
1F
100
AcDbEntity
  8
VIA_HOLES
 62
     7
100
AcDbHatch
 10
0.0
 20
0.0
 30
0.0
210
0.0
220
0.0
230
1.0
  2
SOLID
 70
     1
 71
     1
 91
        1
 92
        1
 93
        1
 72
     2
 10
19.31982674
 20
58.18989123999999
 40
0.1999996
 50
0.0
 51
360.0
 73
     1
 97
        1
330
243
 75
     0
 76
     1
 98
        0
  0
REGION
  5
245
102
{ACAD_REACTORS
330
246
102
}
330
1F
100
AcDbEntity
  8
VIA_HOLES
 62
     7
100
AcDbModelerGeometry
 70
     1
  1
noi nn n o 
  1
=0;& {rn {no {rn {rn |
  1
/061+ {rn moqhifgmilgoooooon ljqigfgfojnfffffff o |
  1
):-+:' {rn {k {n |
  1
:336/,:r<*-): {rn moqjifgmihg ljqigfgfojnfffffff o o o n oqnfffffi o o n o o |
  1
:;8: {rn {m {m {j {l o |
  1
<0:;8: {rn {j {j {rn {k o {i {rn |
  1
300/ {rn {rn {j {g |
  1
/3>1:r,*-9><: {rn moqkifgmifgoooooon ljqigfgfojnfffffff o o o n rn o o o o o o o |
  1
9><: {rn {rn {i {f {rn {h o n o |
  1
,7:33 {rn {rn {rn {g {no |
  1
3*2/ {rn {rn {f {o |
  1
Z1;r09r^ \VLr;>+> 
1001
ACAD_OBJECT_CHANGE_GUID
1070
     1
1071
-374373847
1070
  3735
1070
 17773
1070
   161
1070
    10
1070
    53
1070
    51
1070
   134
1070
    20
1070
   188
1070
   124
  0
HATCH
  5
246
330
1F
100
AcDbEntity
  8
VIA_HOLES
 62
     7
100
AcDbHatch
 10
0.0
 20
0.0
 30
0.0
210
0.0
220
0.0
230
1.0
  2
SOLID
 70
     1
 71
     1
 91
        1
 92
        1
 93
        1
 72
     2
 10
20.56982678
 20
35.68989052
 40
0.1999996
 50
0.0
 51
360.0
 73
     1
 97
        1
330
245
 75
     0
 76
     1
 98
        0
  0
REGION
  5
247
102
{ACAD_REACTORS
330
248
102
}
330
1F
100
AcDbEntity
  8
VIA_HOLES
 62
     7
100
AcDbModelerGeometry
 70
     1
  1
noi nn n o 
  1
=0;& {rn {no {rn {rn |
  1
/061+ {rn nfqjnfgmilkoooooom llqngfgfoklfffffff o |
  1
):-+:' {rn {k {n |
  1
:336/,:r<*-): {rn nfqlnfgmihk llqngfgfoklfffffff o o o n oqnfffffi o o n o o |
  1
:;8: {rn {m {m {j {l o |
  1
<0:;8: {rn {j {j {rn {k o {i {rn |
  1
300/ {rn {rn {j {g |
  1
/3>1:r,*-9><: {rn nfqmnfgmifkoooooon llqngfgfoklfffffff o o o n rn o o o o o o o |
  1
9><: {rn {rn {i {f {rn {h o n o |
  1
,7:33 {rn {rn {rn {g {no |
  1
3*2/ {rn {rn {f {o |
  1
Z1;r09r^ \VLr;>+> 
1001
ACAD_OBJECT_CHANGE_GUID
1070
     1
1071
1007727582
1070
-19902
1070
 16670
1070
   153
1070
    20
1070
   248
1070
   134
1070
   103
1070
    41
1070
   144
1070
   254
  0
HATCH
  5
248
330
1F
100
AcDbEntity
  8
VIA_HOLES
 62
     7
100
AcDbHatch
 10
0.0
 20
0.0
 30
0.0
210
0.0
220
0.0
230
1.0
  2
SOLID
 70
     1
 71
     1
 91
        1
 92
        1
 93
        1
 72
     2
 10
19.31982674
 20
33.18989044
 40
0.1999996
 50
0.0
 51
360.0
 73
     1
 97
        1
330
247
 75
     0
 76
     1
 98
        0
  0
REGION
  5
249
102
{ACAD_REACTORS
330
24A
102
}
330
1F
100
AcDbEntity
  8
VIA_HOLES
 62
     7
100
AcDbModelerGeometry
 70
     1
  1
noi nn n o 
  1
=0;& {rn {no {rn {rn |
  1
/061+ {rn moqhifgmilgoooooon loqigfgfoli o |
  1
):-+:' {rn {k {n |
  1
:336/,:r<*-): {rn moqjifgmihg loqigfgfoli o o o n oqnfffffi o o n o o |
  1
:;8: {rn {m {m {j {l o |
  1
<0:;8: {rn {j {j {rn {k o {i {rn |
  1
300/ {rn {rn {j {g |
  1
/3>1:r,*-9><: {rn moqkifgmifgoooooon loqigfgfoli o o o n rn o o o o o o o |
  1
9><: {rn {rn {i {f {rn {h o n o |
  1
,7:33 {rn {rn {rn {g {no |
  1
3*2/ {rn {rn {f {o |
  1
Z1;r09r^ \VLr;>+> 
1001
ACAD_OBJECT_CHANGE_GUID
1070
     1
1071
216175903
1070
 22024
1070
 16888
1070
   169
1070
    83
1070
   211
1070
    99
1070
    55
1070
   166
1070
   231
1070
   145
  0
HATCH
  5
24A
330
1F
100
AcDbEntity
  8
VIA_HOLES
 62
     7
100
AcDbHatch
 10
0.0
 20
0.0
 30
0.0
210
0.0
220
0.0
230
1.0
  2
SOLID
 70
     1
 71
     1
 91
        1
 92
        1
 93
        1
 72
     2
 10
20.56982678
 20
30.68989036
 40
0.1999996
 50
0.0
 51
360.0
 73
     1
 97
        1
330
249
 75
     0
 76
     1
 98
        0
  0
REGION
  5
24B
102
{ACAD_REACTORS
330
24C
102
}
330
1F
100
AcDbEntity
  8
VIA_HOLES
 62
     7
100
AcDbModelerGeometry
 70
     1
  1
noi nn n o 
  1
=0;& {rn {no {rn {rn |
  1
/061+ {rn nfqjnfgmilkoooooom mgqngfgfomhffffffh o |
  1
):-+:' {rn {k {n |
  1
:336/,:r<*-): {rn nfqlnfgmihk mgqngfgfomhffffffh o o o n oqnfffffi o o n o o |
  1
:;8: {rn {m {m {j {l o |
  1
<0:;8: {rn {j {j {rn {k o {i {rn |
  1
300/ {rn {rn {j {g |
  1
/3>1:r,*-9><: {rn nfqmnfgmifkoooooon mgqngfgfomhffffffh o o o n rn o o o o o o o |
  1
9><: {rn {rn {i {f {rn {h o n o |
  1
,7:33 {rn {rn {rn {g {no |
  1
3*2/ {rn {rn {f {o |
  1
Z1;r09r^ \VLr;>+> 
1001
ACAD_OBJECT_CHANGE_GUID
1070
     1
1071
-2100200367
1070
-29311
1070
 18158
1070
   146
1070
   184
1070
   244
1070
   130
1070
   196
1070
    95
1070
    95
1070
    63
  0
HATCH
  5
24C
330
1F
100
AcDbEntity
  8
VIA_HOLES
 62
     7
100
AcDbHatch
 10
0.0
 20
0.0
 30
0.0
210
0.0
220
0.0
230
1.0
  2
SOLID
 70
     1
 71
     1
 91
        1
 92
        1
 93
        1
 72
     2
 10
19.31982674
 20
28.18989028
 40
0.1999996
 50
0.0
 51
360.0
 73
     1
 97
        1
330
24B
 75
     0
 76
     1
 98
        0
  0
REGION
  5
24D
102
{ACAD_REACTORS
330
24E
102
}
330
1F
100
AcDbEntity
  8
VIA_HOLES
 62
     7
100
AcDbModelerGeometry
 70
     1
  1
noi nn n o 
  1
=0;& {rn {no {rn {rn |
  1
/061+ {rn moqhifgmilgoooooon mjqigfgfonfffffffh o |
  1
):-+:' {rn {k {n |
  1
:336/,:r<*-): {rn moqjifgmihg mjqigfgfonfffffffh o o o n oqnfffffi o o n o o |
  1
:;8: {rn {m {m {j {l o |
  1
<0:;8: {rn {j {j {rn {k o {i {rn |
  1
300/ {rn {rn {j {g |
  1
/3>1:r,*-9><: {rn moqkifgmifgoooooon mjqigfgfonfffffffh o o o n rn o o o o o o o |
  1
9><: {rn {rn {i {f {rn {h o n o |
  1
,7:33 {rn {rn {rn {g {no |
  1
3*2/ {rn {rn {f {o |
  1
Z1;r09r^ \VLr;>+> 
1001
ACAD_OBJECT_CHANGE_GUID
1070
     1
1071
-1134070816
1070
  -918
1070
 18357
1070
   145
1070
    39
1070
    93
1070
   124
1070
   210
1070
    30
1070
   137
1070
   115
  0
HATCH
  5
24E
330
1F
100
AcDbEntity
  8
VIA_HOLES
 62
     7
100
AcDbHatch
 10
0.0
 20
0.0
 30
0.0
210
0.0
220
0.0
230
1.0
  2
SOLID
 70
     1
 71
     1
 91
        1
 92
        1
 93
        1
 72
     2
 10
20.56982678
 20
25.6898902
 40
0.1999996
 50
0.0
 51
360.0
 73
     1
 97
        1
330
24D
 75
     0
 76
     1
 98
        0
  0
REGION
  5
24F
102
{ACAD_REACTORS
330
250
102
}
330
1F
100
AcDbEntity
  8
VIA_HOLES
 62
     7
100
AcDbModelerGeometry
 70
     1
  1
noi nn n o 
  1
=0;& {rn {no {rn {rn |
  1
/061+ {rn nfqjnfgmilkoooooom gqngfggfikoooooooj o |
  1
):-+:' {rn {k {n |
  1
:336/,:r<*-): {rn nfqlnfgmihk gqngfggfikoooooooj o o o n oqnfffffi o o n o o |
  1
:;8: {rn {m {m {j {l o |
  1
<0:;8: {rn {j {j {rn {k o {i {rn |
  1
300/ {rn {rn {j {g |
  1
/3>1:r,*-9><: {rn nfqmnfgmifkoooooon gqngfggfikoooooooj o o o n rn o o o o o o o |
  1
9><: {rn {rn {i {f {rn {h o n o |
  1
,7:33 {rn {rn {rn {g {no |
  1
3*2/ {rn {rn {f {o |
  1
Z1;r09r^ \VLr;>+> 
1001
ACAD_OBJECT_CHANGE_GUID
1070
     1
1071
1207439108
1070
-26870
1070
 17841
1070
   133
1070
   154
1070
    62
1070
   197
1070
   140
1070
   108
1070
   127
1070
   144
  0
HATCH
  5
250
330
1F
100
AcDbEntity
  8
VIA_HOLES
 62
     7
100
AcDbHatch
 10
0.0
 20
0.0
 30
0.0
210
0.0
220
0.0
230
1.0
  2
SOLID
 70
     1
 71
     1
 91
        1
 92
        1
 93
        1
 72
     2
 10
19.31982674
 20
8.18988964
 40
0.1999996
 50
0.0
 51
360.0
 73
     1
 97
        1
330
24F
 75
     0
 76
     1
 98
        0
  0
REGION
  5
251
102
{ACAD_REACTORS
330
252
102
}
330
1F
100
AcDbEntity
  8
VIA_HOLES
 62
     7
100
AcDbModelerGeometry
 70
     1
  1
noi nn n o 
  1
=0;& {rn {no {rn {rn |
  1
/061+ {rn nhqonfgmimioooooom jgqngfgfnmlffffffk o |
  1
):-+:' {rn {k {n |
  1
:336/,:r<*-): {rn niqgnfgmiii jgqngfgfnmlffffffk o o o n oqnfffffi o o n o o |
  1
:;8: {rn {m {m {j {l o |
  1
<0:;8: {rn {j {j {rn {k o {i {rn |
  1
300/ {rn {rn {j {g |
  1
/3>1:r,*-9><: {rn niqhnfgmigioooooon jgqngfgfnmlffffffk o o o n rn o o o o o o o |
  1
9><: {rn {rn {i {f {rn {h o n o |
  1
,7:33 {rn {rn {rn {g {no |
  1
3*2/ {rn {rn {f {o |
  1
Z1;r09r^ \VLr;>+> 
1001
ACAD_OBJECT_CHANGE_GUID
1070
     1
1071
-31782834
1070
 -3334
1070
 17732
1070
   150
1070
     7
1070
    27
1070
   129
1070
   204
1070
   234
1070
   216
1070
   243
  0
HATCH
  5
252
330
1F
100
AcDbEntity
  8
VIA_HOLES
 62
     7
100
AcDbHatch
 10
0.0
 20
0.0
 30
0.0
210
0.0
220
0.0
230
1.0
  2
SOLID
 70
     1
 71
     1
 91
        1
 92
        1
 93
        1
 72
     2
 10
16.81982666
 20
58.18989123999999
 40
0.1999996
 50
0.0
 51
360.0
 73
     1
 97
        1
330
251
 75
     0
 76
     1
 98
        0
  0
REGION
  5
253
102
{ACAD_REACTORS
330
254
102
}
330
1F
100
AcDbEntity
  8
VIA_HOLES
 62
     7
100
AcDbModelerGeometry
 70
     1
  1
noi nn n o 
  1
=0;& {rn {no {rn {rn |
  1
/061+ {rn ngqmifgmimfffffffg jjqigfgfnnjffffffj o |
  1
):-+:' {rn {k {n |
  1
:336/,:r<*-): {rn ngqoifgmiifffffffh jjqigfgfnnjffffffj o o o n oqnfffffi o o n o o |
  1
:;8: {rn {m {m {j {l o |
  1
<0:;8: {rn {j {j {rn {k o {i {rn |
  1
300/ {rn {rn {j {g |
  1
/3>1:r,*-9><: {rn nhqfifgmigfffffffh jjqigfgfnnjffffffj o o o n rn o o o o o o o |
  1
9><: {rn {rn {i {f {rn {h o n o |
  1
,7:33 {rn {rn {rn {g {no |
  1
3*2/ {rn {rn {f {o |
  1
Z1;r09r^ \VLr;>+> 
1001
ACAD_OBJECT_CHANGE_GUID
1070
     1
1071
1151703342
1070
-16541
1070
 19740
1070
   158
1070
   120
1070
    97
1070
   145
1070
   201
1070
    84
1070
   154
1070
   169
  0
HATCH
  5
254
330
1F
100
AcDbEntity
  8
VIA_HOLES
 62
     7
100
AcDbHatch
 10
0.0
 20
0.0
 30
0.0
210
0.0
220
0.0
230
1.0
  2
SOLID
 70
     1
 71
     1
 91
        1
 92
        1
 93
        1
 72
     2
 10
18.0698267
 20
55.68989115999999
 40
0.1999996
 50
0.0
 51
360.0
 73
     1
 97
        1
330
253
 75
     0
 76
     1
 98
        0
  0
REGION
  5
255
102
{ACAD_REACTORS
330
256
102
}
330
1F
100
AcDbEntity
  8
VIA_HOLES
 62
     7
100
AcDbModelerGeometry
 70
     1
  1
noi nn n o 
  1
=0;& {rn {no {rn {rn |
  1
/061+ {rn nhqonfgmimioooooom kgqngfgfofnffffffi o |
  1
):-+:' {rn {k {n |
  1
:336/,:r<*-): {rn niqgnfgmiii kgqngfgfofnffffffi o o o n oqnfffffi o o n o o |
  1
:;8: {rn {m {m {j {l o |
  1
<0:;8: {rn {j {j {rn {k o {i {rn |
  1
300/ {rn {rn {j {g |
  1
/3>1:r,*-9><: {rn niqhnfgmigioooooon kgqngfgfofnffffffi o o o n rn o o o o o o o |
  1
9><: {rn {rn {i {f {rn {h o n o |
  1
,7:33 {rn {rn {rn {g {no |
  1
3*2/ {rn {rn {f {o |
  1
Z1;r09r^ \VLr;>+> 
1001
ACAD_OBJECT_CHANGE_GUID
1070
     1
1071
1152331686
1070
 23201
1070
 20422
1070
   164
1070
    53
1070
    87
1070
    67
1070
    36
1070
   244
1070
   181
1070
   122
  0
HATCH
  5
256
330
1F
100
AcDbEntity
  8
VIA_HOLES
 62
     7
100
AcDbHatch
 10
0.0
 20
0.0
 30
0.0
210
0.0
220
0.0
230
1.0
  2
SOLID
 70
     1
 71
     1
 91
        1
 92
        1
 93
        1
 72
     2
 10
16.81982666
 20
48.18989092
 40
0.1999996
 50
0.0
 51
360.0
 73
     1
 97
        1
330
255
 75
     0
 76
     1
 98
        0
  0
REGION
  5
257
102
{ACAD_REACTORS
330
258
102
}
330
1F
100
AcDbEntity
  8
VIA_HOLES
 62
     7
100
AcDbModelerGeometry
 70
     1
  1
noi nn n o 
  1
=0;& {rn {no {rn {rn |
  1
/061+ {rn ngqmifgmimfffffffg ljqigfgfojnfffffff o |
  1
):-+:' {rn {k {n |
  1
:336/,:r<*-): {rn ngqoifgmiifffffffh ljqigfgfojnfffffff o o o n oqnfffffi o o n o o |
  1
:;8: {rn {m {m {j {l o |
  1
<0:;8: {rn {j {j {rn {k o {i {rn |
  1
300/ {rn {rn {j {g |
  1
/3>1:r,*-9><: {rn nhqfifgmigfffffffh ljqigfgfojnfffffff o o o n rn o o o o o o o |
  1
9><: {rn {rn {i {f {rn {h o n o |
  1
,7:33 {rn {rn {rn {g {no |
  1
3*2/ {rn {rn {f {o |
  1
Z1;r09r^ \VLr;>+> 
1001
ACAD_OBJECT_CHANGE_GUID
1070
     1
1071
-1298572482
1070
 -7855
1070
 18428
1070
   177
1070
   134
1070
   246
1070
   187
1070
    91
1070
   217
1070
    44
1070
    55
  0
HATCH
  5
258
330
1F
100
AcDbEntity
  8
VIA_HOLES
 62
     7
100
AcDbHatch
 10
0.0
 20
0.0
 30
0.0
210
0.0
220
0.0
230
1.0
  2
SOLID
 70
     1
 71
     1
 91
        1
 92
        1
 93
        1
 72
     2
 10
18.0698267
 20
35.68989052
 40
0.1999996
 50
0.0
 51
360.0
 73
     1
 97
        1
330
257
 75
     0
 76
     1
 98
        0
  0
REGION
  5
259
102
{ACAD_REACTORS
330
25A
102
}
330
1F
100
AcDbEntity
  8
VIA_HOLES
 62
     7
100
AcDbModelerGeometry
 70
     1
  1
noi nn n o 
  1
=0;& {rn {no {rn {rn |
  1
/061+ {rn nhqonfgmimioooooom llqngfgfoklfffffff o |
  1
):-+:' {rn {k {n |
  1
:336/,:r<*-): {rn niqgnfgmiii llqngfgfoklfffffff o o o n oqnfffffi o o n o o |
  1
:;8: {rn {m {m {j {l o |
  1
<0:;8: {rn {j {j {rn {k o {i {rn |
  1
300/ {rn {rn {j {g |
  1
/3>1:r,*-9><: {rn niqhnfgmigioooooon llqngfgfoklfffffff o o o n rn o o o o o o o |
  1
9><: {rn {rn {i {f {rn {h o n o |
  1
,7:33 {rn {rn {rn {g {no |
  1
3*2/ {rn {rn {f {o |
  1
Z1;r09r^ \VLr;>+> 
1001
ACAD_OBJECT_CHANGE_GUID
1070
     1
1071
151532276
1070
 19118
1070
 18449
1070
   169
1070
    58
1070
   233
1070
    76
1070
    24
1070
    37
1070
    16
1070
    72
  0
HATCH
  5
25A
330
1F
100
AcDbEntity
  8
VIA_HOLES
 62
     7
100
AcDbHatch
 10
0.0
 20
0.0
 30
0.0
210
0.0
220
0.0
230
1.0
  2
SOLID
 70
     1
 71
     1
 91
        1
 92
        1
 93
        1
 72
     2
 10
16.81982666
 20
33.18989044
 40
0.1999996
 50
0.0
 51
360.0
 73
     1
 97
        1
330
259
 75
     0
 76
     1
 98
        0
  0
REGION
  5
25B
102
{ACAD_REACTORS
330
25C
102
}
330
1F
100
AcDbEntity
  8
VIA_HOLES
 62
     7
100
AcDbModelerGeometry
 70
     1
  1
noi nn n o 
  1
=0;& {rn {no {rn {rn |
  1
/061+ {rn ngqmifgmimfffffffg loqigfgfoli o |
  1
):-+:' {rn {k {n |
  1
:336/,:r<*-): {rn ngqoifgmiifffffffh loqigfgfoli o o o n oqnfffffi o o n o o |
  1
:;8: {rn {m {m {j {l o |
  1
<0:;8: {rn {j {j {rn {k o {i {rn |
  1
300/ {rn {rn {j {g |
  1
/3>1:r,*-9><: {rn nhqfifgmigfffffffh loqigfgfoli o o o n rn o o o o o o o |
  1
9><: {rn {rn {i {f {rn {h o n o |
  1
,7:33 {rn {rn {rn {g {no |
  1
3*2/ {rn {rn {f {o |
  1
Z1;r09r^ \VLr;>+> 
1001
ACAD_OBJECT_CHANGE_GUID
1070
     1
1071
777802723
1070
  2047
1070
 17874
1070
   187
1070
   243
1070
   211
1070
    56
1070
    23
1070
   225
1070
   214
1070
   111
  0
HATCH
  5
25C
330
1F
100
AcDbEntity
  8
VIA_HOLES
 62
     7
100
AcDbHatch
 10
0.0
 20
0.0
 30
0.0
210
0.0
220
0.0
230
1.0
  2
SOLID
 70
     1
 71
     1
 91
        1
 92
        1
 93
        1
 72
     2
 10
18.0698267
 20
30.68989036
 40
0.1999996
 50
0.0
 51
360.0
 73
     1
 97
        1
330
25B
 75
     0
 76
     1
 98
        0
  0
REGION
  5
25D
102
{ACAD_REACTORS
330
25E
102
}
330
1F
100
AcDbEntity
  8
VIA_HOLES
 62
     7
100
AcDbModelerGeometry
 70
     1
  1
noi nn n o 
  1
=0;& {rn {no {rn {rn |
  1
/061+ {rn nhqonfgmimioooooom mgqngfgfomhffffffh o |
  1
):-+:' {rn {k {n |
  1
:336/,:r<*-): {rn niqgnfgmiii mgqngfgfomhffffffh o o o n oqnfffffi o o n o o |
  1
:;8: {rn {m {m {j {l o |
  1
<0:;8: {rn {j {j {rn {k o {i {rn |
  1
300/ {rn {rn {j {g |
  1
/3>1:r,*-9><: {rn niqhnfgmigioooooon mgqngfgfomhffffffh o o o n rn o o o o o o o |
  1
9><: {rn {rn {i {f {rn {h o n o |
  1
,7:33 {rn {rn {rn {g {no |
  1
3*2/ {rn {rn {f {o |
  1
Z1;r09r^ \VLr;>+> 
1001
ACAD_OBJECT_CHANGE_GUID
1070
     1
1071
379811934
1070
-13622
1070
 18462
1070
   162
1070
   143
1070
    71
1070
    12
1070
    63
1070
   143
1070
   147
1070
   193
  0
HATCH
  5
25E
330
1F
100
AcDbEntity
  8
VIA_HOLES
 62
     7
100
AcDbHatch
 10
0.0
 20
0.0
 30
0.0
210
0.0
220
0.0
230
1.0
  2
SOLID
 70
     1
 71
     1
 91
        1
 92
        1
 93
        1
 72
     2
 10
16.81982666
 20
28.18989028
 40
0.1999996
 50
0.0
 51
360.0
 73
     1
 97
        1
330
25D
 75
     0
 76
     1
 98
        0
  0
REGION
  5
25F
102
{ACAD_REACTORS
330
260
102
}
330
1F
100
AcDbEntity
  8
VIA_HOLES
 62
     7
100
AcDbModelerGeometry
 70
     1
  1
noi nn n o 
  1
=0;& {rn {no {rn {rn |
  1
/061+ {rn ngqmifgmimfffffffg mjqigfgfonfffffffh o |
  1
):-+:' {rn {k {n |
  1
:336/,:r<*-): {rn ngqoifgmiifffffffh mjqigfgfonfffffffh o o o n oqnfffffi o o n o o |
  1
:;8: {rn {m {m {j {l o |
  1
<0:;8: {rn {j {j {rn {k o {i {rn |
  1
300/ {rn {rn {j {g |
  1
/3>1:r,*-9><: {rn nhqfifgmigfffffffh mjqigfgfonfffffffh o o o n rn o o o o o o o |
  1
9><: {rn {rn {i {f {rn {h o n o |
  1
,7:33 {rn {rn {rn {g {no |
  1
3*2/ {rn {rn {f {o |
  1
Z1;r09r^ \VLr;>+> 
1001
ACAD_OBJECT_CHANGE_GUID
1070
     1
1071
1085725549
1070
 32408
1070
 18600
1070
   165
1070
   206
1070
   160
1070
   136
1070
    34
1070
   164
1070
   184
1070
    28
  0
HATCH
  5
260
330
1F
100
AcDbEntity
  8
VIA_HOLES
 62
     7
100
AcDbHatch
 10
0.0
 20
0.0
 30
0.0
210
0.0
220
0.0
230
1.0
  2
SOLID
 70
     1
 71
     1
 91
        1
 92
        1
 93
        1
 72
     2
 10
18.0698267
 20
25.6898902
 40
0.1999996
 50
0.0
 51
360.0
 73
     1
 97
        1
330
25F
 75
     0
 76
     1
 98
        0
  0
REGION
  5
261
102
{ACAD_REACTORS
330
262
102
}
330
1F
100
AcDbEntity
  8
VIA_HOLES
 62
     7
100
AcDbModelerGeometry
 70
     1
  1
noi nn n o 
  1
=0;& {rn {no {rn {rn |
  1
/061+ {rn nhqonfgmimioooooom nlqngfggfgooooooon o |
  1
):-+:' {rn {k {n |
  1
:336/,:r<*-): {rn niqgnfgmiii nlqngfggfgooooooon o o o n oqnfffffi o o n o o |
  1
:;8: {rn {m {m {j {l o |
  1
<0:;8: {rn {j {j {rn {k o {i {rn |
  1
300/ {rn {rn {j {g |
  1
/3>1:r,*-9><: {rn niqhnfgmigioooooon nlqngfggfgooooooon o o o n rn o o o o o o o |
  1
9><: {rn {rn {i {f {rn {h o n o |
  1
,7:33 {rn {rn {rn {g {no |
  1
3*2/ {rn {rn {f {o |
  1
Z1;r09r^ \VLr;>+> 
1001
ACAD_OBJECT_CHANGE_GUID
1070
     1
1071
-1577020430
1070
 12845
1070
 20173
1070
   171
1070
   120
1070
   225
1070
   120
1070
    10
1070
    19
1070
   182
1070
   218
  0
HATCH
  5
262
330
1F
100
AcDbEntity
  8
VIA_HOLES
 62
     7
100
AcDbHatch
 10
0.0
 20
0.0
 30
0.0
210
0.0
220
0.0
230
1.0
  2
SOLID
 70
     1
 71
     1
 91
        1
 92
        1
 93
        1
 72
     2
 10
16.81982666
 20
13.1898898
 40
0.1999996
 50
0.0
 51
360.0
 73
     1
 97
        1
330
261
 75
     0
 76
     1
 98
        0
  0
REGION
  5
263
102
{ACAD_REACTORS
330
264
102
}
330
1F
100
AcDbEntity
  8
VIA_HOLES
 62
     7
100
AcDbModelerGeometry
 70
     1
  1
noi nn n o 
  1
=0;& {rn {no {rn {rn |
  1
/061+ {rn ngqmifgmimfffffffg noqigfggfhm o |
  1
):-+:' {rn {k {n |
  1
:336/,:r<*-): {rn ngqoifgmiifffffffh noqigfggfhm o o o n oqnfffffi o o n o o |
  1
:;8: {rn {m {m {j {l o |
  1
<0:;8: {rn {j {j {rn {k o {i {rn |
  1
300/ {rn {rn {j {g |
  1
/3>1:r,*-9><: {rn nhqfifgmigfffffffh noqigfggfhm o o o n rn o o o o o o o |
  1
9><: {rn {rn {i {f {rn {h o n o |
  1
,7:33 {rn {rn {rn {g {no |
  1
3*2/ {rn {rn {f {o |
  1
Z1;r09r^ \VLr;>+> 
1001
ACAD_OBJECT_CHANGE_GUID
1070
     1
1071
-1193339819
1070
-17609
1070
 18506
1070
   139
1070
   193
1070
    23
1070
   129
1070
    84
1070
    82
1070
   127
1070
   224
  0
HATCH
  5
264
330
1F
100
AcDbEntity
  8
VIA_HOLES
 62
     7
100
AcDbHatch
 10
0.0
 20
0.0
 30
0.0
210
0.0
220
0.0
230
1.0
  2
SOLID
 70
     1
 71
     1
 91
        1
 92
        1
 93
        1
 72
     2
 10
18.0698267
 20
10.68988972
 40
0.1999996
 50
0.0
 51
360.0
 73
     1
 97
        1
330
263
 75
     0
 76
     1
 98
        0
  0
REGION
  5
265
102
{ACAD_REACTORS
330
266
102
}
330
1F
100
AcDbEntity
  8
VIA_HOLES
 62
     7
100
AcDbModelerGeometry
 70
     1
  1
noi nn n o 
  1
=0;& {rn {no {rn {rn |
  1
/061+ {rn nhqonfgmimioooooom gqngfggfikoooooooj o |
  1
):-+:' {rn {k {n |
  1
:336/,:r<*-): {rn niqgnfgmiii gqngfggfikoooooooj o o o n oqnfffffi o o n o o |
  1
:;8: {rn {m {m {j {l o |
  1
<0:;8: {rn {j {j {rn {k o {i {rn |
  1
300/ {rn {rn {j {g |
  1
/3>1:r,*-9><: {rn niqhnfgmigioooooon gqngfggfikoooooooj o o o n rn o o o o o o o |
  1
9><: {rn {rn {i {f {rn {h o n o |
  1
,7:33 {rn {rn {rn {g {no |
  1
3*2/ {rn {rn {f {o |
  1
Z1;r09r^ \VLr;>+> 
1001
ACAD_OBJECT_CHANGE_GUID
1070
     1
1071
-357835487
1070
-28037
1070
 17338
1070
   128
1070
    37
1070
    81
1070
   223
1070
    93
1070
   172
1070
    86
1070
   200
  0
HATCH
  5
266
330
1F
100
AcDbEntity
  8
VIA_HOLES
 62
     7
100
AcDbHatch
 10
0.0
 20
0.0
 30
0.0
210
0.0
220
0.0
230
1.0
  2
SOLID
 70
     1
 71
     1
 91
        1
 92
        1
 93
        1
 72
     2
 10
16.81982666
 20
8.18988964
 40
0.1999996
 50
0.0
 51
360.0
 73
     1
 97
        1
330
265
 75
     0
 76
     1
 98
        0
  0
REGION
  5
267
102
{ACAD_REACTORS
330
268
102
}
330
1F
100
AcDbEntity
  8
VIA_HOLES
 62
     7
100
AcDbModelerGeometry
 70
     1
  1
noi nn n o 
  1
=0;& {rn {no {rn {rn |
  1
/061+ {rn nhqonfgmimioooooom lqngfggfkgooooooom o |
  1
):-+:' {rn {k {n |
  1
:336/,:r<*-): {rn niqgnfgmiii lqngfggfkgooooooom o o o n oqnfffffi o o n o o |
  1
:;8: {rn {m {m {j {l o |
  1
<0:;8: {rn {j {j {rn {k o {i {rn |
  1
300/ {rn {rn {j {g |
  1
/3>1:r,*-9><: {rn niqhnfgmigioooooon lqngfggfkgooooooom o o o n rn o o o o o o o |
  1
9><: {rn {rn {i {f {rn {h o n o |
  1
,7:33 {rn {rn {rn {g {no |
  1
3*2/ {rn {rn {f {o |
  1
Z1;r09r^ \VLr;>+> 
1001
ACAD_OBJECT_CHANGE_GUID
1070
     1
1071
1578665597
1070
  7307
1070
 19296
1070
   156
1070
    11
1070
   166
1070
    99
1070
    17
1070
   122
1070
    15
1070
    66
  0
HATCH
  5
268
330
1F
100
AcDbEntity
  8
VIA_HOLES
 62
     7
100
AcDbHatch
 10
0.0
 20
0.0
 30
0.0
210
0.0
220
0.0
230
1.0
  2
SOLID
 70
     1
 71
     1
 91
        1
 92
        1
 93
        1
 72
     2
 10
16.81982666
 20
3.18988948
 40
0.1999996
 50
0.0
 51
360.0
 73
     1
 97
        1
330
267
 75
     0
 76
     1
 98
        0
  0
REGION
  5
269
102
{ACAD_REACTORS
330
26A
102
}
330
1F
100
AcDbEntity
  8
VIA_HOLES
 62
     7
100
AcDbModelerGeometry
 70
     1
  1
noi nn n o 
  1
=0;& {rn {no {rn {rn |
  1
/061+ {rn nkqjnfgminhfffffff jgqngfgfnmlffffffk o |
  1
):-+:' {rn {k {n |
  1
:336/,:r<*-): {rn nkqlnfgmijhfffffff jgqngfgfnmlffffffk o o o n oqnfffffi o o n o o |
  1
:;8: {rn {m {m {j {l o |
  1
<0:;8: {rn {j {j {rn {k o {i {rn |
  1
300/ {rn {rn {j {g |
  1
/3>1:r,*-9><: {rn nkqmnfgmihhffffffg jgqngfgfnmlffffffk o o o n rn o o o o o o o |
  1
9><: {rn {rn {i {f {rn {h o n o |
  1
,7:33 {rn {rn {rn {g {no |
  1
3*2/ {rn {rn {f {o |
  1
Z1;r09r^ \VLr;>+> 
1001
ACAD_OBJECT_CHANGE_GUID
1070
     1
1071
-1048374078
1070
  9422
1070
 18889
1070
   175
1070
   180
1070
   194
1070
   171
1070
    98
1070
   236
1070
    60
1070
    49
  0
HATCH
  5
26A
330
1F
100
AcDbEntity
  8
VIA_HOLES
 62
     7
100
AcDbHatch
 10
0.0
 20
0.0
 30
0.0
210
0.0
220
0.0
230
1.0
  2
SOLID
 70
     1
 71
     1
 91
        1
 92
        1
 93
        1
 72
     2
 10
14.31982658
 20
58.18989123999999
 40
0.1999996
 50
0.0
 51
360.0
 73
     1
 97
        1
330
269
 75
     0
 76
     1
 98
        0
  0
REGION
  5
26B
102
{ACAD_REACTORS
330
26C
102
}
330
1F
100
AcDbEntity
  8
VIA_HOLES
 62
     7
100
AcDbModelerGeometry
 70
     1
  1
noi nn n o 
  1
=0;& {rn {no {rn {rn |
  1
/061+ {rn nkqjnfgminhfffffff lqngfggfkgooooooom o |
  1
):-+:' {rn {k {n |
  1
:336/,:r<*-): {rn nkqlnfgmijhfffffff lqngfggfkgooooooom o o o n oqnfffffi o o n o o |
  1
:;8: {rn {m {m {j {l o |
  1
<0:;8: {rn {j {j {rn {k o {i {rn |
  1
300/ {rn {rn {j {g |
  1
/3>1:r,*-9><: {rn nkqmnfgmihhffffffg lqngfggfkgooooooom o o o n rn o o o o o o o |
  1
9><: {rn {rn {i {f {rn {h o n o |
  1
,7:33 {rn {rn {rn {g {no |
  1
3*2/ {rn {rn {f {o |
  1
Z1;r09r^ \VLr;>+> 
1001
ACAD_OBJECT_CHANGE_GUID
1070
     1
1071
100397918
1070
 -5681
1070
 18593
1070
   178
1070
   242
1070
    77
1070
   226
1070
   161
1070
   139
1070
    67
1070
   207
  0
HATCH
  5
26C
330
1F
100
AcDbEntity
  8
VIA_HOLES
 62
     7
100
AcDbHatch
 10
0.0
 20
0.0
 30
0.0
210
0.0
220
0.0
230
1.0
  2
SOLID
 70
     1
 71
     1
 91
        1
 92
        1
 93
        1
 72
     2
 10
14.31982658
 20
3.18988948
 40
0.1999996
 50
0.0
 51
360.0
 73
     1
 97
        1
330
26B
 75
     0
 76
     1
 98
        0
  0
REGION
  5
26D
102
{ACAD_REACTORS
330
26E
102
}
330
1F
100
AcDbEntity
  8
VIA_HOLES
 62
     7
100
AcDbModelerGeometry
 70
     1
  1
noi nn n o 
  1
=0;& {rn {no {rn {rn |
  1
/061+ {rn nmqonfgmin jgqngfgfnmlffffffk o |
  1
):-+:' {rn {k {n |
  1
:336/,:r<*-): {rn nnqgnfgmij jgqngfgfnmlffffffk o o o n oqnfffffi o o n o o |
  1
:;8: {rn {m {m {j {l o |
  1
<0:;8: {rn {j {j {rn {k o {i {rn |
  1
300/ {rn {rn {j {g |
  1
/3>1:r,*-9><: {rn nnqhnfgmiiffffffff jgqngfgfnmlffffffk o o o n rn o o o o o o o |
  1
9><: {rn {rn {i {f {rn {h o n o |
  1
,7:33 {rn {rn {rn {g {no |
  1
3*2/ {rn {rn {f {o |
  1
Z1;r09r^ \VLr;>+> 
1001
ACAD_OBJECT_CHANGE_GUID
1070
     1
1071
-1516751785
1070
 25776
1070
 20209
1070
   175
1070
    62
1070
    89
1070
   119
1070
    42
1070
    54
1070
   172
1070
    14
  0
HATCH
  5
26E
330
1F
100
AcDbEntity
  8
VIA_HOLES
 62
     7
100
AcDbHatch
 10
0.0
 20
0.0
 30
0.0
210
0.0
220
0.0
230
1.0
  2
SOLID
 70
     1
 71
     1
 91
        1
 92
        1
 93
        1
 72
     2
 10
11.8198265
 20
58.18989123999999
 40
0.1999996
 50
0.0
 51
360.0
 73
     1
 97
        1
330
26D
 75
     0
 76
     1
 98
        0
  0
REGION
  5
26F
102
{ACAD_REACTORS
330
270
102
}
330
1F
100
AcDbEntity
  8
VIA_HOLES
 62
     7
100
AcDbModelerGeometry
 70
     1
  1
noi nn n o 
  1
=0;& {rn {no {rn {rn |
  1
/061+ {rn nlqmifgminlffffffh jjqigfgfnnjffffffj o |
  1
):-+:' {rn {k {n |
  1
:336/,:r<*-): {rn nlqoifgmijlffffffg jjqigfgfnnjffffffj o o o n oqnfffffi o o n o o |
  1
:;8: {rn {m {m {j {l o |
  1
<0:;8: {rn {j {j {rn {k o {i {rn |
  1
300/ {rn {rn {j {g |
  1
/3>1:r,*-9><: {rn nmqfifgmihlffffffg jjqigfgfnnjffffffj o o o n rn o o o o o o o |
  1
9><: {rn {rn {i {f {rn {h o n o |
  1
,7:33 {rn {rn {rn {g {no |
  1
3*2/ {rn {rn {f {o |
  1
Z1;r09r^ \VLr;>+> 
1001
ACAD_OBJECT_CHANGE_GUID
1070
     1
1071
-1180573386
1070
-15463
1070
 16756
1070
   143
1070
   171
1070
   212
1070
   221
1070
    23
1070
    46
1070
    75
1070
   101
  0
HATCH
  5
270
330
1F
100
AcDbEntity
  8
VIA_HOLES
 62
     7
100
AcDbHatch
 10
0.0
 20
0.0
 30
0.0
210
0.0
220
0.0
230
1.0
  2
SOLID
 70
     1
 71
     1
 91
        1
 92
        1
 93
        1
 72
     2
 10
13.06982654
 20
55.68989115999999
 40
0.1999996
 50
0.0
 51
360.0
 73
     1
 97
        1
330
26F
 75
     0
 76
     1
 98
        0
  0
REGION
  5
271
102
{ACAD_REACTORS
330
272
102
}
330
1F
100
AcDbEntity
  8
VIA_HOLES
 62
     7
100
AcDbModelerGeometry
 70
     1
  1
noi nn n o 
  1
=0;& {rn {no {rn {rn |
  1
/061+ {rn nmqonfgmin jlqngfgfnogoooooom o |
  1
):-+:' {rn {k {n |
  1
:336/,:r<*-): {rn nnqgnfgmij jlqngfgfnogoooooom o o o n oqnfffffi o o n o o |
  1
:;8: {rn {m {m {j {l o |
  1
<0:;8: {rn {j {j {rn {k o {i {rn |
  1
300/ {rn {rn {j {g |
  1
/3>1:r,*-9><: {rn nnqhnfgmiiffffffff jlqngfgfnogoooooom o o o n rn o o o o o o o |
  1
9><: {rn {rn {i {f {rn {h o n o |
  1
,7:33 {rn {rn {rn {g {no |
  1
3*2/ {rn {rn {f {o |
  1
Z1;r09r^ \VLr;>+> 
1001
ACAD_OBJECT_CHANGE_GUID
1070
     1
1071
1451464104
1070
 -9957
1070
 17036
1070
   138
1070
   201
1070
    89
1070
   185
1070
   198
1070
    75
1070
    53
1070
   170
  0
HATCH
  5
272
330
1F
100
AcDbEntity
  8
VIA_HOLES
 62
     7
100
AcDbHatch
 10
0.0
 20
0.0
 30
0.0
210
0.0
220
0.0
230
1.0
  2
SOLID
 70
     1
 71
     1
 91
        1
 92
        1
 93
        1
 72
     2
 10
11.8198265
 20
53.18989108
 40
0.1999996
 50
0.0
 51
360.0
 73
     1
 97
        1
330
271
 75
     0
 76
     1
 98
        0
  0
REGION
  5
273
102
{ACAD_REACTORS
330
274
102
}
330
1F
100
AcDbEntity
  8
VIA_HOLES
 62
     7
100
AcDbModelerGeometry
 70
     1
  1
noi nn n o 
  1
=0;& {rn {no {rn {rn |
  1
/061+ {rn nlqmifgminlffffffh joqigfgfoffffffffi o |
  1
):-+:' {rn {k {n |
  1
:336/,:r<*-): {rn nlqoifgmijlffffffg joqigfgfoffffffffi o o o n oqnfffffi o o n o o |
  1
:;8: {rn {m {m {j {l o |
  1
<0:;8: {rn {j {j {rn {k o {i {rn |
  1
300/ {rn {rn {j {g |
  1
/3>1:r,*-9><: {rn nmqfifgmihlffffffg joqigfgfoffffffffi o o o n rn o o o o o o o |
  1
9><: {rn {rn {i {f {rn {h o n o |
  1
,7:33 {rn {rn {rn {g {no |
  1
3*2/ {rn {rn {f {o |
  1
Z1;r09r^ \VLr;>+> 
1001
ACAD_OBJECT_CHANGE_GUID
1070
     1
1071
330810931
1070
 32176
1070
 20132
1070
   171
1070
    60
1070
   234
1070
   161
1070
    25
1070
   111
1070
    56
1070
   237
  0
HATCH
  5
274
330
1F
100
AcDbEntity
  8
VIA_HOLES
 62
     7
100
AcDbHatch
 10
0.0
 20
0.0
 30
0.0
210
0.0
220
0.0
230
1.0
  2
SOLID
 70
     1
 71
     1
 91
        1
 92
        1
 93
        1
 72
     2
 10
13.06982654
 20
50.689891
 40
0.1999996
 50
0.0
 51
360.0
 73
     1
 97
        1
330
273
 75
     0
 76
     1
 98
        0
  0
REGION
  5
275
102
{ACAD_REACTORS
330
276
102
}
330
1F
100
AcDbEntity
  8
VIA_HOLES
 62
     7
100
AcDbModelerGeometry
 70
     1
  1
noi nn n o 
  1
=0;& {rn {no {rn {rn |
  1
/061+ {rn nmqonfgmin kgqngfgfofnffffffi o |
  1
):-+:' {rn {k {n |
  1
:336/,:r<*-): {rn nnqgnfgmij kgqngfgfofnffffffi o o o n oqnfffffi o o n o o |
  1
:;8: {rn {m {m {j {l o |
  1
<0:;8: {rn {j {j {rn {k o {i {rn |
  1
300/ {rn {rn {j {g |
  1
/3>1:r,*-9><: {rn nnqhnfgmiiffffffff kgqngfgfofnffffffi o o o n rn o o o o o o o |
  1
9><: {rn {rn {i {f {rn {h o n o |
  1
,7:33 {rn {rn {rn {g {no |
  1
3*2/ {rn {rn {f {o |
  1
Z1;r09r^ \VLr;>+> 
1001
ACAD_OBJECT_CHANGE_GUID
1070
     1
1071
-2026888786
1070
  8684
1070
 18346
1070
   139
1070
   138
1070
   207
1070
   242
1070
   121
1070
   186
1070
   214
1070
    60
  0
HATCH
  5
276
330
1F
100
AcDbEntity
  8
VIA_HOLES
 62
     7
100
AcDbHatch
 10
0.0
 20
0.0
 30
0.0
210
0.0
220
0.0
230
1.0
  2
SOLID
 70
     1
 71
     1
 91
        1
 92
        1
 93
        1
 72
     2
 10
11.8198265
 20
48.18989092
 40
0.1999996
 50
0.0
 51
360.0
 73
     1
 97
        1
330
275
 75
     0
 76
     1
 98
        0
  0
REGION
  5
277
102
{ACAD_REACTORS
330
278
102
}
330
1F
100
AcDbEntity
  8
VIA_HOLES
 62
     7
100
AcDbModelerGeometry
 70
     1
  1
noi nn n o 
  1
=0;& {rn {no {rn {rn |
  1
/061+ {rn nlqmifgminlffffffh kjqigfgfoglffffffh o |
  1
):-+:' {rn {k {n |
  1
:336/,:r<*-): {rn nlqoifgmijlffffffg kjqigfgfoglffffffh o o o n oqnfffffi o o n o o |
  1
:;8: {rn {m {m {j {l o |
  1
<0:;8: {rn {j {j {rn {k o {i {rn |
  1
300/ {rn {rn {j {g |
  1
/3>1:r,*-9><: {rn nmqfifgmihlffffffg kjqigfgfoglffffffh o o o n rn o o o o o o o |
  1
9><: {rn {rn {i {f {rn {h o n o |
  1
,7:33 {rn {rn {rn {g {no |
  1
3*2/ {rn {rn {f {o |
  1
Z1;r09r^ \VLr;>+> 
1001
ACAD_OBJECT_CHANGE_GUID
1070
     1
1071
-2146473070
1070
 23500
1070
 19514
1070
   130
1070
   162
1070
   170
1070
   241
1070
    61
1070
    12
1070
   198
1070
   192
  0
HATCH
  5
278
330
1F
100
AcDbEntity
  8
VIA_HOLES
 62
     7
100
AcDbHatch
 10
0.0
 20
0.0
 30
0.0
210
0.0
220
0.0
230
1.0
  2
SOLID
 70
     1
 71
     1
 91
        1
 92
        1
 93
        1
 72
     2
 10
13.06982654
 20
45.68989084
 40
0.1999996
 50
0.0
 51
360.0
 73
     1
 97
        1
330
277
 75
     0
 76
     1
 98
        0
  0
REGION
  5
279
102
{ACAD_REACTORS
330
27A
102
}
330
1F
100
AcDbEntity
  8
VIA_HOLES
 62
     7
100
AcDbModelerGeometry
 70
     1
  1
noi nn n o 
  1
=0;& {rn {no {rn {rn |
  1
/061+ {rn nmqonfgmin nlqngfggfgooooooon o |
  1
):-+:' {rn {k {n |
  1
:336/,:r<*-): {rn nnqgnfgmij nlqngfggfgooooooon o o o n oqnfffffi o o n o o |
  1
:;8: {rn {m {m {j {l o |
  1
<0:;8: {rn {j {j {rn {k o {i {rn |
  1
300/ {rn {rn {j {g |
  1
/3>1:r,*-9><: {rn nnqhnfgmiiffffffff nlqngfggfgooooooon o o o n rn o o o o o o o |
  1
9><: {rn {rn {i {f {rn {h o n o |
  1
,7:33 {rn {rn {rn {g {no |
  1
3*2/ {rn {rn {f {o |
  1
Z1;r09r^ \VLr;>+> 
1001
ACAD_OBJECT_CHANGE_GUID
1070
     1
1071
-820042587
1070
 11040
1070
 18950
1070
   161
1070
   220
1070
   185
1070
    20
1070
    38
1070
   122
1070
   210
1070
    92
  0
HATCH
  5
27A
330
1F
100
AcDbEntity
  8
VIA_HOLES
 62
     7
100
AcDbHatch
 10
0.0
 20
0.0
 30
0.0
210
0.0
220
0.0
230
1.0
  2
SOLID
 70
     1
 71
     1
 91
        1
 92
        1
 93
        1
 72
     2
 10
11.8198265
 20
13.1898898
 40
0.1999996
 50
0.0
 51
360.0
 73
     1
 97
        1
330
279
 75
     0
 76
     1
 98
        0
  0
REGION
  5
27B
102
{ACAD_REACTORS
330
27C
102
}
330
1F
100
AcDbEntity
  8
VIA_HOLES
 62
     7
100
AcDbModelerGeometry
 70
     1
  1
noi nn n o 
  1
=0;& {rn {no {rn {rn |
  1
/061+ {rn nlqmifgminlffffffh noqigfggfhm o |
  1
):-+:' {rn {k {n |
  1
:336/,:r<*-): {rn nlqoifgmijlffffffg noqigfggfhm o o o n oqnfffffi o o n o o |
  1
:;8: {rn {m {m {j {l o |
  1
<0:;8: {rn {j {j {rn {k o {i {rn |
  1
300/ {rn {rn {j {g |
  1
/3>1:r,*-9><: {rn nmqfifgmihlffffffg noqigfggfhm o o o n rn o o o o o o o |
  1
9><: {rn {rn {i {f {rn {h o n o |
  1
,7:33 {rn {rn {rn {g {no |
  1
3*2/ {rn {rn {f {o |
  1
Z1;r09r^ \VLr;>+> 
1001
ACAD_OBJECT_CHANGE_GUID
1070
     1
1071
762597947
1070
 20472
1070
 17066
1070
   169
1070
    54
1070
   143
1070
   221
1070
    29
1070
   247
1070
   169
1070
   225
  0
HATCH
  5
27C
330
1F
100
AcDbEntity
  8
VIA_HOLES
 62
     7
100
AcDbHatch
 10
0.0
 20
0.0
 30
0.0
210
0.0
220
0.0
230
1.0
  2
SOLID
 70
     1
 71
     1
 91
        1
 92
        1
 93
        1
 72
     2
 10
13.06982654
 20
10.68988972
 40
0.1999996
 50
0.0
 51
360.0
 73
     1
 97
        1
330
27B
 75
     0
 76
     1
 98
        0
  0
REGION
  5
27D
102
{ACAD_REACTORS
330
27E
102
}
330
1F
100
AcDbEntity
  8
VIA_HOLES
 62
     7
100
AcDbModelerGeometry
 70
     1
  1
noi nn n o 
  1
=0;& {rn {no {rn {rn |
  1
/061+ {rn nmqonfgmin gqngfggfikoooooooj o |
  1
):-+:' {rn {k {n |
  1
:336/,:r<*-): {rn nnqgnfgmij gqngfggfikoooooooj o o o n oqnfffffi o o n o o |
  1
:;8: {rn {m {m {j {l o |
  1
<0:;8: {rn {j {j {rn {k o {i {rn |
  1
300/ {rn {rn {j {g |
  1
/3>1:r,*-9><: {rn nnqhnfgmiiffffffff gqngfggfikoooooooj o o o n rn o o o o o o o |
  1
9><: {rn {rn {i {f {rn {h o n o |
  1
,7:33 {rn {rn {rn {g {no |
  1
3*2/ {rn {rn {f {o |
  1
Z1;r09r^ \VLr;>+> 
1001
ACAD_OBJECT_CHANGE_GUID
1070
     1
1071
161962820
1070
 28160
1070
 17031
1070
   187
1070
   204
1070
     4
1070
   167
1070
    41
1070
   190
1070
    21
1070
   160
  0
HATCH
  5
27E
330
1F
100
AcDbEntity
  8
VIA_HOLES
 62
     7
100
AcDbHatch
 10
0.0
 20
0.0
 30
0.0
210
0.0
220
0.0
230
1.0
  2
SOLID
 70
     1
 71
     1
 91
        1
 92
        1
 93
        1
 72
     2
 10
11.8198265
 20
8.18988964
 40
0.1999996
 50
0.0
 51
360.0
 73
     1
 97
        1
330
27D
 75
     0
 76
     1
 98
        0
  0
REGION
  5
27F
102
{ACAD_REACTORS
330
280
102
}
330
1F
100
AcDbEntity
  8
VIA_HOLES
 62
     7
100
AcDbModelerGeometry
 70
     1
  1
noi nn n o 
  1
=0;& {rn {no {rn {rn |
  1
/061+ {rn nlqmifgminlffffffh jqigfggfjjfffffffm o |
  1
):-+:' {rn {k {n |
  1
:336/,:r<*-): {rn nlqoifgmijlffffffg jqigfggfjjfffffffm o o o n oqnfffffi o o n o o |
  1
:;8: {rn {m {m {j {l o |
  1
<0:;8: {rn {j {j {rn {k o {i {rn |
  1
300/ {rn {rn {j {g |
  1
/3>1:r,*-9><: {rn nmqfifgmihlffffffg jqigfggfjjfffffffm o o o n rn o o o o o o o |
  1
9><: {rn {rn {i {f {rn {h o n o |
  1
,7:33 {rn {rn {rn {g {no |
  1
3*2/ {rn {rn {f {o |
  1
Z1;r09r^ \VLr;>+> 
1001
ACAD_OBJECT_CHANGE_GUID
1070
     1
1071
-1560142405
1070
-27075
1070
 18859
1070
   188
1070
    38
1070
    95
1070
   158
1070
   253
1070
     6
1070
   228
1070
    51
  0
HATCH
  5
280
330
1F
100
AcDbEntity
  8
VIA_HOLES
 62
     7
100
AcDbHatch
 10
0.0
 20
0.0
 30
0.0
210
0.0
220
0.0
230
1.0
  2
SOLID
 70
     1
 71
     1
 91
        1
 92
        1
 93
        1
 72
     2
 10
13.06982654
 20
5.689889559999999
 40
0.1999996
 50
0.0
 51
360.0
 73
     1
 97
        1
330
27F
 75
     0
 76
     1
 98
        0
  0
REGION
  5
281
102
{ACAD_REACTORS
330
282
102
}
330
1F
100
AcDbEntity
  8
VIA_HOLES
 62
     7
100
AcDbModelerGeometry
 70
     1
  1
noi nn n o 
  1
=0;& {rn {no {rn {rn |
  1
/061+ {rn nmqonfgmin lqngfggfkgooooooom o |
  1
):-+:' {rn {k {n |
  1
:336/,:r<*-): {rn nnqgnfgmij lqngfggfkgooooooom o o o n oqnfffffi o o n o o |
  1
:;8: {rn {m {m {j {l o |
  1
<0:;8: {rn {j {j {rn {k o {i {rn |
  1
300/ {rn {rn {j {g |
  1
/3>1:r,*-9><: {rn nnqhnfgmiiffffffff lqngfggfkgooooooom o o o n rn o o o o o o o |
  1
9><: {rn {rn {i {f {rn {h o n o |
  1
,7:33 {rn {rn {rn {g {no |
  1
3*2/ {rn {rn {f {o |
  1
Z1;r09r^ \VLr;>+> 
1001
ACAD_OBJECT_CHANGE_GUID
1070
     1
1071
1650881942
1070
-31452
1070
 17537
1070
   140
1070
   170
1070
    70
1070
   160
1070
   189
1070
   146
1070
   197
1070
   105
  0
HATCH
  5
282
330
1F
100
AcDbEntity
  8
VIA_HOLES
 62
     7
100
AcDbHatch
 10
0.0
 20
0.0
 30
0.0
210
0.0
220
0.0
230
1.0
  2
SOLID
 70
     1
 71
     1
 91
        1
 92
        1
 93
        1
 72
     2
 10
11.8198265
 20
3.18988948
 40
0.1999996
 50
0.0
 51
360.0
 73
     1
 97
        1
330
281
 75
     0
 76
     1
 98
        0
  0
REGION
  5
283
102
{ACAD_REACTORS
330
284
102
}
330
1F
100
AcDbEntity
  8
VIA_HOLES
 62
     7
100
AcDbModelerGeometry
 70
     1
  1
noi nn n o 
  1
=0;& {rn {no {rn {rn |
  1
/061+ {rn fqjnfgmionffffffgm jgqngfgfnmlffffffk o |
  1
):-+:' {rn {k {n |
  1
:336/,:r<*-): {rn fqlnfgmiknffffffgl jgqngfgfnmlffffffk o o o n oqnfffffi o o n o o |
  1
:;8: {rn {m {m {j {l o |
  1
<0:;8: {rn {j {j {rn {k o {i {rn |
  1
300/ {rn {rn {j {g |
  1
/3>1:r,*-9><: {rn fqmnfgmiinfffffffm jgqngfgfnmlffffffk o o o n rn o o o o o o o |
  1
9><: {rn {rn {i {f {rn {h o n o |
  1
,7:33 {rn {rn {rn {g {no |
  1
3*2/ {rn {rn {f {o |
  1
Z1;r09r^ \VLr;>+> 
1001
ACAD_OBJECT_CHANGE_GUID
1070
     1
1071
 18534691
1070
-32353
1070
 16989
1070
   179
1070
    70
1070
   239
1070
    22
1070
     1
1070
   121
1070
   106
1070
   195
  0
HATCH
  5
284
330
1F
100
AcDbEntity
  8
VIA_HOLES
 62
     7
100
AcDbHatch
 10
0.0
 20
0.0
 30
0.0
210
0.0
220
0.0
230
1.0
  2
SOLID
 70
     1
 71
     1
 91
        1
 92
        1
 93
        1
 72
     2
 10
9.319826419999998
 20
58.18989123999999
 40
0.1999996
 50
0.0
 51
360.0
 73
     1
 97
        1
330
283
 75
     0
 76
     1
 98
        0
  0
REGION
  5
285
102
{ACAD_REACTORS
330
286
102
}
330
1F
100
AcDbEntity
  8
VIA_HOLES
 62
     7
100
AcDbModelerGeometry
 70
     1
  1
noi nn n o 
  1
=0;& {rn {no {rn {rn |
  1
/061+ {rn noqhifgmiojffffffg jjqigfgfnnjffffffj o |
  1
):-+:' {rn {k {n |
  1
:336/,:r<*-): {rn noqjifgmikjffffffg jjqigfgfnnjffffffj o o o n oqnfffffi o o n o o |
  1
:;8: {rn {m {m {j {l o |
  1
<0:;8: {rn {j {j {rn {k o {i {rn |
  1
300/ {rn {rn {j {g |
  1
/3>1:r,*-9><: {rn noqkifgmiijfffffff jjqigfgfnnjffffffj o o o n rn o o o o o o o |
  1
9><: {rn {rn {i {f {rn {h o n o |
  1
,7:33 {rn {rn {rn {g {no |
  1
3*2/ {rn {rn {f {o |
  1
Z1;r09r^ \VLr;>+> 
1001
ACAD_OBJECT_CHANGE_GUID
1070
     1
1071
-908098400
1070
  7726
1070
 18533
1070
   141
1070
   125
1070
   173
1070
    15
1070
    92
1070
   172
1070
   224
1070
   208
  0
HATCH
  5
286
330
1F
100
AcDbEntity
  8
VIA_HOLES
 62
     7
100
AcDbHatch
 10
0.0
 20
0.0
 30
0.0
210
0.0
220
0.0
230
1.0
  2
SOLID
 70
     1
 71
     1
 91
        1
 92
        1
 93
        1
 72
     2
 10
10.56982646
 20
55.68989115999999
 40
0.1999996
 50
0.0
 51
360.0
 73
     1
 97
        1
330
285
 75
     0
 76
     1
 98
        0
  0
REGION
  5
287
102
{ACAD_REACTORS
330
288
102
}
330
1F
100
AcDbEntity
  8
VIA_HOLES
 62
     7
100
AcDbModelerGeometry
 70
     1
  1
noi nn n o 
  1
=0;& {rn {no {rn {rn |
  1
/061+ {rn fqjnfgmionffffffgm jlqngfgfnogoooooom o |
  1
):-+:' {rn {k {n |
  1
:336/,:r<*-): {rn fqlnfgmiknffffffgl jlqngfgfnogoooooom o o o n oqnfffffi o o n o o |
  1
:;8: {rn {m {m {j {l o |
  1
<0:;8: {rn {j {j {rn {k o {i {rn |
  1
300/ {rn {rn {j {g |
  1
/3>1:r,*-9><: {rn fqmnfgmiinfffffffm jlqngfgfnogoooooom o o o n rn o o o o o o o |
  1
9><: {rn {rn {i {f {rn {h o n o |
  1
,7:33 {rn {rn {rn {g {no |
  1
3*2/ {rn {rn {f {o |
  1
Z1;r09r^ \VLr;>+> 
1001
ACAD_OBJECT_CHANGE_GUID
1070
     1
1071
844973403
1070
 12742
1070
 19377
1070
   178
1070
   251
1070
   217
1070
   123
1070
    38
1070
   255
1070
    41
1070
   166
  0
HATCH
  5
288
330
1F
100
AcDbEntity
  8
VIA_HOLES
 62
     7
100
AcDbHatch
 10
0.0
 20
0.0
 30
0.0
210
0.0
220
0.0
230
1.0
  2
SOLID
 70
     1
 71
     1
 91
        1
 92
        1
 93
        1
 72
     2
 10
9.319826419999998
 20
53.18989108
 40
0.1999996
 50
0.0
 51
360.0
 73
     1
 97
        1
330
287
 75
     0
 76
     1
 98
        0
  0
REGION
  5
289
102
{ACAD_REACTORS
330
28A
102
}
330
1F
100
AcDbEntity
  8
VIA_HOLES
 62
     7
100
AcDbModelerGeometry
 70
     1
  1
noi nn n o 
  1
=0;& {rn {no {rn {rn |
  1
/061+ {rn noqhifgmiojffffffg joqigfgfoffffffffi o |
  1
):-+:' {rn {k {n |
  1
:336/,:r<*-): {rn noqjifgmikjffffffg joqigfgfoffffffffi o o o n oqnfffffi o o n o o |
  1
:;8: {rn {m {m {j {l o |
  1
<0:;8: {rn {j {j {rn {k o {i {rn |
  1
300/ {rn {rn {j {g |
  1
/3>1:r,*-9><: {rn noqkifgmiijfffffff joqigfgfoffffffffi o o o n rn o o o o o o o |
  1
9><: {rn {rn {i {f {rn {h o n o |
  1
,7:33 {rn {rn {rn {g {no |
  1
3*2/ {rn {rn {f {o |
  1
Z1;r09r^ \VLr;>+> 
1001
ACAD_OBJECT_CHANGE_GUID
1070
     1
1071
1526534524
1070
 21871
1070
 17156
1070
   128
1070
   197
1070
    94
1070
   150
1070
    31
1070
   160
1070
    72
1070
   193
  0
HATCH
  5
28A
330
1F
100
AcDbEntity
  8
VIA_HOLES
 62
     7
100
AcDbHatch
 10
0.0
 20
0.0
 30
0.0
210
0.0
220
0.0
230
1.0
  2
SOLID
 70
     1
 71
     1
 91
        1
 92
        1
 93
        1
 72
     2
 10
10.56982646
 20
50.689891
 40
0.1999996
 50
0.0
 51
360.0
 73
     1
 97
        1
330
289
 75
     0
 76
     1
 98
        0
  0
REGION
  5
28B
102
{ACAD_REACTORS
330
28C
102
}
330
1F
100
AcDbEntity
  8
VIA_HOLES
 62
     7
100
AcDbModelerGeometry
 70
     1
  1
noi nn n o 
  1
=0;& {rn {no {rn {rn |
  1
/061+ {rn fqjnfgmionffffffgm kgqngfgfofnffffffi o |
  1
):-+:' {rn {k {n |
  1
:336/,:r<*-): {rn fqlnfgmiknffffffgl kgqngfgfofnffffffi o o o n oqnfffffi o o n o o |
  1
:;8: {rn {m {m {j {l o |
  1
<0:;8: {rn {j {j {rn {k o {i {rn |
  1
300/ {rn {rn {j {g |
  1
/3>1:r,*-9><: {rn fqmnfgmiinfffffffm kgqngfgfofnffffffi o o o n rn o o o o o o o |
  1
9><: {rn {rn {i {f {rn {h o n o |
  1
,7:33 {rn {rn {rn {g {no |
  1
3*2/ {rn {rn {f {o |
  1
Z1;r09r^ \VLr;>+> 
1001
ACAD_OBJECT_CHANGE_GUID
1070
     1
1071
-1857626058
1070
-23050
1070
 19681
1070
   148
1070
    59
1070
   163
1070
   211
1070
    46
1070
   246
1070
     8
1070
    20
  0
HATCH
  5
28C
330
1F
100
AcDbEntity
  8
VIA_HOLES
 62
     7
100
AcDbHatch
 10
0.0
 20
0.0
 30
0.0
210
0.0
220
0.0
230
1.0
  2
SOLID
 70
     1
 71
     1
 91
        1
 92
        1
 93
        1
 72
     2
 10
9.319826419999998
 20
48.18989092
 40
0.1999996
 50
0.0
 51
360.0
 73
     1
 97
        1
330
28B
 75
     0
 76
     1
 98
        0
  0
REGION
  5
28D
102
{ACAD_REACTORS
330
28E
102
}
330
1F
100
AcDbEntity
  8
VIA_HOLES
 62
     7
100
AcDbModelerGeometry
 70
     1
  1
noi nn n o 
  1
=0;& {rn {no {rn {rn |
  1
/061+ {rn noqhifgmiojffffffg njqigfggfggoooooon o |
  1
):-+:' {rn {k {n |
  1
:336/,:r<*-): {rn noqjifgmikjffffffg njqigfggfggoooooon o o o n oqnfffffi o o n o o |
  1
:;8: {rn {m {m {j {l o |
  1
<0:;8: {rn {j {j {rn {k o {i {rn |
  1
300/ {rn {rn {j {g |
  1
/3>1:r,*-9><: {rn noqkifgmiijfffffff njqigfggfggoooooon o o o n rn o o o o o o o |
  1
9><: {rn {rn {i {f {rn {h o n o |
  1
,7:33 {rn {rn {rn {g {no |
  1
3*2/ {rn {rn {f {o |
  1
Z1;r09r^ \VLr;>+> 
1001
ACAD_OBJECT_CHANGE_GUID
1070
     1
1071
1957715249
1070
 20097
1070
 20305
1070
   159
1070
   217
1070
    81
1070
    60
1070
   136
1070
   126
1070
   164
1070
   218
  0
HATCH
  5
28E
330
1F
100
AcDbEntity
  8
VIA_HOLES
 62
     7
100
AcDbHatch
 10
0.0
 20
0.0
 30
0.0
210
0.0
220
0.0
230
1.0
  2
SOLID
 70
     1
 71
     1
 91
        1
 92
        1
 93
        1
 72
     2
 10
10.56982646
 20
15.68988988
 40
0.1999996
 50
0.0
 51
360.0
 73
     1
 97
        1
330
28D
 75
     0
 76
     1
 98
        0
  0
REGION
  5
28F
102
{ACAD_REACTORS
330
290
102
}
330
1F
100
AcDbEntity
  8
VIA_HOLES
 62
     7
100
AcDbModelerGeometry
 70
     1
  1
noi nn n o 
  1
=0;& {rn {no {rn {rn |
  1
/061+ {rn fqjnfgmionffffffgm nlqngfggfgooooooon o |
  1
):-+:' {rn {k {n |
  1
:336/,:r<*-): {rn fqlnfgmiknffffffgl nlqngfggfgooooooon o o o n oqnfffffi o o n o o |
  1
:;8: {rn {m {m {j {l o |
  1
<0:;8: {rn {j {j {rn {k o {i {rn |
  1
300/ {rn {rn {j {g |
  1
/3>1:r,*-9><: {rn fqmnfgmiinfffffffm nlqngfggfgooooooon o o o n rn o o o o o o o |
  1
9><: {rn {rn {i {f {rn {h o n o |
  1
,7:33 {rn {rn {rn {g {no |
  1
3*2/ {rn {rn {f {o |
  1
Z1;r09r^ \VLr;>+> 
1001
ACAD_OBJECT_CHANGE_GUID
1070
     1
1071
506402367
1070
 -9166
1070
 17429
1070
   175
1070
    65
1070
   185
1070
   156
1070
    83
1070
    27
1070
   236
1070
     6
  0
HATCH
  5
290
330
1F
100
AcDbEntity
  8
VIA_HOLES
 62
     7
100
AcDbHatch
 10
0.0
 20
0.0
 30
0.0
210
0.0
220
0.0
230
1.0
  2
SOLID
 70
     1
 71
     1
 91
        1
 92
        1
 93
        1
 72
     2
 10
9.319826419999998
 20
13.1898898
 40
0.1999996
 50
0.0
 51
360.0
 73
     1
 97
        1
330
28F
 75
     0
 76
     1
 98
        0
  0
REGION
  5
291
102
{ACAD_REACTORS
330
292
102
}
330
1F
100
AcDbEntity
  8
VIA_HOLES
 62
     7
100
AcDbModelerGeometry
 70
     1
  1
noi nn n o 
  1
=0;& {rn {no {rn {rn |
  1
/061+ {rn noqhifgmiojffffffg noqigfggfhm o |
  1
):-+:' {rn {k {n |
  1
:336/,:r<*-): {rn noqjifgmikjffffffg noqigfggfhm o o o n oqnfffffi o o n o o |
  1
:;8: {rn {m {m {j {l o |
  1
<0:;8: {rn {j {j {rn {k o {i {rn |
  1
300/ {rn {rn {j {g |
  1
/3>1:r,*-9><: {rn noqkifgmiijfffffff noqigfggfhm o o o n rn o o o o o o o |
  1
9><: {rn {rn {i {f {rn {h o n o |
  1
,7:33 {rn {rn {rn {g {no |
  1
3*2/ {rn {rn {f {o |
  1
Z1;r09r^ \VLr;>+> 
1001
ACAD_OBJECT_CHANGE_GUID
1070
     1
1071
-2008911053
1070
 -4230
1070
 19566
1070
   174
1070
   185
1070
   198
1070
   186
1070
    25
1070
    52
1070
    27
1070
   227
  0
HATCH
  5
292
330
1F
100
AcDbEntity
  8
VIA_HOLES
 62
     7
100
AcDbHatch
 10
0.0
 20
0.0
 30
0.0
210
0.0
220
0.0
230
1.0
  2
SOLID
 70
     1
 71
     1
 91
        1
 92
        1
 93
        1
 72
     2
 10
10.56982646
 20
10.68988972
 40
0.1999996
 50
0.0
 51
360.0
 73
     1
 97
        1
330
291
 75
     0
 76
     1
 98
        0
  0
REGION
  5
293
102
{ACAD_REACTORS
330
294
102
}
330
1F
100
AcDbEntity
  8
VIA_HOLES
 62
     7
100
AcDbModelerGeometry
 70
     1
  1
noi nn n o 
  1
=0;& {rn {no {rn {rn |
  1
/061+ {rn fqjnfgmionffffffgm gqngfggfikoooooooj o |
  1
):-+:' {rn {k {n |
  1
:336/,:r<*-): {rn fqlnfgmiknffffffgl gqngfggfikoooooooj o o o n oqnfffffi o o n o o |
  1
:;8: {rn {m {m {j {l o |
  1
<0:;8: {rn {j {j {rn {k o {i {rn |
  1
300/ {rn {rn {j {g |
  1
/3>1:r,*-9><: {rn fqmnfgmiinfffffffm gqngfggfikoooooooj o o o n rn o o o o o o o |
  1
9><: {rn {rn {i {f {rn {h o n o |
  1
,7:33 {rn {rn {rn {g {no |
  1
3*2/ {rn {rn {f {o |
  1
Z1;r09r^ \VLr;>+> 
1001
ACAD_OBJECT_CHANGE_GUID
1070
     1
1071
1162986184
1070
 10072
1070
 17687
1070
   169
1070
   197
1070
   186
1070
    36
1070
    24
1070
     1
1070
   214
1070
   183
  0
HATCH
  5
294
330
1F
100
AcDbEntity
  8
VIA_HOLES
 62
     7
100
AcDbHatch
 10
0.0
 20
0.0
 30
0.0
210
0.0
220
0.0
230
1.0
  2
SOLID
 70
     1
 71
     1
 91
        1
 92
        1
 93
        1
 72
     2
 10
9.319826419999998
 20
8.18988964
 40
0.1999996
 50
0.0
 51
360.0
 73
     1
 97
        1
330
293
 75
     0
 76
     1
 98
        0
  0
REGION
  5
295
102
{ACAD_REACTORS
330
296
102
}
330
1F
100
AcDbEntity
  8
VIA_HOLES
 62
     7
100
AcDbModelerGeometry
 70
     1
  1
noi nn n o 
  1
=0;& {rn {no {rn {rn |
  1
/061+ {rn noqhifgmiojffffffg jqigfggfjjfffffffm o |
  1
):-+:' {rn {k {n |
  1
:336/,:r<*-): {rn noqjifgmikjffffffg jqigfggfjjfffffffm o o o n oqnfffffi o o n o o |
  1
:;8: {rn {m {m {j {l o |
  1
<0:;8: {rn {j {j {rn {k o {i {rn |
  1
300/ {rn {rn {j {g |
  1
/3>1:r,*-9><: {rn noqkifgmiijfffffff jqigfggfjjfffffffm o o o n rn o o o o o o o |
  1
9><: {rn {rn {i {f {rn {h o n o |
  1
,7:33 {rn {rn {rn {g {no |
  1
3*2/ {rn {rn {f {o |
  1
Z1;r09r^ \VLr;>+> 
1001
ACAD_OBJECT_CHANGE_GUID
1070
     1
1071
-2017194654
1070
  5492
1070
 18963
1070
   160
1070
    74
1070
    46
1070
   135
1070
   136
1070
    32
1070
   237
1070
    51
  0
HATCH
  5
296
330
1F
100
AcDbEntity
  8
VIA_HOLES
 62
     7
100
AcDbHatch
 10
0.0
 20
0.0
 30
0.0
210
0.0
220
0.0
230
1.0
  2
SOLID
 70
     1
 71
     1
 91
        1
 92
        1
 93
        1
 72
     2
 10
10.56982646
 20
5.689889559999999
 40
0.1999996
 50
0.0
 51
360.0
 73
     1
 97
        1
330
295
 75
     0
 76
     1
 98
        0
  0
REGION
  5
297
102
{ACAD_REACTORS
330
298
102
}
330
1F
100
AcDbEntity
  8
VIA_HOLES
 62
     7
100
AcDbModelerGeometry
 70
     1
  1
noi nn n o 
  1
=0;& {rn {no {rn {rn |
  1
/061+ {rn fqjnfgmionffffffgm lqngfggfkgooooooom o |
  1
):-+:' {rn {k {n |
  1
:336/,:r<*-): {rn fqlnfgmiknffffffgl lqngfggfkgooooooom o o o n oqnfffffi o o n o o |
  1
:;8: {rn {m {m {j {l o |
  1
<0:;8: {rn {j {j {rn {k o {i {rn |
  1
300/ {rn {rn {j {g |
  1
/3>1:r,*-9><: {rn fqmnfgmiinfffffffm lqngfggfkgooooooom o o o n rn o o o o o o o |
  1
9><: {rn {rn {i {f {rn {h o n o |
  1
,7:33 {rn {rn {rn {g {no |
  1
3*2/ {rn {rn {f {o |
  1
Z1;r09r^ \VLr;>+> 
1001
ACAD_OBJECT_CHANGE_GUID
1070
     1
1071
723556542
1070
 29652
1070
 20147
1070
   130
1070
   161
1070
   156
1070
    35
1070
   240
1070
   109
1070
   137
1070
    51
  0
HATCH
  5
298
330
1F
100
AcDbEntity
  8
VIA_HOLES
 62
     7
100
AcDbHatch
 10
0.0
 20
0.0
 30
0.0
210
0.0
220
0.0
230
1.0
  2
SOLID
 70
     1
 71
     1
 91
        1
 92
        1
 93
        1
 72
     2
 10
9.319826419999998
 20
3.18988948
 40
0.1999996
 50
0.0
 51
360.0
 73
     1
 97
        1
330
297
 75
     0
 76
     1
 98
        0
  0
REGION
  5
299
102
{ACAD_REACTORS
330
29A
102
}
330
1F
100
AcDbEntity
  8
VIA_HOLES
 62
     7
100
AcDbModelerGeometry
 70
     1
  1
noi nn n o 
  1
=0;& {rn {no {rn {rn |
  1
/061+ {rn gqmifgmjfhffffffgj joqigfgfoffffffffi o |
  1
):-+:' {rn {k {n |
  1
:336/,:r<*-): {rn gqoifgmilhffffffgj joqigfgfoffffffffi o o o n oqnfffffi o o n o o |
  1
:;8: {rn {m {m {j {l o |
  1
<0:;8: {rn {j {j {rn {k o {i {rn |
  1
300/ {rn {rn {j {g |
  1
/3>1:r,*-9><: {rn hqfifgmijhffffffgi joqigfgfoffffffffi o o o n rn o o o o o o o |
  1
9><: {rn {rn {i {f {rn {h o n o |
  1
,7:33 {rn {rn {rn {g {no |
  1
3*2/ {rn {rn {f {o |
  1
Z1;r09r^ \VLr;>+> 
1001
ACAD_OBJECT_CHANGE_GUID
1070
     1
1071
688103282
1070
 32306
1070
 18230
1070
   190
1070
   176
1070
   237
1070
    91
1070
    28
1070
   209
1070
   212
1070
    19
  0
HATCH
  5
29A
330
1F
100
AcDbEntity
  8
VIA_HOLES
 62
     7
100
AcDbHatch
 10
0.0
 20
0.0
 30
0.0
210
0.0
220
0.0
230
1.0
  2
SOLID
 70
     1
 71
     1
 91
        1
 92
        1
 93
        1
 72
     2
 10
8.069826379999999
 20
50.689891
 40
0.1999996
 50
0.0
 51
360.0
 73
     1
 97
        1
330
299
 75
     0
 76
     1
 98
        0
  0
REGION
  5
29B
102
{ACAD_REACTORS
330
29C
102
}
330
1F
100
AcDbEntity
  8
VIA_HOLES
 62
     7
100
AcDbModelerGeometry
 70
     1
  1
noi nn n o 
  1
=0;& {rn {no {rn {rn |
  1
/061+ {rn hqonfgmjflfffffffi kgqngfgfofnffffffi o |
  1
):-+:' {rn {k {n |
  1
:336/,:r<*-): {rn iqgnfgmillfffffffh kgqngfgfofnffffffi o o o n oqnfffffi o o n o o |
  1
:;8: {rn {m {m {j {l o |
  1
<0:;8: {rn {j {j {rn {k o {i {rn |
  1
300/ {rn {rn {j {g |
  1
/3>1:r,*-9><: {rn iqhnfgmijlfffffffh kgqngfgfofnffffffi o o o n rn o o o o o o o |
  1
9><: {rn {rn {i {f {rn {h o n o |
  1
,7:33 {rn {rn {rn {g {no |
  1
3*2/ {rn {rn {f {o |
  1
Z1;r09r^ \VLr;>+> 
1001
ACAD_OBJECT_CHANGE_GUID
1070
     1
1071
-1248848381
1070
-21694
1070
 17923
1070
   182
1070
   231
1070
    44
1070
    62
1070
   133
1070
   162
1070
   163
1070
     2
  0
HATCH
  5
29C
330
1F
100
AcDbEntity
  8
VIA_HOLES
 62
     7
100
AcDbHatch
 10
0.0
 20
0.0
 30
0.0
210
0.0
220
0.0
230
1.0
  2
SOLID
 70
     1
 71
     1
 91
        1
 92
        1
 93
        1
 72
     2
 10
6.81982634
 20
48.18989092
 40
0.1999996
 50
0.0
 51
360.0
 73
     1
 97
        1
330
29B
 75
     0
 76
     1
 98
        0
  0
REGION
  5
29D
102
{ACAD_REACTORS
330
29E
102
}
330
1F
100
AcDbEntity
  8
VIA_HOLES
 62
     7
100
AcDbModelerGeometry
 70
     1
  1
noi nn n o 
  1
=0;& {rn {no {rn {rn |
  1
/061+ {rn gqmifgmjfhffffffgj njqigfggfggoooooon o |
  1
):-+:' {rn {k {n |
  1
:336/,:r<*-): {rn gqoifgmilhffffffgj njqigfggfggoooooon o o o n oqnfffffi o o n o o |
  1
:;8: {rn {m {m {j {l o |
  1
<0:;8: {rn {j {j {rn {k o {i {rn |
  1
300/ {rn {rn {j {g |
  1
/3>1:r,*-9><: {rn hqfifgmijhffffffgi njqigfggfggoooooon o o o n rn o o o o o o o |
  1
9><: {rn {rn {i {f {rn {h o n o |
  1
,7:33 {rn {rn {rn {g {no |
  1
3*2/ {rn {rn {f {o |
  1
Z1;r09r^ \VLr;>+> 
1001
ACAD_OBJECT_CHANGE_GUID
1070
     1
1071
1318595329
1070
-18479
1070
 19553
1070
   147
1070
   118
1070
   148
1070
    55
1070
   203
1070
   106
1070
     4
1070
    87
  0
HATCH
  5
29E
330
1F
100
AcDbEntity
  8
VIA_HOLES
 62
     7
100
AcDbHatch
 10
0.0
 20
0.0
 30
0.0
210
0.0
220
0.0
230
1.0
  2
SOLID
 70
     1
 71
     1
 91
        1
 92
        1
 93
        1
 72
     2
 10
8.069826379999999
 20
15.68988988
 40
0.1999996
 50
0.0
 51
360.0
 73
     1
 97
        1
330
29D
 75
     0
 76
     1
 98
        0
  0
REGION
  5
29F
102
{ACAD_REACTORS
330
2A0
102
}
330
1F
100
AcDbEntity
  8
VIA_HOLES
 62
     7
100
AcDbModelerGeometry
 70
     1
  1
noi nn n o 
  1
=0;& {rn {no {rn {rn |
  1
/061+ {rn hqonfgmjflfffffffi nlqngfggfgooooooon o |
  1
):-+:' {rn {k {n |
  1
:336/,:r<*-): {rn iqgnfgmillfffffffh nlqngfggfgooooooon o o o n oqnfffffi o o n o o |
  1
:;8: {rn {m {m {j {l o |
  1
<0:;8: {rn {j {j {rn {k o {i {rn |
  1
300/ {rn {rn {j {g |
  1
/3>1:r,*-9><: {rn iqhnfgmijlfffffffh nlqngfggfgooooooon o o o n rn o o o o o o o |
  1
9><: {rn {rn {i {f {rn {h o n o |
  1
,7:33 {rn {rn {rn {g {no |
  1
3*2/ {rn {rn {f {o |
  1
Z1;r09r^ \VLr;>+> 
1001
ACAD_OBJECT_CHANGE_GUID
1070
     1
1071
-410905839
1070
 29513
1070
 17490
1070
   131
1070
    58
1070
   232
1070
   241
1070
    18
1070
   107
1070
    83
1070
   155
  0
HATCH
  5
2A0
330
1F
100
AcDbEntity
  8
VIA_HOLES
 62
     7
100
AcDbHatch
 10
0.0
 20
0.0
 30
0.0
210
0.0
220
0.0
230
1.0
  2
SOLID
 70
     1
 71
     1
 91
        1
 92
        1
 93
        1
 72
     2
 10
6.81982634
 20
13.1898898
 40
0.1999996
 50
0.0
 51
360.0
 73
     1
 97
        1
330
29F
 75
     0
 76
     1
 98
        0
  0
REGION
  5
2A1
102
{ACAD_REACTORS
330
2A2
102
}
330
1F
100
AcDbEntity
  8
VIA_HOLES
 62
     7
100
AcDbModelerGeometry
 70
     1
  1
noi nn n o 
  1
=0;& {rn {no {rn {rn |
  1
/061+ {rn gqmifgmjfhffffffgj noqigfggfhm o |
  1
):-+:' {rn {k {n |
  1
:336/,:r<*-): {rn gqoifgmilhffffffgj noqigfggfhm o o o n oqnfffffi o o n o o |
  1
:;8: {rn {m {m {j {l o |
  1
<0:;8: {rn {j {j {rn {k o {i {rn |
  1
300/ {rn {rn {j {g |
  1
/3>1:r,*-9><: {rn hqfifgmijhffffffgi noqigfggfhm o o o n rn o o o o o o o |
  1
9><: {rn {rn {i {f {rn {h o n o |
  1
,7:33 {rn {rn {rn {g {no |
  1
3*2/ {rn {rn {f {o |
  1
Z1;r09r^ \VLr;>+> 
1001
ACAD_OBJECT_CHANGE_GUID
1070
     1
1071
301727472
1070
 15046
1070
 17473
1070
   183
1070
   126
1070
   126
1070
    44
1070
   131
1070
    75
1070
    51
1070
   191
  0
HATCH
  5
2A2
330
1F
100
AcDbEntity
  8
VIA_HOLES
 62
     7
100
AcDbHatch
 10
0.0
 20
0.0
 30
0.0
210
0.0
220
0.0
230
1.0
  2
SOLID
 70
     1
 71
     1
 91
        1
 92
        1
 93
        1
 72
     2
 10
8.069826379999999
 20
10.68988972
 40
0.1999996
 50
0.0
 51
360.0
 73
     1
 97
        1
330
2A1
 75
     0
 76
     1
 98
        0
  0
REGION
  5
2A3
102
{ACAD_REACTORS
330
2A4
102
}
330
1F
100
AcDbEntity
  8
VIA_HOLES
 62
     7
100
AcDbModelerGeometry
 70
     1
  1
noi nn n o 
  1
=0;& {rn {no {rn {rn |
  1
/061+ {rn jqhifgmjgffffffffg joqigfgfoffffffffi o |
  1
):-+:' {rn {k {n |
  1
:336/,:r<*-): {rn jqjifgmimfffffffff joqigfgfoffffffffi o o o n oqnfffffi o o n o o |
  1
:;8: {rn {m {m {j {l o |
  1
<0:;8: {rn {j {j {rn {k o {i {rn |
  1
300/ {rn {rn {j {g |
  1
/3>1:r,*-9><: {rn jqkifgmikfffffffff joqigfgfoffffffffi o o o n rn o o o o o o o |
  1
9><: {rn {rn {i {f {rn {h o n o |
  1
,7:33 {rn {rn {rn {g {no |
  1
3*2/ {rn {rn {f {o |
  1
Z1;r09r^ \VLr;>+> 
1001
ACAD_OBJECT_CHANGE_GUID
1070
     1
1071
-415644511
1070
 24213
1070
 17929
1070
   138
1070
   215
1070
   185
1070
   109
1070
   147
1070
     3
1070
    80
1070
   236
  0
HATCH
  5
2A4
330
1F
100
AcDbEntity
  8
VIA_HOLES
 62
     7
100
AcDbHatch
 10
0.0
 20
0.0
 30
0.0
210
0.0
220
0.0
230
1.0
  2
SOLID
 70
     1
 71
     1
 91
        1
 92
        1
 93
        1
 72
     2
 10
5.5698263
 20
50.689891
 40
0.1999996
 50
0.0
 51
360.0
 73
     1
 97
        1
330
2A3
 75
     0
 76
     1
 98
        0
  0
REGION
  5
2A5
102
{ACAD_REACTORS
330
2A6
102
}
330
1F
100
AcDbEntity
  8
VIA_HOLES
 62
     7
100
AcDbModelerGeometry
 70
     1
  1
noi nn n o 
  1
=0;& {rn {no {rn {rn |
  1
/061+ {rn jqhifgmjgffffffffg njqigfggfggoooooon o |
  1
):-+:' {rn {k {n |
  1
:336/,:r<*-): {rn jqjifgmimfffffffff njqigfggfggoooooon o o o n oqnfffffi o o n o o |
  1
:;8: {rn {m {m {j {l o |
  1
<0:;8: {rn {j {j {rn {k o {i {rn |
  1
300/ {rn {rn {j {g |
  1
/3>1:r,*-9><: {rn jqkifgmikfffffffff njqigfggfggoooooon o o o n rn o o o o o o o |
  1
9><: {rn {rn {i {f {rn {h o n o |
  1
,7:33 {rn {rn {rn {g {no |
  1
3*2/ {rn {rn {f {o |
  1
Z1;r09r^ \VLr;>+> 
1001
ACAD_OBJECT_CHANGE_GUID
1070
     1
1071
-1780519891
1070
  9029
1070
 17084
1070
   153
1070
   101
1070
    16
1070
    68
1070
    68
1070
   172
1070
    13
1070
   148
  0
HATCH
  5
2A6
330
1F
100
AcDbEntity
  8
VIA_HOLES
 62
     7
100
AcDbHatch
 10
0.0
 20
0.0
 30
0.0
210
0.0
220
0.0
230
1.0
  2
SOLID
 70
     1
 71
     1
 91
        1
 92
        1
 93
        1
 72
     2
 10
5.5698263
 20
15.68988988
 40
0.1999996
 50
0.0
 51
360.0
 73
     1
 97
        1
330
2A5
 75
     0
 76
     1
 98
        0
  0
REGION
  5
2A7
102
{ACAD_REACTORS
330
2A8
102
}
330
1F
100
AcDbEntity
  8
VIA_HOLES
 62
     7
100
AcDbModelerGeometry
 70
     1
  1
noi nn n o 
  1
=0;& {rn {no {rn {rn |
  1
/061+ {rn kqjnfgmjgiooooooon nlqngfggfgooooooon o |
  1
):-+:' {rn {k {n |
  1
:336/,:r<*-): {rn kqlnfgmimiooooooon nlqngfggfgooooooon o o o n oqnfffffi o o n o o |
  1
:;8: {rn {m {m {j {l o |
  1
<0:;8: {rn {j {j {rn {k o {i {rn |
  1
300/ {rn {rn {j {g |
  1
/3>1:r,*-9><: {rn kqmnfgmikiooooooom nlqngfggfgooooooon o o o n rn o o o o o o o |
  1
9><: {rn {rn {i {f {rn {h o n o |
  1
,7:33 {rn {rn {rn {g {no |
  1
3*2/ {rn {rn {f {o |
  1
Z1;r09r^ \VLr;>+> 
1001
ACAD_OBJECT_CHANGE_GUID
1070
     1
1071
 80859999
1070
-32220
1070
 18558
1070
   139
1070
   183
1070
   107
1070
    41
1070
    97
1070
   161
1070
    40
1070
     2
  0
HATCH
  5
2A8
330
1F
100
AcDbEntity
  8
VIA_HOLES
 62
     7
100
AcDbHatch
 10
0.0
 20
0.0
 30
0.0
210
0.0
220
0.0
230
1.0
  2
SOLID
 70
     1
 71
     1
 91
        1
 92
        1
 93
        1
 72
     2
 10
4.31982626
 20
13.1898898
 40
0.1999996
 50
0.0
 51
360.0
 73
     1
 97
        1
330
2A7
 75
     0
 76
     1
 98
        0
  0
REGION
  5
2A9
102
{ACAD_REACTORS
330
2AA
102
}
330
1F
100
AcDbEntity
  8
VIA_HOLES
 62
     7
100
AcDbModelerGeometry
 70
     1
  1
noi nn n o 
  1
=0;& {rn {no {rn {rn |
  1
/061+ {rn jqhifgmjgffffffffg noqigfggfhm o |
  1
):-+:' {rn {k {n |
  1
:336/,:r<*-): {rn jqjifgmimfffffffff noqigfggfhm o o o n oqnfffffi o o n o o |
  1
:;8: {rn {m {m {j {l o |
  1
<0:;8: {rn {j {j {rn {k o {i {rn |
  1
300/ {rn {rn {j {g |
  1
/3>1:r,*-9><: {rn jqkifgmikfffffffff noqigfggfhm o o o n rn o o o o o o o |
  1
9><: {rn {rn {i {f {rn {h o n o |
  1
,7:33 {rn {rn {rn {g {no |
  1
3*2/ {rn {rn {f {o |
  1
Z1;r09r^ \VLr;>+> 
1001
ACAD_OBJECT_CHANGE_GUID
1070
     1
1071
-1403271930
1070
-30360
1070
 19657
1070
   166
1070
    23
1070
   192
1070
   155
1070
    42
1070
    11
1070
    22
1070
   250
  0
HATCH
  5
2AA
330
1F
100
AcDbEntity
  8
VIA_HOLES
 62
     7
100
AcDbHatch
 10
0.0
 20
0.0
 30
0.0
210
0.0
220
0.0
230
1.0
  2
SOLID
 70
     1
 71
     1
 91
        1
 92
        1
 93
        1
 72
     2
 10
5.5698263
 20
10.68988972
 40
0.1999996
 50
0.0
 51
360.0
 73
     1
 97
        1
330
2A9
 75
     0
 76
     1
 98
        0
  0
REGION
  5
2AB
102
{ACAD_REACTORS
330
2AC
102
}
330
1F
100
AcDbEntity
  8
VIA_HOLES
 62
     7
100
AcDbModelerGeometry
 70
     1
  1
noi nn n o 
  1
=0;& {rn {no {rn {rn |
  1
/061+ {rn mqonfgmjhhfffffffh jgqngfgfnmlffffffk o |
  1
):-+:' {rn {k {n |
  1
:336/,:r<*-): {rn nqgnfgminhfffffffh jgqngfgfnmlffffffk o o o n oqnfffffi o o n o o |
  1
:;8: {rn {m {m {j {l o |
  1
<0:;8: {rn {j {j {rn {k o {i {rn |
  1
300/ {rn {rn {j {g |
  1
/3>1:r,*-9><: {rn nqhnfgmilhfffffffg jgqngfgfnmlffffffk o o o n rn o o o o o o o |
  1
9><: {rn {rn {i {f {rn {h o n o |
  1
,7:33 {rn {rn {rn {g {no |
  1
3*2/ {rn {rn {f {o |
  1
Z1;r09r^ \VLr;>+> 
1001
ACAD_OBJECT_CHANGE_GUID
1070
     1
1071
-122891186
1070
  2652
1070
 18096
1070
   164
1070
    64
1070
     5
1070
   137
1070
   113
1070
   196
1070
   230
1070
   157
  0
HATCH
  5
2AC
330
1F
100
AcDbEntity
  8
VIA_HOLES
 62
     7
100
AcDbHatch
 10
0.0
 20
0.0
 30
0.0
210
0.0
220
0.0
230
1.0
  2
SOLID
 70
     1
 71
     1
 91
        1
 92
        1
 93
        1
 72
     2
 10
1.81982618
 20
58.18989123999999
 40
0.1999996
 50
0.0
 51
360.0
 73
     1
 97
        1
330
2AB
 75
     0
 76
     1
 98
        0
  0
REGION
  5
2AD
102
{ACAD_REACTORS
330
2AE
102
}
330
1F
100
AcDbEntity
  8
VIA_HOLES
 62
     7
100
AcDbModelerGeometry
 70
     1
  1
noi nn n o 
  1
=0;& {rn {no {rn {rn |
  1
/061+ {rn lqmifgmjgnffffffff joqigfgfoffffffffi o |
  1
):-+:' {rn {k {n |
  1
:336/,:r<*-): {rn lqoifgmimnffffffff joqigfgfoffffffffi o o o n oqnfffffi o o n o o |
  1
:;8: {rn {m {m {j {l o |
  1
<0:;8: {rn {j {j {rn {k o {i {rn |
  1
300/ {rn {rn {j {g |
  1
/3>1:r,*-9><: {rn mqfifgmikm joqigfgfoffffffffi o o o n rn o o o o o o o |
  1
9><: {rn {rn {i {f {rn {h o n o |
  1
,7:33 {rn {rn {rn {g {no |
  1
3*2/ {rn {rn {f {o |
  1
Z1;r09r^ \VLr;>+> 
1001
ACAD_OBJECT_CHANGE_GUID
1070
     1
1071
936638652
1070
  -773
1070
 16392
1070
   183
1070
    25
1070
    46
1070
    53
1070
   245
1070
   161
1070
   236
1070
    25
  0
HATCH
  5
2AE
330
1F
100
AcDbEntity
  8
VIA_HOLES
 62
     7
100
AcDbHatch
 10
0.0
 20
0.0
 30
0.0
210
0.0
220
0.0
230
1.0
  2
SOLID
 70
     1
 71
     1
 91
        1
 92
        1
 93
        1
 72
     2
 10
3.06982622
 20
50.689891
 40
0.1999996
 50
0.0
 51
360.0
 73
     1
 97
        1
330
2AD
 75
     0
 76
     1
 98
        0
  0
REGION
  5
2AF
102
{ACAD_REACTORS
330
2B0
102
}
330
1F
100
AcDbEntity
  8
VIA_HOLES
 62
     7
100
AcDbModelerGeometry
 70
     1
  1
noi nn n o 
  1
=0;& {rn {no {rn {rn |
  1
/061+ {rn lqmifgmjgnffffffff njqigfggfggoooooon o |
  1
):-+:' {rn {k {n |
  1
:336/,:r<*-): {rn lqoifgmimnffffffff njqigfggfggoooooon o o o n oqnfffffi o o n o o |
  1
:;8: {rn {m {m {j {l o |
  1
<0:;8: {rn {j {j {rn {k o {i {rn |
  1
300/ {rn {rn {j {g |
  1
/3>1:r,*-9><: {rn mqfifgmikm njqigfggfggoooooon o o o n rn o o o o o o o |
  1
9><: {rn {rn {i {f {rn {h o n o |
  1
,7:33 {rn {rn {rn {g {no |
  1
3*2/ {rn {rn {f {o |
  1
Z1;r09r^ \VLr;>+> 
1001
ACAD_OBJECT_CHANGE_GUID
1070
     1
1071
-2050776818
1070
 -8348
1070
 19837
1070
   143
1070
    59
1070
    11
1070
   149
1070
   122
1070
    91
1070
    44
1070
    86
  0
HATCH
  5
2B0
330
1F
100
AcDbEntity
  8
VIA_HOLES
 62
     7
100
AcDbHatch
 10
0.0
 20
0.0
 30
0.0
210
0.0
220
0.0
230
1.0
  2
SOLID
 70
     1
 71
     1
 91
        1
 92
        1
 93
        1
 72
     2
 10
3.06982622
 20
15.68988988
 40
0.1999996
 50
0.0
 51
360.0
 73
     1
 97
        1
330
2AF
 75
     0
 76
     1
 98
        0
  0
REGION
  5
2B1
102
{ACAD_REACTORS
330
2B2
102
}
330
1F
100
AcDbEntity
  8
VIA_HOLES
 62
     7
100
AcDbModelerGeometry
 70
     1
  1
noi nn n o 
  1
=0;& {rn {no {rn {rn |
  1
/061+ {rn lqmifgmjgnffffffff noqigfggfhm o |
  1
):-+:' {rn {k {n |
  1
:336/,:r<*-): {rn lqoifgmimnffffffff noqigfggfhm o o o n oqnfffffi o o n o o |
  1
:;8: {rn {m {m {j {l o |
  1
<0:;8: {rn {j {j {rn {k o {i {rn |
  1
300/ {rn {rn {j {g |
  1
/3>1:r,*-9><: {rn mqfifgmikm noqigfggfhm o o o n rn o o o o o o o |
  1
9><: {rn {rn {i {f {rn {h o n o |
  1
,7:33 {rn {rn {rn {g {no |
  1
3*2/ {rn {rn {f {o |
  1
Z1;r09r^ \VLr;>+> 
1001
ACAD_OBJECT_CHANGE_GUID
1070
     1
1071
548918740
1070
 -5482
1070
 16627
1070
   185
1070
    40
1070
    38
1070
   140
1070
   148
1070
   215
1070
    92
1070
    26
  0
HATCH
  5
2B2
330
1F
100
AcDbEntity
  8
VIA_HOLES
 62
     7
100
AcDbHatch
 10
0.0
 20
0.0
 30
0.0
210
0.0
220
0.0
230
1.0
  2
SOLID
 70
     1
 71
     1
 91
        1
 92
        1
 93
        1
 72
     2
 10
3.06982622
 20
10.68988972
 40
0.1999996
 50
0.0
 51
360.0
 73
     1
 97
        1
330
2B1
 75
     0
 76
     1
 98
        0
  0
REGION
  5
2B3
102
{ACAD_REACTORS
330
2B4
102
}
330
1F
100
AcDbEntity
  8
VIA_HOLES
 62
     7
100
AcDbModelerGeometry
 70
     1
  1
noi nn n o 
  1
=0;& {rn {no {rn {rn |
  1
/061+ {rn mqonfgmjhhfffffffh gqngfggfikoooooooj o |
  1
):-+:' {rn {k {n |
  1
:336/,:r<*-): {rn nqgnfgminhfffffffh gqngfggfikoooooooj o o o n oqnfffffi o o n o o |
  1
:;8: {rn {m {m {j {l o |
  1
<0:;8: {rn {j {j {rn {k o {i {rn |
  1
300/ {rn {rn {j {g |
  1
/3>1:r,*-9><: {rn nqhnfgmilhfffffffg gqngfggfikoooooooj o o o n rn o o o o o o o |
  1
9><: {rn {rn {i {f {rn {h o n o |
  1
,7:33 {rn {rn {rn {g {no |
  1
3*2/ {rn {rn {f {o |
  1
Z1;r09r^ \VLr;>+> 
1001
ACAD_OBJECT_CHANGE_GUID
1070
     1
1071
-1140959769
1070
  7327
1070
 20331
1070
   167
1070
     6
1070
   160
1070
   202
1070
    80
1070
   125
1070
     6
1070
    28
  0
HATCH
  5
2B4
330
1F
100
AcDbEntity
  8
VIA_HOLES
 62
     7
100
AcDbHatch
 10
0.0
 20
0.0
 30
0.0
210
0.0
220
0.0
230
1.0
  2
SOLID
 70
     1
 71
     1
 91
        1
 92
        1
 93
        1
 72
     2
 10
1.81982618
 20
8.18988964
 40
0.1999996
 50
0.0
 51
360.0
 73
     1
 97
        1
330
2B3
 75
     0
 76
     1
 98
        0
  0
REGION
  5
2B5
102
{ACAD_REACTORS
330
2B6
102
}
330
1F
100
AcDbEntity
  8
VIA_HOLES
 62
     7
100
AcDbModelerGeometry
 70
     1
  1
noi nn n o 
  1
=0;& {rn {no {rn {rn |
  1
/061+ {rn noqhkfffggm knqijoomjfnffffffh o |
  1
):-+:' {rn {k {n |
  1
:336/,:r<*-): {rn noqjkffffmm knqijoomjfnffffffh o o o n oqnfffffi o o n o o |
  1
:;8: {rn {m {m {j {l o |
  1
<0:;8: {rn {j {j {rn {k o {i {rn |
  1
300/ {rn {rn {j {g |
  1
/3>1:r,*-9><: {rn noqkkffffkmoooooon knqijoomjfnffffffh o o o n rn o o o o o o o |
  1
9><: {rn {rn {i {f {rn {h o n o |
  1
,7:33 {rn {rn {rn {g {no |
  1
3*2/ {rn {rn {f {o |
  1
Z1;r09r^ \VLr;>+> 
1001
ACAD_OBJECT_CHANGE_GUID
1070
     1
1071
-864389978
1070
-15832
1070
 19030
1070
   129
1070
   189
1070
   206
1070
   227
1070
   185
1070
   165
1070
   169
1070
    78
  0
HATCH
  5
2B6
330
1F
100
AcDbEntity
  8
VIA_HOLES
 62
     7
100
AcDbHatch
 10
0.0
 20
0.0
 30
0.0
210
0.0
220
0.0
230
1.0
  2
SOLID
 70
     1
 71
     1
 91
        1
 92
        1
 93
        1
 72
     2
 10
10.54999922
 20
41.65002592
 40
0.1999996
 50
0.0
 51
360.0
 73
     1
 97
        1
330
2B5
 75
     0
 76
     1
 98
        0
  0
REGION
  5
2B7
102
{ACAD_REACTORS
330
2B8
102
}
330
1F
100
AcDbEntity
  8
VIA_HOLES
 62
     7
100
AcDbModelerGeometry
 70
     1
  1
noi nn n o 
  1
=0;& {rn {no {rn {rn |
  1
/061+ {rn nnqgkffffnjfffffff knqijoomjfnffffffh o |
  1
):-+:' {rn {k {n |
  1
:336/,:r<*-): {rn nnqikffffjjfffffff knqijoomjfnffffffh o o o n oqnfffffi o o n o o |
  1
:;8: {rn {m {m {j {l o |
  1
<0:;8: {rn {j {j {rn {k o {i {rn |
  1
300/ {rn {rn {j {g |
  1
/3>1:r,*-9><: {rn nnqjkffffhjfffffff knqijoomjfnffffffh o o o n rn o o o o o o o |
  1
9><: {rn {rn {i {f {rn {h o n o |
  1
,7:33 {rn {rn {rn {g {no |
  1
3*2/ {rn {rn {f {o |
  1
Z1;r09r^ \VLr;>+> 
1001
ACAD_OBJECT_CHANGE_GUID
1070
     1
1071
484439658
1070
 31022
1070
 18694
1070
   156
1070
   123
1070
     1
1070
   241
1070
    79
1070
   250
1070
   118
1070
    90
  0
HATCH
  5
2B8
330
1F
100
AcDbEntity
  8
VIA_HOLES
 62
     7
100
AcDbHatch
 10
0.0
 20
0.0
 30
0.0
210
0.0
220
0.0
230
1.0
  2
SOLID
 70
     1
 71
     1
 91
        1
 92
        1
 93
        1
 72
     2
 10
11.64999956
 20
41.65002592
 40
0.1999996
 50
0.0
 51
360.0
 73
     1
 97
        1
330
2B7
 75
     0
 76
     1
 98
        0
  0
REGION
  5
2B9
102
{ACAD_REACTORS
330
2BA
102
}
330
1F
100
AcDbEntity
  8
VIA_HOLES
 62
     7
100
AcDbModelerGeometry
 70
     1
  1
noi nn n o 
  1
=0;& {rn {no {rn {rn |
  1
/061+ {rn nmqhoflnihnfffffff koqijoomjlgoooooom o |
  1
):-+:' {rn {k {n |
  1
:336/,:r<*-): {rn nmqjoflnhnnfffffff koqijoomjlgoooooom o o o n oqnfffffi o o n o o |
  1
:;8: {rn {m {m {j {l o |
  1
<0:;8: {rn {j {j {rn {k o {i {rn |
  1
300/ {rn {rn {j {g |
  1
/3>1:r,*-9><: {rn nmqkoflnhlm koqijoomjlgoooooom o o o n rn o o o o o o o |
  1
9><: {rn {rn {i {f {rn {h o n o |
  1
,7:33 {rn {rn {rn {g {no |
  1
3*2/ {rn {rn {f {o |
  1
Z1;r09r^ \VLr;>+> 
1001
ACAD_OBJECT_CHANGE_GUID
1070
     1
1071
-564277569
1070
 31473
1070
 17908
1070
   166
1070
   166
1070
    87
1070
   223
1070
   236
1070
   159
1070
   168
1070
    79
  0
HATCH
  5
2BA
330
1F
100
AcDbEntity
  8
VIA_HOLES
 62
     7
100
AcDbHatch
 10
0.0
 20
0.0
 30
0.0
210
0.0
220
0.0
230
1.0
  2
SOLID
 70
     1
 71
     1
 91
        1
 92
        1
 93
        1
 72
     2
 10
12.50931712
 20
40.65002538
 40
0.1999996
 50
0.0
 51
360.0
 73
     1
 97
        1
330
2B9
 75
     0
 76
     1
 98
        0
  0
REGION
  5
2BB
102
{ACAD_REACTORS
330
2BC
102
}
330
1F
100
AcDbEntity
  8
VIA_HOLES
 62
     7
100
AcDbModelerGeometry
 70
     1
  1
noi nn n o 
  1
=0;& {rn {no {rn {rn |
  1
/061+ {rn nlqgooooollfffffff klqgooomiifffffffh o |
  1
):-+:' {rn {k {n |
  1
:336/,:r<*-): {rn nlqiooooohlfffffff klqgooomiifffffffh o o o n oqnfffffi o o n o o |
  1
:;8: {rn {m {m {j {l o |
  1
<0:;8: {rn {j {j {rn {k o {i {rn |
  1
300/ {rn {rn {j {g |
  1
/3>1:r,*-9><: {rn nlqjooooofk klqgooomiifffffffh o o o n rn o o o o o o o |
  1
9><: {rn {rn {i {f {rn {h o n o |
  1
,7:33 {rn {rn {rn {g {no |
  1
3*2/ {rn {rn {f {o |
  1
Z1;r09r^ \VLr;>+> 
1001
ACAD_OBJECT_CHANGE_GUID
1070
     1
1071
194580707
1070
 26267
1070
 17427
1070
   128
1070
   138
1070
    10
1070
   161
1070
   230
1070
    30
1070
     6
1070
    27
  0
HATCH
  5
2BC
330
1F
100
AcDbEntity
  8
VIA_HOLES
 62
     7
100
AcDbHatch
 10
0.0
 20
0.0
 30
0.0
210
0.0
220
0.0
230
1.0
  2
SOLID
 70
     1
 71
     1
 91
        1
 92
        1
 93
        1
 72
     2
 10
13.60000074
 20
43.8000267
 40
0.1999996
 50
0.0
 51
360.0
 73
     1
 97
        1
330
2BB
 75
     0
 76
     1
 98
        0
  0
REGION
  5
2BD
102
{ACAD_REACTORS
330
2BE
102
}
330
1F
100
AcDbEntity
  8
VIA_HOLES
 62
     7
100
AcDbModelerGeometry
 70
     1
  1
noi nn n o 
  1
=0;& {rn {no {rn {rn |
  1
/061+ {rn nhqjkfgfggiooooool klqgooomiifffffffh o |
  1
):-+:' {rn {k {n |
  1
:336/,:r<*-): {rn nhqlkfgffmioooooon klqgooomiifffffffh o o o n oqnfffffi o o n o o |
  1
:;8: {rn {m {m {j {l o |
  1
<0:;8: {rn {j {j {rn {k o {i {rn |
  1
300/ {rn {rn {j {g |
  1
/3>1:r,*-9><: {rn nhqmkfgffkioooooom klqgooomiifffffffh o o o n rn o o o o o o o |
  1
9><: {rn {rn {i {f {rn {h o n o |
  1
,7:33 {rn {rn {rn {g {no |
  1
3*2/ {rn {rn {f {o |
  1
Z1;r09r^ \VLr;>+> 
1001
ACAD_OBJECT_CHANGE_GUID
1070
     1
1071
1161233227
1070
 22419
1070
 17349
1070
   177
1070
   177
1070
   224
1070
    16
1070
   151
1070
    69
1070
   222
1070
    16
  0
HATCH
  5
2BE
330
1F
100
AcDbEntity
  8
VIA_HOLES
 62
     7
100
AcDbHatch
 10
0.0
 20
0.0
 30
0.0
210
0.0
220
0.0
230
1.0
  2
SOLID
 70
     1
 71
     1
 91
        1
 92
        1
 93
        1
 72
     2
 10
17.34989926
 20
43.8000267
 40
0.1999996
 50
0.0
 51
360.0
 73
     1
 97
        1
330
2BD
 75
     0
 76
     1
 98
        0
  0
REGION
  5
2BF
102
{ACAD_REACTORS
330
2C0
102
}
330
1F
100
AcDbEntity
  8
VIA_HOLES
 62
     7
100
AcDbModelerGeometry
 70
     1
  1
noi nn n o 
  1
=0;& {rn {no {rn {rn |
  1
/061+ {rn nhqioooooljfffffff lfqijoomkgk o |
  1
):-+:' {rn {k {n |
  1
:336/,:r<*-): {rn nhqkooooohjffffffg lfqijoomkgk o o o n oqnfffffi o o n o o |
  1
:;8: {rn {m {m {j {l o |
  1
<0:;8: {rn {j {j {rn {k o {i {rn |
  1
300/ {rn {rn {j {g |
  1
/3>1:r,*-9><: {rn nhqlooooofjffffffg lfqijoomkgk o o o n rn o o o o o o o |
  1
9><: {rn {rn {i {f {rn {h o n o |
  1
,7:33 {rn {rn {rn {g {no |
  1
3*2/ {rn {rn {f {o |
  1
Z1;r09r^ \VLr;>+> 
1001
ACAD_OBJECT_CHANGE_GUID
1070
     1
1071
-1754799040
1070
  5002
1070
 20301
1070
   135
1070
   150
1070
   107
1070
   107
1070
   110
1070
   190
1070
   190
1070
    95
  0
HATCH
  5
2C0
330
1F
100
AcDbEntity
  8
VIA_HOLES
 62
     7
100
AcDbHatch
 10
0.0
 20
0.0
 30
0.0
210
0.0
220
0.0
230
1.0
  2
SOLID
 70
     1
 71
     1
 91
        1
 92
        1
 93
        1
 72
     2
 10
17.40000076
 20
39.65002484
 40
0.1999996
 50
0.0
 51
360.0
 73
     1
 97
        1
330
2BF
 75
     0
 76
     1
 98
        0
  0
REGION
  5
2C1
102
{ACAD_REACTORS
330
2C2
102
}
330
1F
100
AcDbEntity
  8
VIA_HOLES
 62
     7
100
AcDbModelerGeometry
 70
     1
  1
noi nn n o 
  1
=0;& {rn {no {rn {rn |
  1
/061+ {rn nhqjjooookiooooool knqijoomjfnffffffh o |
  1
):-+:' {rn {k {n |
  1
:336/,:r<*-): {rn nhqljoooogioooooom knqijoomjfnffffffh o o o n oqnfffffi o o n o o |
  1
:;8: {rn {m {m {j {l o |
  1
<0:;8: {rn {j {j {rn {k o {i {rn |
  1
300/ {rn {rn {j {g |
  1
/3>1:r,*-9><: {rn nhqmjooonoioooooom knqijoomjfnffffffh o o o n rn o o o o o o o |
  1
9><: {rn {rn {i {f {rn {h o n o |
  1
,7:33 {rn {rn {rn {g {no |
  1
3*2/ {rn {rn {f {o |
  1
Z1;r09r^ \VLr;>+> 
1001
ACAD_OBJECT_CHANGE_GUID
1070
     1
1071
-460601541
1070
  6433
1070
 18613
1070
   145
1070
    89
1070
    27
1070
    92
1070
    47
1070
   148
1070
     6
1070
    86
  0
HATCH
  5
2C2
330
1F
100
AcDbEntity
  8
VIA_HOLES
 62
     7
100
AcDbHatch
 10
0.0
 20
0.0
 30
0.0
210
0.0
220
0.0
230
1.0
  2
SOLID
 70
     1
 71
     1
 91
        1
 92
        1
 93
        1
 72
     2
 10
17.35000086
 20
41.65002592
 40
0.1999996
 50
0.0
 51
360.0
 73
     1
 97
        1
330
2C1
 75
     0
 76
     1
 98
        0
  0
REGION
  5
2C3
102
{ACAD_REACTORS
330
2C4
102
}
330
1F
100
AcDbEntity
  8
VIA_HOLES
 62
     7
100
AcDbModelerGeometry
 70
     1
  1
noi nn n o 
  1
=0;& {rn {no {rn {rn |
  1
/061+ {rn nhqjjooookiooooool koqijoomjlgoooooom o |
  1
):-+:' {rn {k {n |
  1
:336/,:r<*-): {rn nhqljoooogioooooom koqijoomjlgoooooom o o o n oqnfffffi o o n o o |
  1
:;8: {rn {m {m {j {l o |
  1
<0:;8: {rn {j {j {rn {k o {i {rn |
  1
300/ {rn {rn {j {g |
  1
/3>1:r,*-9><: {rn nhqmjooonoioooooom koqijoomjlgoooooom o o o n rn o o o o o o o |
  1
9><: {rn {rn {i {f {rn {h o n o |
  1
,7:33 {rn {rn {rn {g {no |
  1
3*2/ {rn {rn {f {o |
  1
Z1;r09r^ \VLr;>+> 
1001
ACAD_OBJECT_CHANGE_GUID
1070
     1
1071
526166533
1070
 14139
1070
 17649
1070
   148
1070
    34
1070
    91
1070
    54
1070
    28
1070
    34
1070
   181
1070
    70
  0
HATCH
  5
2C4
330
1F
100
AcDbEntity
  8
VIA_HOLES
 62
     7
100
AcDbHatch
 10
0.0
 20
0.0
 30
0.0
210
0.0
220
0.0
230
1.0
  2
SOLID
 70
     1
 71
     1
 91
        1
 92
        1
 93
        1
 72
     2
 10
17.35000086
 20
40.65002538
 40
0.1999996
 50
0.0
 51
360.0
 73
     1
 97
        1
330
2C3
 75
     0
 76
     1
 98
        0
  0
REGION
  5
2C5
102
{ACAD_REACTORS
330
2C6
102
}
330
1F
100
AcDbEntity
  8
VIA_HOLES
 62
     7
100
AcDbModelerGeometry
 70
     1
  1
noi nn n o 
  1
=0;& {rn {no {rn {rn |
  1
/061+ {rn nhqjjooookiooooool kmqijoomikjfffffff o |
  1
):-+:' {rn {k {n |
  1
:336/,:r<*-): {rn nhqljoooogioooooom kmqijoomikjfffffff o o o n oqnfffffi o o n o o |
  1
:;8: {rn {m {m {j {l o |
  1
<0:;8: {rn {j {j {rn {k o {i {rn |
  1
300/ {rn {rn {j {g |
  1
/3>1:r,*-9><: {rn nhqmjooonoioooooom kmqijoomikjfffffff o o o n rn o o o o o o o |
  1
9><: {rn {rn {i {f {rn {h o n o |
  1
,7:33 {rn {rn {rn {g {no |
  1
3*2/ {rn {rn {f {o |
  1
Z1;r09r^ \VLr;>+> 
1001
ACAD_OBJECT_CHANGE_GUID
1070
     1
1071
1367229673
1070
-15208
1070
 18344
1070
   131
1070
   234
1070
   186
1070
   157
1070
   167
1070
   167
1070
   208
1070
   148
  0
HATCH
  5
2C6
330
1F
100
AcDbEntity
  8
VIA_HOLES
 62
     7
100
AcDbHatch
 10
0.0
 20
0.0
 30
0.0
210
0.0
220
0.0
230
1.0
  2
SOLID
 70
     1
 71
     1
 91
        1
 92
        1
 93
        1
 72
     2
 10
17.35000086
 20
42.65002646
 40
0.1999996
 50
0.0
 51
360.0
 73
     1
 97
        1
330
2C5
 75
     0
 76
     1
 98
        0
  0
REGION
  5
2C7
102
{ACAD_REACTORS
330
2C8
102
}
330
1F
100
AcDbEntity
  8
VIA_HOLES
 62
     7
100
AcDbModelerGeometry
 70
     1
  1
noi nn n o 
  1
=0;& {rn {no {rn {rn |
  1
/061+ {rn kmqlikoggkfffffffk joqiooomjhfffffffh o |
  1
):-+:' {rn {k {n |
  1
:336/,:r<*-): {rn kmqnikogggfffffffi joqiooomjhfffffffh o o o n oqnfffffi o o n o o |
  1
:;8: {rn {m {m {j {l o |
  1
<0:;8: {rn {j {j {rn {k o {i {rn |
  1
300/ {rn {rn {j {g |
  1
/3>1:r,*-9><: {rn kmqoikogfofffffffh joqiooomjhfffffffh o o o n rn o o o o o o o |
  1
9><: {rn {rn {i {f {rn {h o n o |
  1
,7:33 {rn {rn {rn {g {no |
  1
3*2/ {rn {rn {f {o |
  1
Z1;r09r^ \VLr;>+> 
1001
ACAD_OBJECT_CHANGE_GUID
1070
     1
1071
-1685997383
1070
 14487
1070
 18303
1070
   130
1070
   102
1070
    24
1070
   179
1070
    54
1070
    56
1070
   238
1070
   110
  0
HATCH
  5
2C8
330
1F
100
AcDbEntity
  8
VIA_HOLES
 62
     7
100
AcDbHatch
 10
0.0
 20
0.0
 30
0.0
210
0.0
220
0.0
230
1.0
  2
SOLID
 70
     1
 71
     1
 91
        1
 92
        1
 93
        1
 72
     2
 10
42.1640889
 20
50.6000258
 40
0.1999996
 50
0.0
 51
360.0
 73
     1
 97
        1
330
2C7
 75
     0
 76
     1
 98
        0
  0
REGION
  5
2C9
102
{ACAD_REACTORS
330
2CA
102
}
330
1F
100
AcDbEntity
  8
VIA_HOLES
 62
     7
100
AcDbModelerGeometry
 70
     1
  1
noi nn n o 
  1
=0;& {rn {no {rn {rn |
  1
/061+ {rn lhqmijiginfffffffg kiqjnjhnogg o |
  1
):-+:' {rn {k {n |
  1
:336/,:r<*-): {rn lhqoijigijffffffff kiqjnjhnogg o o o n oqnfffffi o o n o o |
  1
:;8: {rn {m {m {j {l o |
  1
<0:;8: {rn {j {j {rn {k o {i {rn |
  1
300/ {rn {rn {j {g |
  1
/3>1:r,*-9><: {rn liqfijigig kiqjnjhnogg o o o n rn o o o o o o o |
  1
9><: {rn {rn {i {f {rn {h o n o |
  1
,7:33 {rn {rn {rn {g {no |
  1
3*2/ {rn {rn {f {o |
  1
Z1;r09r^ \VLr;>+> 
1001
ACAD_OBJECT_CHANGE_GUID
1070
     1
1071
-1591033134
1070
 -4884
1070
 19045
1070
   162
1070
   130
1070
   188
1070
   242
1070
   235
1070
   119
1070
   198
1070
   141
  0
HATCH
  5
2CA
330
1F
100
AcDbEntity
  8
VIA_HOLES
 62
     7
100
AcDbHatch
 10
0.0
 20
0.0
 30
0.0
210
0.0
220
0.0
230
1.0
  2
SOLID
 70
     1
 71
     1
 91
        1
 92
        1
 93
        1
 72
     2
 10
37.0656866
 20
46.51571088
 40
0.1999996
 50
0.0
 51
360.0
 73
     1
 97
        1
330
2C9
 75
     0
 76
     1
 98
        0
  0
REGION
  5
2CB
102
{ACAD_REACTORS
330
2CC
102
}
330
1F
100
AcDbEntity
  8
VIA_HOLES
 62
     7
100
AcDbModelerGeometry
 70
     1
  1
noi nn n o 
  1
=0;& {rn {no {rn {rn |
  1
/061+ {rn loqojoooogioooooon kiqjnjhnogg o |
  1
):-+:' {rn {k {n |
  1
:336/,:r<*-): {rn mfqgjooonmjfffffff kiqjnjhnogg o o o n oqnfffffi o o n o o |
  1
:;8: {rn {m {m {j {l o |
  1
<0:;8: {rn {j {j {rn {k o {i {rn |
  1
300/ {rn {rn {j {g |
  1
/3>1:r,*-9><: {rn mfqhjooonki kiqjnjhnogg o o o n rn o o o o o o o |
  1
9><: {rn {rn {i {f {rn {h o n o |
  1
,7:33 {rn {rn {rn {g {no |
  1
3*2/ {rn {rn {f {o |
  1
Z1;r09r^ \VLr;>+> 
1001
ACAD_OBJECT_CHANGE_GUID
1070
     1
1071
-481870644
1070
 10538
1070
 17728
1070
   183
1070
   207
1070
   234
1070
   203
1070
   240
1070
   216
1070
    43
1070
   159
  0
HATCH
  5
2CC
330
1F
100
AcDbEntity
  8
VIA_HOLES
 62
     7
100
AcDbHatch
 10
0.0
 20
0.0
 30
0.0
210
0.0
220
0.0
230
1.0
  2
SOLID
 70
     1
 71
     1
 91
        1
 92
        1
 93
        1
 72
     2
 10
29.85000126
 20
46.51571088
 40
0.1999996
 50
0.0
 51
360.0
 73
     1
 97
        1
330
2CB
 75
     0
 76
     1
 98
        0
  0
REGION
  5
2CD
102
{ACAD_REACTORS
330
2CE
102
}
330
1F
100
AcDbEntity
  8
VIA_HOLES
 62
     7
100
AcDbModelerGeometry
 70
     1
  1
noi nn n o 
  1
=0;& {rn {no {rn {rn |
  1
/061+ {rn nhqffffffjjfffffff kjqljoominlffffffh o |
  1
):-+:' {rn {k {n |
  1
:336/,:r<*-): {rn nhqhffffffjffffffh kjqljoominlffffffh o o o n oqnfffffi o o n o o |
  1
:;8: {rn {m {m {j {l o |
  1
<0:;8: {rn {j {j {rn {k o {i {rn |
  1
300/ {rn {rn {j {g |
  1
/3>1:r,*-9><: {rn nhqhooooonjffffffg kjqljoominlffffffh o o o n rn o o o o o o o |
  1
9><: {rn {rn {i {f {rn {h o n o |
  1
,7:33 {rn {rn {rn {g {no |
  1
3*2/ {rn {rn {f {o |
  1
Z1;r09r^ \VLr;>+> 
1001
ACAD_OBJECT_CHANGE_GUID
1070
     1
1071
1421219907
1070
 -3620
1070
 17513
1070
   136
1070
   173
1070
     0
1070
   225
1070
   213
1070
    22
1070
    50
1070
    43
  0
HATCH
  5
2CE
330
1F
100
AcDbEntity
  8
VIA_HOLES
 62
     7
100
AcDbHatch
 10
0.0
 20
0.0
 30
0.0
210
0.0
220
0.0
230
1.0
  2
SOLID
 70
     1
 71
     1
 91
        1
 92
        1
 93
        1
 72
     2
 10
17.79999996
 20
45.35002614
 40
0.1999996
 50
0.0
 51
360.0
 73
     1
 97
        1
330
2CD
 75
     0
 76
     1
 98
        0
  0
REGION
  5
2CF
102
{ACAD_REACTORS
330
2D0
102
}
330
1F
100
AcDbEntity
  8
VIA_HOLES
 62
     7
100
AcDbModelerGeometry
 70
     1
  1
noi nn n o 
  1
=0;& {rn {no {rn {rn |
  1
/061+ {rn kkqljoooonfffffffh joqiooomjhfffffffh o |
  1
):-+:' {rn {k {n |
  1
:336/,:r<*-): {rn kkqnjoooojfffffffg joqiooomjhfffffffh o o o n oqnfffffi o o n o o |
  1
:;8: {rn {m {m {j {l o |
  1
<0:;8: {rn {j {j {rn {k o {i {rn |
  1
300/ {rn {rn {j {g |
  1
/3>1:r,*-9><: {rn kkqojoooohffffffff joqiooomjhfffffffh o o o n rn o o o o o o o |
  1
9><: {rn {rn {i {f {rn {h o n o |
  1
,7:33 {rn {rn {rn {g {no |
  1
3*2/ {rn {rn {f {o |
  1
Z1;r09r^ \VLr;>+> 
1001
ACAD_OBJECT_CHANGE_GUID
1070
     1
1071
1445630977
1070
 20224
1070
 18391
1070
   171
1070
   170
1070
   164
1070
   142
1070
   224
1070
   140
1070
   107
1070
   194
  0
HATCH
  5
2D0
330
1F
100
AcDbEntity
  8
VIA_HOLES
 62
     7
100
AcDbHatch
 10
0.0
 20
0.0
 30
0.0
210
0.0
220
0.0
230
1.0
  2
SOLID
 70
     1
 71
     1
 91
        1
 92
        1
 93
        1
 72
     2
 10
44.1500006
 20
50.6000258
 40
0.1999996
 50
0.0
 51
360.0
 73
     1
 97
        1
330
2CF
 75
     0
 76
     1
 98
        0
  0
REGION
  5
2D1
102
{ACAD_REACTORS
330
2D2
102
}
330
1F
100
AcDbEntity
  8
VIA_HOLES
 62
     7
100
AcDbModelerGeometry
 70
     1
  1
noi nn n o 
  1
=0;& {rn {no {rn {rn |
  1
/061+ {rn kgqfhmfjjnlffffffi khqhjoomiknffffffg o |
  1
):-+:' {rn {k {n |
  1
:336/,:r<*-): {rn kgqhhmfjjjlffffffg khqhjoomiknffffffg o o o n oqnfffffi o o n o o |
  1
:;8: {rn {m {m {j {l o |
  1
<0:;8: {rn {j {j {rn {k o {i {rn |
  1
300/ {rn {rn {j {g |
  1
/3>1:r,*-9><: {rn kgqihmfjjhlfffffff khqhjoomiknffffffg o o o n rn o o o o o o o |
  1
9><: {rn {rn {i {f {rn {h o n o |
  1
,7:33 {rn {rn {rn {g {no |
  1
3*2/ {rn {rn {f {o |
  1
Z1;r09r^ \VLr;>+> 
1001
ACAD_OBJECT_CHANGE_GUID
1070
     1
1071
1495020594
1070
-11715
1070
 19560
1070
   183
1070
   233
1070
   140
1070
   147
1070
   253
1070
   194
1070
   116
1070
    62
  0
HATCH
  5
2D2
330
1F
100
AcDbEntity
  8
VIA_HOLES
 62
     7
100
AcDbHatch
 10
0.0
 20
0.0
 30
0.0
210
0.0
220
0.0
230
1.0
  2
SOLID
 70
     1
 71
     1
 91
        1
 92
        1
 93
        1
 72
     2
 10
48.77295554
 20
47.75002642
 40
0.1999996
 50
0.0
 51
360.0
 73
     1
 97
        1
330
2D1
 75
     0
 76
     1
 98
        0
  0
REGION
  5
2D3
102
{ACAD_REACTORS
330
2D4
102
}
330
1F
100
AcDbEntity
  8
VIA_HOLES
 62
     7
100
AcDbModelerGeometry
 70
     1
  1
noi nn n o 
  1
=0;& {rn {no {rn {rn |
  1
/061+ {rn kfqhmhoklolffffffn khqhhjomjnooooooon o |
  1
):-+:' {rn {k {n |
  1
:336/,:r<*-): {rn kfqjmhoklklffffffl khqhhjomjnooooooon o o o n oqnfffffi o o n o o |
  1
:;8: {rn {m {m {j {l o |
  1
<0:;8: {rn {j {j {rn {k o {i {rn |
  1
300/ {rn {rn {j {g |
  1
/3>1:r,*-9><: {rn kfqkmhoklilffffffk khqhhjomjnooooooon o o o n rn o o o o o o o |
  1
9><: {rn {rn {i {f {rn {h o n o |
  1
,7:33 {rn {rn {rn {g {no |
  1
3*2/ {rn {rn {f {o |
  1
Z1;r09r^ \VLr;>+> 
1001
ACAD_OBJECT_CHANGE_GUID
1070
     1
1071
1535094010
1070
 -4022
1070
 18821
1070
   131
1070
    55
1070
    88
1070
   251
1070
   237
1070
   233
1070
   113
1070
    29
  0
HATCH
  5
2D4
330
1F
100
AcDbEntity
  8
VIA_HOLES
 62
     7
100
AcDbHatch
 10
0.0
 20
0.0
 30
0.0
210
0.0
220
0.0
230
1.0
  2
SOLID
 70
     1
 71
     1
 91
        1
 92
        1
 93
        1
 72
     2
 10
49.52704343999999
 20
47.7750251
 40
0.1999996
 50
0.0
 51
360.0
 73
     1
 97
        1
330
2D3
 75
     0
 76
     1
 98
        0
  0
REGION
  5
2D5
102
{ACAD_REACTORS
330
2D6
102
}
330
1F
100
AcDbEntity
  8
VIA_HOLES
 62
     7
100
AcDbModelerGeometry
 70
     1
  1
noi nn n o 
  1
=0;& {rn {no {rn {rn |
  1
/061+ {rn klqljkooonjffffffg lhqijoomil o |
  1
):-+:' {rn {k {n |
  1
:336/,:r<*-): {rn klqnjkoooji lhqijoomil o o o n oqnfffffi o o n o o |
  1
:;8: {rn {m {m {j {l o |
  1
<0:;8: {rn {j {j {rn {k o {i {rn |
  1
300/ {rn {rn {j {g |
  1
/3>1:r,*-9><: {rn klqojkooohioooooon lhqijoomil o o o n rn o o o o o o o |
  1
9><: {rn {rn {i {f {rn {h o n o |
  1
,7:33 {rn {rn {rn {g {no |
  1
3*2/ {rn {rn {f {o |
  1
Z1;r09r^ \VLr;>+> 
1001
ACAD_OBJECT_CHANGE_GUID
1070
     1
1071
-1993275290
1070
  8025
1070
 20094
1070
   134
1070
   181
1070
   123
1070
    30
1070
   245
1070
    71
1070
    82
1070
    69
  0
HATCH
  5
2D6
330
1F
100
AcDbEntity
  8
VIA_HOLES
 62
     7
100
AcDbHatch
 10
0.0
 20
0.0
 30
0.0
210
0.0
220
0.0
230
1.0
  2
SOLID
 70
     1
 71
     1
 91
        1
 92
        1
 93
        1
 72
     2
 10
43.15400056
 20
37.6500263
 40
0.1999996
 50
0.0
 51
360.0
 73
     1
 97
        1
330
2D5
 75
     0
 76
     1
 98
        0
  0
REGION
  5
2D7
102
{ACAD_REACTORS
330
2D8
102
}
330
1F
100
AcDbEntity
  8
VIA_HOLES
 62
     7
100
AcDbModelerGeometry
 70
     1
  1
noi nn n o 
  1
=0;& {rn {no {rn {rn |
  1
/061+ {rn jkqljkogkglffffffm kjqiooomgngoooooom o |
  1
):-+:' {rn {k {n |
  1
:336/,:r<*-): {rn jkqnjkogjmlffffffl kjqiooomgngoooooom o o o n oqnfffffi o o n o o |
  1
:;8: {rn {m {m {j {l o |
  1
<0:;8: {rn {j {j {rn {k o {i {rn |
  1
300/ {rn {rn {j {g |
  1
/3>1:r,*-9><: {rn jkqojkogjklffffffk kjqiooomgngoooooom o o o n rn o o o o o o o |
  1
9><: {rn {rn {i {f {rn {h o n o |
  1
,7:33 {rn {rn {rn {g {no |
  1
3*2/ {rn {rn {f {o |
  1
Z1;r09r^ \VLr;>+> 
1001
ACAD_OBJECT_CHANGE_GUID
1070
     1
1071
 73042828
1070
 -5074
1070
 17632
1070
   146
1070
     9
1070
   207
1070
   231
1070
   130
1070
   195
1070
    19
1070
   103
  0
HATCH
  5
2D8
330
1F
100
AcDbEntity
  8
VIA_HOLES
 62
     7
100
AcDbHatch
 10
0.0
 20
0.0
 30
0.0
210
0.0
220
0.0
230
1.0
  2
SOLID
 70
     1
 71
     1
 91
        1
 92
        1
 93
        1
 72
     2
 10
54.15408523999999
 20
45.60002818
 40
0.1999996
 50
0.0
 51
360.0
 73
     1
 97
        1
330
2D7
 75
     0
 76
     1
 98
        0
  0
REGION
  5
2D9
102
{ACAD_REACTORS
330
2DA
102
}
330
1F
100
AcDbEntity
  8
VIA_HOLES
 62
     7
100
AcDbModelerGeometry
 70
     1
  1
noi nn n o 
  1
=0;& {rn {no {rn {rn |
  1
/061+ {rn lkqnjoooomg khqhhjomjnooooooon o |
  1
):-+:' {rn {k {n |
  1
:336/,:r<*-): {rn llqfjooooigoooooom khqhhjomjnooooooon o o o n oqnfffffi o o n o o |
  1
:;8: {rn {m {m {j {l o |
  1
<0:;8: {rn {j {j {rn {k o {i {rn |
  1
300/ {rn {rn {j {g |
  1
/3>1:r,*-9><: {rn llqgjooooggooooool khqhhjomjnooooooon o o o n rn o o o o o o o |
  1
9><: {rn {rn {i {f {rn {h o n o |
  1
,7:33 {rn {rn {rn {g {no |
  1
3*2/ {rn {rn {f {o |
  1
Z1;r09r^ \VLr;>+> 
1001
ACAD_OBJECT_CHANGE_GUID
1070
     1
1071
-1983773582
1070
  -614
1070
 19547
1070
   182
1070
   165
1070
   223
1070
   227
1070
    25
1070
   177
1070
   223
1070
    30
  0
HATCH
  5
2DA
330
1F
100
AcDbEntity
  8
VIA_HOLES
 62
     7
100
AcDbHatch
 10
0.0
 20
0.0
 30
0.0
210
0.0
220
0.0
230
1.0
  2
SOLID
 70
     1
 71
     1
 91
        1
 92
        1
 93
        1
 72
     2
 10
33.95000068
 20
47.7750251
 40
0.1999996
 50
0.0
 51
360.0
 73
     1
 97
        1
330
2D9
 75
     0
 76
     1
 98
        0
  0
REGION
  5
2DB
102
{ACAD_REACTORS
330
2DC
102
}
330
1F
100
AcDbEntity
  8
VIA_HOLES
 62
     7
100
AcDbModelerGeometry
 70
     1
  1
noi nn n o 
  1
=0;& {rn {no {rn {rn |
  1
/061+ {rn nfqlkffffkooooooom khqhhjomjnooooooon o |
  1
):-+:' {rn {k {n |
  1
:336/,:r<*-): {rn nfqnkffffg khqhhjomjnooooooon o o o n oqnfffffi o o n o o |
  1
:;8: {rn {m {m {j {l o |
  1
<0:;8: {rn {j {j {rn {k o {i {rn |
  1
300/ {rn {rn {j {g |
  1
/3>1:r,*-9><: {rn nfqojoooooooooooon khqhhjomjnooooooon o o o n rn o o o o o o o |
  1
9><: {rn {rn {i {f {rn {h o n o |
  1
,7:33 {rn {rn {rn {g {no |
  1
3*2/ {rn {rn {f {o |
  1
Z1;r09r^ \VLr;>+> 
1001
ACAD_OBJECT_CHANGE_GUID
1070
     1
1071
-446485204
1070
 23359
1070
 19072
1070
   180
1070
   131
1070
    85
1070
    44
1070
    55
1070
   223
1070
     0
1070
   141
  0
HATCH
  5
2DC
330
1F
100
AcDbEntity
  8
VIA_HOLES
 62
     7
100
AcDbHatch
 10
0.0
 20
0.0
 30
0.0
210
0.0
220
0.0
230
1.0
  2
SOLID
 70
     1
 71
     1
 91
        1
 92
        1
 93
        1
 72
     2
 10
19.1499998
 20
47.7750251
 40
0.1999996
 50
0.0
 51
360.0
 73
     1
 97
        1
330
2DB
 75
     0
 76
     1
 98
        0
  0
REGION
  5
2DD
102
{ACAD_REACTORS
330
2DE
102
}
330
1F
100
AcDbEntity
  8
VIA_HOLES
 62
     7
100
AcDbModelerGeometry
 70
     1
  1
noi nn n o 
  1
=0;& {rn {no {rn {rn |
  1
/061+ {rn jnqijooooglffffffh kkqgjoomhnkoooooom o |
  1
):-+:' {rn {k {n |
  1
:336/,:r<*-): {rn jnqkjooonmlfffffff kkqgjoomhnkoooooom o o o n oqnfffffi o o n o o |
  1
:;8: {rn {m {m {j {l o |
  1
<0:;8: {rn {j {j {rn {k o {i {rn |
  1
300/ {rn {rn {j {g |
  1
/3>1:r,*-9><: {rn jnqljooonkk kkqgjoomhnkoooooom o o o n rn o o o o o o o |
  1
9><: {rn {rn {i {f {rn {h o n o |
  1
,7:33 {rn {rn {rn {g {no |
  1
3*2/ {rn {rn {f {o |
  1
Z1;r09r^ \VLr;>+> 
1001
ACAD_OBJECT_CHANGE_GUID
1070
     1
1071
-1802194135
1070
 -5704
1070
 16411
1070
   147
1070
    92
1070
   251
1070
   229
1070
    83
1070
    16
1070
   169
1070
   196
  0
HATCH
  5
2DE
330
1F
100
AcDbEntity
  8
VIA_HOLES
 62
     7
100
AcDbHatch
 10
0.0
 20
0.0
 30
0.0
210
0.0
220
0.0
230
1.0
  2
SOLID
 70
     1
 71
     1
 91
        1
 92
        1
 93
        1
 72
     2
 10
51.45000124
 20
44.85002714
 40
0.1999996
 50
0.0
 51
360.0
 73
     1
 97
        1
330
2DD
 75
     0
 76
     1
 98
        0
  0
REGION
  5
2DF
102
{ACAD_REACTORS
330
2E0
102
}
330
1F
100
AcDbEntity
  8
VIA_HOLES
 62
     7
100
AcDbModelerGeometry
 70
     1
  1
noi nn n o 
  1
=0;& {rn {no {rn {rn |
  1
/061+ {rn kgqkfffffjnffffffi kkqnooominooooooon o |
  1
):-+:' {rn {k {n |
  1
:336/,:r<*-): {rn kgqmffffffnffffffg kkqnooominooooooon o o o n oqnfffffi o o n o o |
  1
:;8: {rn {m {m {j {l o |
  1
<0:;8: {rn {j {j {rn {k o {i {rn |
  1
300/ {rn {rn {j {g |
  1
/3>1:r,*-9><: {rn kgqmooooonnfffffff kkqnooominooooooon o o o n rn o o o o o o o |
  1
9><: {rn {rn {i {f {rn {h o n o |
  1
,7:33 {rn {rn {rn {g {no |
  1
3*2/ {rn {rn {f {o |
  1
Z1;r09r^ \VLr;>+> 
1001
ACAD_OBJECT_CHANGE_GUID
1070
     1
1071
 72204261
1070
-25990
1070
 17900
1070
   144
1070
   246
1070
   126
1070
    36
1070
   107
1070
    26
1070
   163
1070
   220
  0
HATCH
  5
2E0
330
1F
100
AcDbEntity
  8
VIA_HOLES
 62
     7
100
AcDbHatch
 10
0.0
 20
0.0
 30
0.0
210
0.0
220
0.0
230
1.0
  2
SOLID
 70
     1
 71
     1
 91
        1
 92
        1
 93
        1
 72
     2
 10
48.29999992
 20
44.1000261
 40
0.1999996
 50
0.0
 51
360.0
 73
     1
 97
        1
330
2DF
 75
     0
 76
     1
 98
        0
  0
REGION
  5
2E1
102
{ACAD_REACTORS
330
2E2
102
}
330
1F
100
AcDbEntity
  8
VIA_HOLES
 62
     7
100
AcDbModelerGeometry
 70
     1
  1
noi nn n o 
  1
=0;& {rn {no {rn {rn |
  1
/061+ {rn kfqffffffojffffffl klqmooomjljffffffg o |
  1
):-+:' {rn {k {n |
  1
:336/,:r<*-): {rn kfqhfffffkjffffffj klqmooomjljffffffg o o o n oqnfffffi o o n o o |
  1
:;8: {rn {m {m {j {l o |
  1
<0:;8: {rn {j {j {rn {k o {i {rn |
  1
300/ {rn {rn {j {g |
  1
/3>1:r,*-9><: {rn kfqifffffijffffffi klqmooomjljffffffg o o o n rn o o o o o o o |
  1
9><: {rn {rn {i {f {rn {h o n o |
  1
,7:33 {rn {rn {rn {g {no |
  1
3*2/ {rn {rn {f {o |
  1
Z1;r09r^ \VLr;>+> 
1001
ACAD_OBJECT_CHANGE_GUID
1070
     1
1071
-2006441011
1070
 22477
1070
 19582
1070
   185
1070
   169
1070
    12
1070
    99
1070
   107
1070
    38
1070
   220
1070
    15
  0
HATCH
  5
2E2
330
1F
100
AcDbEntity
  8
VIA_HOLES
 62
     7
100
AcDbHatch
 10
0.0
 20
0.0
 30
0.0
210
0.0
220
0.0
230
1.0
  2
SOLID
 70
     1
 71
     1
 91
        1
 92
        1
 93
        1
 72
     2
 10
49.79999946
 20
43.20002536
 40
0.1999996
 50
0.0
 51
360.0
 73
     1
 97
        1
330
2E1
 75
     0
 76
     1
 98
        0
  0
REGION
  5
2E3
102
{ACAD_REACTORS
330
2E4
102
}
330
1F
100
AcDbEntity
  8
VIA_HOLES
 62
     7
100
AcDbModelerGeometry
 70
     1
  1
noi nn n o 
  1
=0;& {rn {no {rn {rn |
  1
/061+ {rn kfqffffffojffffffl lgqjhjomjhnfffffff o |
  1
):-+:' {rn {k {n |
  1
:336/,:r<*-): {rn kfqhfffffkjffffffj lgqjhjomjhnfffffff o o o n oqnfffffi o o n o o |
  1
:;8: {rn {m {m {j {l o |
  1
<0:;8: {rn {j {j {rn {k o {i {rn |
  1
300/ {rn {rn {j {g |
  1
/3>1:r,*-9><: {rn kfqifffffijffffffi lgqjhjomjhnfffffff o o o n rn o o o o o o o |
  1
9><: {rn {rn {i {f {rn {h o n o |
  1
,7:33 {rn {rn {rn {g {no |
  1
3*2/ {rn {rn {f {o |
  1
Z1;r09r^ \VLr;>+> 
1001
ACAD_OBJECT_CHANGE_GUID
1070
     1
1071
-1003789920
1070
 31762
1070
 19411
1070
   166
1070
   127
1070
    52
1070
   203
1070
   197
1070
    75
1070
    60
1070
   221
  0
HATCH
  5
2E4
330
1F
100
AcDbEntity
  8
VIA_HOLES
 62
     7
100
AcDbHatch
 10
0.0
 20
0.0
 30
0.0
210
0.0
220
0.0
230
1.0
  2
SOLID
 70
     1
 71
     1
 91
        1
 92
        1
 93
        1
 72
     2
 10
49.79999946
 20
38.57502572
 40
0.1999996
 50
0.0
 51
360.0
 73
     1
 97
        1
330
2E3
 75
     0
 76
     1
 98
        0
  0
REGION
  5
2E5
102
{ACAD_REACTORS
330
2E6
102
}
330
1F
100
AcDbEntity
  8
VIA_HOLES
 62
     7
100
AcDbModelerGeometry
 70
     1
  1
noi nn n o 
  1
=0;& {rn {no {rn {rn |
  1
/061+ {rn joqgkfffff lfqghjomjijfffffff o |
  1
):-+:' {rn {k {n |
  1
:336/,:r<*-): {rn joqijoooolooooooom lfqghjomjijfffffff o o o n oqnfffffi o o n o o |
  1
:;8: {rn {m {m {j {l o |
  1
<0:;8: {rn {j {j {rn {k o {i {rn |
  1
300/ {rn {rn {j {g |
  1
/3>1:r,*-9><: {rn joqjjoooojoooooool lfqghjomjijfffffff o o o n rn o o o o o o o |
  1
9><: {rn {rn {i {f {rn {h o n o |
  1
,7:33 {rn {rn {rn {g {no |
  1
3*2/ {rn {rn {f {o |
  1
Z1;r09r^ \VLr;>+> 
1001
ACAD_OBJECT_CHANGE_GUID
1070
     1
1071
2147128229
1070
-12519
1070
 16534
1070
   166
1070
    31
1070
   157
1070
   148
1070
   222
1070
   149
1070
    24
1070
     2
  0
HATCH
  5
2E6
330
1F
100
AcDbEntity
  8
VIA_HOLES
 62
     7
100
AcDbHatch
 10
0.0
 20
0.0
 30
0.0
210
0.0
220
0.0
230
1.0
  2
SOLID
 70
     1
 71
     1
 91
        1
 92
        1
 93
        1
 72
     2
 10
50.6500003
 20
39.87502566
 40
0.1999996
 50
0.0
 51
360.0
 73
     1
 97
        1
330
2E5
 75
     0
 76
     1
 98
        0
  0
REGION
  5
2E7
102
{ACAD_REACTORS
330
2E8
102
}
330
1F
100
AcDbEntity
  8
VIA_HOLES
 62
     7
100
AcDbModelerGeometry
 70
     1
  1
noi nn n o 
  1
=0;& {rn {no {rn {rn |
  1
/061+ {rn kjqljkofonlffffffh knqnjoomifmoooooom o |
  1
):-+:' {rn {k {n |
  1
:336/,:r<*-): {rn kjqnjkofojlfffffff knqnjoomifmoooooom o o o n oqnfffffi o o n o o |
  1
:;8: {rn {m {m {j {l o |
  1
<0:;8: {rn {j {j {rn {k o {i {rn |
  1
300/ {rn {rn {j {g |
  1
/3>1:r,*-9><: {rn kjqojkofohlfffffff knqnjoomifmoooooom o o o n rn o o o o o o o |
  1
9><: {rn {rn {i {f {rn {h o n o |
  1
,7:33 {rn {rn {rn {g {no |
  1
3*2/ {rn {rn {f {o |
  1
Z1;r09r^ \VLr;>+> 
1001
ACAD_OBJECT_CHANGE_GUID
1070
     1
1071
-2010088894
1070
-13508
1070
 20190
1070
   184
1070
   143
1070
    86
1070
    24
1070
   220
1070
   252
1070
   179
1070
    56
  0
HATCH
  5
2E8
330
1F
100
AcDbEntity
  8
VIA_HOLES
 62
     7
100
AcDbHatch
 10
0.0
 20
0.0
 30
0.0
210
0.0
220
0.0
230
1.0
  2
SOLID
 70
     1
 71
     1
 91
        1
 92
        1
 93
        1
 72
     2
 10
45.15409054
 20
41.15002692
 40
0.1999996
 50
0.0
 51
360.0
 73
     1
 97
        1
330
2E7
 75
     0
 76
     1
 98
        0
  0
REGION
  5
2E9
102
{ACAD_REACTORS
330
2EA
102
}
330
1F
100
AcDbEntity
  8
VIA_HOLES
 62
     7
100
AcDbModelerGeometry
 70
     1
  1
noi nn n o 
  1
=0;& {rn {no {rn {rn |
  1
/061+ {rn lhqfmjooninffffffi knqnjoomifmoooooom o |
  1
):-+:' {rn {k {n |
  1
:336/,:r<*-): {rn lhqhmjoomonffffffg knqnjoomifmoooooom o o o n oqnfffffi o o n o o |
  1
:;8: {rn {m {m {j {l o |
  1
<0:;8: {rn {j {j {rn {k o {i {rn |
  1
300/ {rn {rn {j {g |
  1
/3>1:r,*-9><: {rn lhqimjoommnfffffff knqnjoomifmoooooom o o o n rn o o o o o o o |
  1
9><: {rn {rn {i {f {rn {h o n o |
  1
,7:33 {rn {rn {rn {g {no |
  1
3*2/ {rn {rn {f {o |
  1
Z1;r09r^ \VLr;>+> 
1001
ACAD_OBJECT_CHANGE_GUID
1070
     1
1071
760459162
1070
 12263
1070
 18458
1070
   147
1070
    91
1070
    58
1070
    43
1070
   250
1070
   237
1070
   156
1070
   200
  0
HATCH
  5
2EA
330
1F
100
AcDbEntity
  8
VIA_HOLES
 62
     7
100
AcDbHatch
 10
0.0
 20
0.0
 30
0.0
210
0.0
220
0.0
230
1.0
  2
SOLID
 70
     1
 71
     1
 91
        1
 92
        1
 93
        1
 72
     2
 10
37.72500202
 20
41.15002692
 40
0.1999996
 50
0.0
 51
360.0
 73
     1
 97
        1
330
2E9
 75
     0
 76
     1
 98
        0
  0
REGION
  5
2EB
102
{ACAD_REACTORS
330
2EC
102
}
330
1F
100
AcDbEntity
  8
VIA_HOLES
 62
     7
100
AcDbModelerGeometry
 70
     1
  1
noi nn n o 
  1
=0;& {rn {no {rn {rn |
  1
/061+ {rn kkqljoooonfffffffh kmqljoomhojffffffj o |
  1
):-+:' {rn {k {n |
  1
:336/,:r<*-): {rn kkqnjoooojfffffffg kmqljoomhojffffffj o o o n oqnfffffi o o n o o |
  1
:;8: {rn {m {m {j {l o |
  1
<0:;8: {rn {j {j {rn {k o {i {rn |
  1
300/ {rn {rn {j {g |
  1
/3>1:r,*-9><: {rn kkqojoooohffffffff kmqljoomhojffffffj o o o n rn o o o o o o o |
  1
9><: {rn {rn {i {f {rn {h o n o |
  1
,7:33 {rn {rn {rn {g {no |
  1
3*2/ {rn {rn {f {o |
  1
Z1;r09r^ \VLr;>+> 
1001
ACAD_OBJECT_CHANGE_GUID
1070
     1
1071
1360352451
1070
 26448
1070
 16461
1070
   168
1070
   174
1070
   232
1070
     1
1070
    90
1070
   123
1070
   158
1070
   148
  0
HATCH
  5
2EC
330
1F
100
AcDbEntity
  8
VIA_HOLES
 62
     7
100
AcDbHatch
 10
0.0
 20
0.0
 30
0.0
210
0.0
220
0.0
230
1.0
  2
SOLID
 70
     1
 71
     1
 91
        1
 92
        1
 93
        1
 72
     2
 10
44.1500006
 20
42.35002706
 40
0.1999996
 50
0.0
 51
360.0
 73
     1
 97
        1
330
2EB
 75
     0
 76
     1
 98
        0
  0
REGION
  5
2ED
102
{ACAD_REACTORS
330
2EE
102
}
330
1F
100
AcDbEntity
  8
VIA_HOLES
 62
     7
100
AcDbModelerGeometry
 70
     1
  1
noi nn n o 
  1
=0;& {rn {no {rn {rn |
  1
/061+ {rn moqgkfffgflfffffff koqjmjomif o |
  1
):-+:' {rn {k {n |
  1
:336/,:r<*-): {rn moqikffffllffffffh koqjmjomif o o o n oqnfffffi o o n o o |
  1
:;8: {rn {m {m {j {l o |
  1
<0:;8: {rn {j {j {rn {k o {i {rn |
  1
300/ {rn {rn {j {g |
  1
/3>1:r,*-9><: {rn moqjkffffjlffffffg koqjmjomif o o o n rn o o o o o o o |
  1
9><: {rn {rn {i {f {rn {h o n o |
  1
,7:33 {rn {rn {rn {g {no |
  1
3*2/ {rn {rn {f {o |
  1
Z1;r09r^ \VLr;>+> 
1001
ACAD_OBJECT_CHANGE_GUID
1070
     1
1071
-1844829993
1070
 11440
1070
 16904
1070
   191
1070
   193
1070
    61
1070
    95
1070
    52
1070
   188
1070
    96
1070
   128
  0
HATCH
  5
2EE
330
1F
100
AcDbEntity
  8
VIA_HOLES
 62
     7
100
AcDbHatch
 10
0.0
 20
0.0
 30
0.0
210
0.0
220
0.0
230
1.0
  2
SOLID
 70
     1
 71
     1
 91
        1
 92
        1
 93
        1
 72
     2
 10
20.64999934
 20
40.5250269
 40
0.1999996
 50
0.0
 51
360.0
 73
     1
 97
        1
330
2ED
 75
     0
 76
     1
 98
        0
  0
REGION
  5
2EF
102
{ACAD_REACTORS
330
2F0
102
}
330
1F
100
AcDbEntity
  8
VIA_HOLES
 62
     7
100
AcDbModelerGeometry
 70
     1
  1
noi nn n o 
  1
=0;& {rn {no {rn {rn |
  1
/061+ {rn moqgkfffgflfffffff knqgooomgnjffffffh o |
  1
):-+:' {rn {k {n |
  1
:336/,:r<*-): {rn moqikffffllffffffh knqgooomgnjffffffh o o o n oqnfffffi o o n o o |
  1
:;8: {rn {m {m {j {l o |
  1
<0:;8: {rn {j {j {rn {k o {i {rn |
  1
300/ {rn {rn {j {g |
  1
/3>1:r,*-9><: {rn moqjkffffjlffffffg knqgooomgnjffffffh o o o n rn o o o o o o o |
  1
9><: {rn {rn {i {f {rn {h o n o |
  1
,7:33 {rn {rn {rn {g {no |
  1
3*2/ {rn {rn {f {o |
  1
Z1;r09r^ \VLr;>+> 
1001
ACAD_OBJECT_CHANGE_GUID
1070
     1
1071
349429651
1070
 10214
1070
 19928
1070
   159
1070
    73
1070
   216
1070
   169
1070
   134
1070
   245
1070
     2
1070
   133
  0
HATCH
  5
2F0
330
1F
100
AcDbEntity
  8
VIA_HOLES
 62
     7
100
AcDbHatch
 10
0.0
 20
0.0
 30
0.0
210
0.0
220
0.0
230
1.0
  2
SOLID
 70
     1
 71
     1
 91
        1
 92
        1
 93
        1
 72
     2
 10
20.64999934
 20
41.80002816
 40
0.1999996
 50
0.0
 51
360.0
 73
     1
 97
        1
330
2EF
 75
     0
 76
     1
 98
        0
  0
REGION
  5
2F1
102
{ACAD_REACTORS
330
2F2
102
}
330
1F
100
AcDbEntity
  8
VIA_HOLES
 62
     7
100
AcDbModelerGeometry
 70
     1
  1
noi nn n o 
  1
=0;& {rn {no {rn {rn |
  1
/061+ {rn moqgkfffgflfffffff klqnooomgofffffffi o |
  1
):-+:' {rn {k {n |
  1
:336/,:r<*-): {rn moqikffffllffffffh klqnooomgofffffffi o o o n oqnfffffi o o n o o |
  1
:;8: {rn {m {m {j {l o |
  1
<0:;8: {rn {j {j {rn {k o {i {rn |
  1
300/ {rn {rn {j {g |
  1
/3>1:r,*-9><: {rn moqjkffffjlffffffg klqnooomgofffffffi o o o n rn o o o o o o o |
  1
9><: {rn {rn {i {f {rn {h o n o |
  1
,7:33 {rn {rn {rn {g {no |
  1
3*2/ {rn {rn {f {o |
  1
Z1;r09r^ \VLr;>+> 
1001
ACAD_OBJECT_CHANGE_GUID
1070
     1
1071
-16661888
1070
 -3900
1070
 16384
1070
   171
1070
   178
1070
   132
1070
   238
1070
    50
1070
    68
1070
    61
1070
    69
  0
HATCH
  5
2F2
330
1F
100
AcDbEntity
  8
VIA_HOLES
 62
     7
100
AcDbHatch
 10
0.0
 20
0.0
 30
0.0
210
0.0
220
0.0
230
1.0
  2
SOLID
 70
     1
 71
     1
 91
        1
 92
        1
 93
        1
 72
     2
 10
20.64999934
 20
43.1000281
 40
0.1999996
 50
0.0
 51
360.0
 73
     1
 97
        1
330
2F1
 75
     0
 76
     1
 98
        0
  0
REGION
  5
2F3
102
{ACAD_REACTORS
330
2F4
102
}
330
1F
100
AcDbEntity
  8
VIA_HOLES
 62
     7
100
AcDbModelerGeometry
 70
     1
  1
noi nn n o 
  1
=0;& {rn {no {rn {rn |
  1
/061+ {rn mkqmfffffiioooooon klqnooomjjjffffffm o |
  1
):-+:' {rn {k {n |
  1
:336/,:r<*-): {rn mkqnoooooojfffffff klqnooomjjjffffffm o o o n oqnfffffi o o n o o |
  1
:;8: {rn {m {m {j {l o |
  1
<0:;8: {rn {j {j {rn {k o {i {rn |
  1
300/ {rn {rn {j {g |
  1
/3>1:r,*-9><: {rn mkqoooooomi klqnooomjjjffffffm o o o n rn o o o o o o o |
  1
9><: {rn {rn {i {f {rn {h o n o |
  1
,7:33 {rn {rn {rn {g {no |
  1
3*2/ {rn {rn {f {o |
  1
Z1;r09r^ \VLr;>+> 
1001
ACAD_OBJECT_CHANGE_GUID
1070
     1
1071
2098830404
1070
  7092
1070
 20298
1070
   188
1070
   193
1070
   118
1070
   111
1070
   204
1070
    64
1070
    71
1070
   111
  0
HATCH
  5
2F4
330
1F
100
AcDbEntity
  8
VIA_HOLES
 62
     7
100
AcDbHatch
 10
0.0
 20
0.0
 30
0.0
210
0.0
220
0.0
230
1.0
  2
SOLID
 70
     1
 71
     1
 91
        1
 92
        1
 93
        1
 72
     2
 10
24.10000006
 20
43.10002555999999
 40
0.1999996
 50
0.0
 51
360.0
 73
     1
 97
        1
330
2F3
 75
     0
 76
     1
 98
        0
  0
REGION
  5
2F5
102
{ACAD_REACTORS
330
2F6
102
}
330
1F
100
AcDbEntity
  8
VIA_HOLES
 62
     7
100
AcDbModelerGeometry
 70
     1
  1
noi nn n o 
  1
=0;& {rn {no {rn {rn |
  1
/061+ {rn miqhkffffgkoooooon kmqkjoomigioooooon o |
  1
):-+:' {rn {k {n |
  1
:336/,:r<*-): {rn miqjjoooomlfffffff kmqkjoomigioooooon o o o n oqnfffffi o o n o o |
  1
:;8: {rn {m {m {j {l o |
  1
<0:;8: {rn {j {j {rn {k o {i {rn |
  1
300/ {rn {rn {j {g |
  1
/3>1:r,*-9><: {rn miqkjooookk kmqkjoomigioooooon o o o n rn o o o o o o o |
  1
9><: {rn {rn {i {f {rn {h o n o |
  1
,7:33 {rn {rn {rn {g {no |
  1
3*2/ {rn {rn {f {o |
  1
Z1;r09r^ \VLr;>+> 
1001
ACAD_OBJECT_CHANGE_GUID
1070
     1
1071
-180228339
1070
  6362
1070
 19399
1070
   163
1070
   254
1070
    83
1070
   133
1070
    32
1070
    57
1070
   179
1070
   197
  0
HATCH
  5
2F6
330
1F
100
AcDbEntity
  8
VIA_HOLES
 62
     7
100
AcDbHatch
 10
0.0
 20
0.0
 30
0.0
210
0.0
220
0.0
230
1.0
  2
SOLID
 70
     1
 71
     1
 91
        1
 92
        1
 93
        1
 72
     2
 10
26.55000024
 20
42.45002686
 40
0.1999996
 50
0.0
 51
360.0
 73
     1
 97
        1
330
2F5
 75
     0
 76
     1
 98
        0
  0
REGION
  5
2F7
102
{ACAD_REACTORS
330
2F8
102
}
330
1F
100
AcDbEntity
  8
VIA_HOLES
 62
     7
100
AcDbModelerGeometry
 70
     1
  1
noi nn n o 
  1
=0;& {rn {no {rn {rn |
  1
/061+ {rn miqhkffffgkoooooon knqnjoomifmoooooom o |
  1
):-+:' {rn {k {n |
  1
:336/,:r<*-): {rn miqjjoooomlfffffff knqnjoomifmoooooom o o o n oqnfffffi o o n o o |
  1
:;8: {rn {m {m {j {l o |
  1
<0:;8: {rn {j {j {rn {k o {i {rn |
  1
300/ {rn {rn {j {g |
  1
/3>1:r,*-9><: {rn miqkjooookk knqnjoomifmoooooom o o o n rn o o o o o o o |
  1
9><: {rn {rn {i {f {rn {h o n o |
  1
,7:33 {rn {rn {rn {g {no |
  1
3*2/ {rn {rn {f {o |
  1
Z1;r09r^ \VLr;>+> 
1001
ACAD_OBJECT_CHANGE_GUID
1070
     1
1071
1655413133
1070
 -5172
1070
 16621
1070
   181
1070
    34
1070
   101
1070
    30
1070
   136
1070
   112
1070
     3
1070
   209
  0
HATCH
  5
2F8
330
1F
100
AcDbEntity
  8
VIA_HOLES
 62
     7
100
AcDbHatch
 10
0.0
 20
0.0
 30
0.0
210
0.0
220
0.0
230
1.0
  2
SOLID
 70
     1
 71
     1
 91
        1
 92
        1
 93
        1
 72
     2
 10
26.55000024
 20
41.15002692
 40
0.1999996
 50
0.0
 51
360.0
 73
     1
 97
        1
330
2F7
 75
     0
 76
     1
 98
        0
  0
REGION
  5
2F9
102
{ACAD_REACTORS
330
2FA
102
}
330
1F
100
AcDbEntity
  8
VIA_HOLES
 62
     7
100
AcDbModelerGeometry
 70
     1
  1
noi nn n o 
  1
=0;& {rn {no {rn {rn |
  1
/061+ {rn mkqmfffffiioooooon knqgmjomkmfffffffj o |
  1
):-+:' {rn {k {n |
  1
:336/,:r<*-): {rn mkqnoooooojfffffff knqgmjomkmfffffffj o o o n oqnfffffi o o n o o |
  1
:;8: {rn {m {m {j {l o |
  1
<0:;8: {rn {j {j {rn {k o {i {rn |
  1
300/ {rn {rn {j {g |
  1
/3>1:r,*-9><: {rn mkqoooooomi knqgmjomkmfffffffj o o o n rn o o o o o o o |
  1
9><: {rn {rn {i {f {rn {h o n o |
  1
,7:33 {rn {rn {rn {g {no |
  1
3*2/ {rn {rn {f {o |
  1
Z1;r09r^ \VLr;>+> 
1001
ACAD_OBJECT_CHANGE_GUID
1070
     1
1071
-61610054
1070
  5039
1070
 16438
1070
   171
1070
   230
1070
   177
1070
   144
1070
   220
1070
   148
1070
    73
1070
   196
  0
HATCH
  5
2FA
330
1F
100
AcDbEntity
  8
VIA_HOLES
 62
     7
100
AcDbHatch
 10
0.0
 20
0.0
 30
0.0
210
0.0
220
0.0
230
1.0
  2
SOLID
 70
     1
 71
     1
 91
        1
 92
        1
 93
        1
 72
     2
 10
24.10000006
 20
41.8250243
 40
0.1999996
 50
0.0
 51
360.0
 73
     1
 97
        1
330
2F9
 75
     0
 76
     1
 98
        0
  0
REGION
  5
2FB
102
{ACAD_REACTORS
330
2FC
102
}
330
1F
100
AcDbEntity
  8
VIA_HOLES
 62
     7
100
AcDbModelerGeometry
 70
     1
  1
noi nn n o 
  1
=0;& {rn {no {rn {rn |
  1
/061+ {rn mkqmfffffiioooooon koqjmjomif o |
  1
):-+:' {rn {k {n |
  1
:336/,:r<*-): {rn mkqnoooooojfffffff koqjmjomif o o o n oqnfffffi o o n o o |
  1
:;8: {rn {m {m {j {l o |
  1
<0:;8: {rn {j {j {rn {k o {i {rn |
  1
300/ {rn {rn {j {g |
  1
/3>1:r,*-9><: {rn mkqoooooomi koqjmjomif o o o n rn o o o o o o o |
  1
9><: {rn {rn {i {f {rn {h o n o |
  1
,7:33 {rn {rn {rn {g {no |
  1
3*2/ {rn {rn {f {o |
  1
Z1;r09r^ \VLr;>+> 
1001
ACAD_OBJECT_CHANGE_GUID
1070
     1
1071
-979097710
1070
   511
1070
 19084
1070
   131
1070
    46
1070
     9
1070
   185
1070
   143
1070
    68
1070
     6
1070
     1
  0
HATCH
  5
2FC
330
1F
100
AcDbEntity
  8
VIA_HOLES
 62
     7
100
AcDbHatch
 10
0.0
 20
0.0
 30
0.0
210
0.0
220
0.0
230
1.0
  2
SOLID
 70
     1
 71
     1
 91
        1
 92
        1
 93
        1
 72
     2
 10
24.10000006
 20
40.5250269
 40
0.1999996
 50
0.0
 51
360.0
 73
     1
 97
        1
330
2FB
 75
     0
 76
     1
 98
        0
  0
REGION
  5
2FD
102
{ACAD_REACTORS
330
2FE
102
}
330
1F
100
AcDbEntity
  8
VIA_HOLES
 62
     7
100
AcDbModelerGeometry
 70
     1
  1
noi nn n o 
  1
=0;& {rn {no {rn {rn |
  1
/061+ {rn miqhkffffgkoooooon lfqghjomjijfffffff o |
  1
):-+:' {rn {k {n |
  1
:336/,:r<*-): {rn miqjjoooomlfffffff lfqghjomjijfffffff o o o n oqnfffffi o o n o o |
  1
:;8: {rn {m {m {j {l o |
  1
<0:;8: {rn {j {j {rn {k o {i {rn |
  1
300/ {rn {rn {j {g |
  1
/3>1:r,*-9><: {rn miqkjooookk lfqghjomjijfffffff o o o n rn o o o o o o o |
  1
9><: {rn {rn {i {f {rn {h o n o |
  1
,7:33 {rn {rn {rn {g {no |
  1
3*2/ {rn {rn {f {o |
  1
Z1;r09r^ \VLr;>+> 
1001
ACAD_OBJECT_CHANGE_GUID
1070
     1
1071
-1512075334
1070
 25558
1070
 19953
1070
   175
1070
   147
1070
    96
1070
   162
1070
   191
1070
   237
1070
   234
1070
    54
  0
HATCH
  5
2FE
330
1F
100
AcDbEntity
  8
VIA_HOLES
 62
     7
100
AcDbHatch
 10
0.0
 20
0.0
 30
0.0
210
0.0
220
0.0
230
1.0
  2
SOLID
 70
     1
 71
     1
 91
        1
 92
        1
 93
        1
 72
     2
 10
26.55000024
 20
39.87502566
 40
0.1999996
 50
0.0
 51
360.0
 73
     1
 97
        1
330
2FD
 75
     0
 76
     1
 98
        0
  0
REGION
  5
2FF
102
{ACAD_REACTORS
330
300
102
}
330
1F
100
AcDbEntity
  8
VIA_HOLES
 62
     7
100
AcDbModelerGeometry
 70
     1
  1
noi nn n o 
  1
=0;& {rn {no {rn {rn |
  1
/061+ {rn mkqmfffffiioooooon lfqmmjomkknffffffh o |
  1
):-+:' {rn {k {n |
  1
:336/,:r<*-): {rn mkqnoooooojfffffff lfqmmjomkknffffffh o o o n oqnfffffi o o n o o |
  1
:;8: {rn {m {m {j {l o |
  1
<0:;8: {rn {j {j {rn {k o {i {rn |
  1
300/ {rn {rn {j {g |
  1
/3>1:r,*-9><: {rn mkqoooooomi lfqmmjomkknffffffh o o o n rn o o o o o o o |
  1
9><: {rn {rn {i {f {rn {h o n o |
  1
,7:33 {rn {rn {rn {g {no |
  1
3*2/ {rn {rn {f {o |
  1
Z1;r09r^ \VLr;>+> 
1001
ACAD_OBJECT_CHANGE_GUID
1070
     1
1071
-322106165
1070
 14522
1070
 19785
1070
   133
1070
   212
1070
    35
1070
    32
1070
   206
1070
    37
1070
    50
1070
   151
  0
HATCH
  5
300
330
1F
100
AcDbEntity
  8
VIA_HOLES
 62
     7
100
AcDbHatch
 10
0.0
 20
0.0
 30
0.0
210
0.0
220
0.0
230
1.0
  2
SOLID
 70
     1
 71
     1
 91
        1
 92
        1
 93
        1
 72
     2
 10
24.10000006
 20
39.22502442
 40
0.1999996
 50
0.0
 51
360.0
 73
     1
 97
        1
330
2FF
 75
     0
 76
     1
 98
        0
  0
REGION
  5
301
102
{ACAD_REACTORS
330
302
102
}
330
1F
100
AcDbEntity
  8
VIA_HOLES
 62
     7
100
AcDbModelerGeometry
 70
     1
  1
noi nn n o 
  1
=0;& {rn {no {rn {rn |
  1
/061+ {rn miqiffffhkooooooon lgqjhjomjhnfffffff o |
  1
):-+:' {rn {k {n |
  1
:336/,:r<*-): {rn miqkffffhhffffffff lgqjhjomjhnfffffff o o o n oqnfffffi o o n o o |
  1
:;8: {rn {m {m {j {l o |
  1
<0:;8: {rn {j {j {rn {k o {i {rn |
  1
300/ {rn {rn {j {g |
  1
/3>1:r,*-9><: {rn miqlffffg lgqjhjomjhnfffffff o o o n rn o o o o o o o |
  1
9><: {rn {rn {i {f {rn {h o n o |
  1
,7:33 {rn {rn {rn {g {no |
  1
3*2/ {rn {rn {f {o |
  1
Z1;r09r^ \VLr;>+> 
1001
ACAD_OBJECT_CHANGE_GUID
1070
     1
1071
347372841
1070
 -6273
1070
 18439
1070
   145
1070
    30
1070
   133
1070
   132
1070
   207
1070
   115
1070
   123
1070
    54
  0
HATCH
  5
302
330
1F
100
AcDbEntity
  8
VIA_HOLES
 62
     7
100
AcDbHatch
 10
0.0
 20
0.0
 30
0.0
210
0.0
220
0.0
230
1.0
  2
SOLID
 70
     1
 71
     1
 91
        1
 92
        1
 93
        1
 72
     2
 10
26.4999978
 20
38.57502572
 40
0.1999996
 50
0.0
 51
360.0
 73
     1
 97
        1
330
301
 75
     0
 76
     1
 98
        0
  0
REGION
  5
303
102
{ACAD_REACTORS
330
304
102
}
330
1F
100
AcDbEntity
  8
VIA_HOLES
 62
     7
100
AcDbModelerGeometry
 70
     1
  1
noi nn n o 
  1
=0;& {rn {no {rn {rn |
  1
/061+ {rn njqnooooomhffffffg liqiooomjgjffffffj o |
  1
):-+:' {rn {k {n |
  1
:336/,:r<*-): {rn nkqfoooooihffffffg liqiooomjgjffffffj o o o n oqnfffffi o o n o o |
  1
:;8: {rn {m {m {j {l o |
  1
<0:;8: {rn {j {j {rn {k o {i {rn |
  1
300/ {rn {rn {j {g |
  1
/3>1:r,*-9><: {rn nkqgoooooghfffffff liqiooomjgjffffffj o o o n rn o o o o o o o |
  1
9><: {rn {rn {i {f {rn {h o n o |
  1
,7:33 {rn {rn {rn {g {no |
  1
3*2/ {rn {rn {f {o |
  1
Z1;r09r^ \VLr;>+> 
1001
ACAD_OBJECT_CHANGE_GUID
1070
     1
1071
1026873148
1070
 20128
1070
 19501
1070
   135
1070
   122
1070
   138
1070
    20
1070
   212
1070
    27
1070
   160
1070
    59
  0
HATCH
  5
304
330
1F
100
AcDbEntity
  8
VIA_HOLES
 62
     7
100
AcDbHatch
 10
0.0
 20
0.0
 30
0.0
210
0.0
220
0.0
230
1.0
  2
SOLID
 70
     1
 71
     1
 91
        1
 92
        1
 93
        1
 72
     2
 10
14.90000068
 20
36.60002586
 40
0.1999996
 50
0.0
 51
360.0
 73
     1
 97
        1
330
303
 75
     0
 76
     1
 98
        0
  0
REGION
  5
305
102
{ACAD_REACTORS
330
306
102
}
330
1F
100
AcDbEntity
  8
VIA_HOLES
 62
     7
100
AcDbModelerGeometry
 70
     1
  1
noi nn n o 
  1
=0;& {rn {no {rn {rn |
  1
/061+ {rn koqjjoooonhffffffn klqmooomjljffffffg o |
  1
):-+:' {rn {k {n |
  1
:336/,:r<*-): {rn koqljoooojhffffffl klqmooomjljffffffg o o o n oqnfffffi o o n o o |
  1
:;8: {rn {m {m {j {l o |
  1
<0:;8: {rn {j {j {rn {k o {i {rn |
  1
300/ {rn {rn {j {g |
  1
/3>1:r,*-9><: {rn koqmjoooohhffffffl klqmooomjljffffffg o o o n rn o o o o o o o |
  1
9><: {rn {rn {i {f {rn {h o n o |
  1
,7:33 {rn {rn {rn {g {no |
  1
3*2/ {rn {rn {f {o |
  1
Z1;r09r^ \VLr;>+> 
1001
ACAD_OBJECT_CHANGE_GUID
1070
     1
1071
-1054495698
1070
-11169
1070
 17360
1070
   159
1070
   158
1070
    77
1070
    95
1070
   114
1070
   238
1070
    60
1070
   169
  0
HATCH
  5
306
330
1F
100
AcDbEntity
  8
VIA_HOLES
 62
     7
100
AcDbHatch
 10
0.0
 20
0.0
 30
0.0
210
0.0
220
0.0
230
1.0
  2
SOLID
 70
     1
 71
     1
 91
        1
 92
        1
 93
        1
 72
     2
 10
40.35000057999999
 20
43.20002536
 40
0.1999996
 50
0.0
 51
360.0
 73
     1
 97
        1
330
305
 75
     0
 76
     1
 98
        0
  0
REGION
  5
307
102
{ACAD_REACTORS
330
308
102
}
330
1F
100
AcDbEntity
  8
VIA_HOLES
 62
     7
100
AcDbModelerGeometry
 70
     1
  1
noi nn n o 
  1
=0;& {rn {no {rn {rn |
  1
/061+ {rn jnqijooooglffffffh mkqfjoomimfffffffg o |
  1
):-+:' {rn {k {n |
  1
:336/,:r<*-): {rn jnqkjooonmlfffffff mkqfjoomimfffffffg o o o n oqnfffffi o o n o o |
  1
:;8: {rn {m {m {j {l o |
  1
<0:;8: {rn {j {j {rn {k o {i {rn |
  1
300/ {rn {rn {j {g |
  1
/3>1:r,*-9><: {rn jnqljooonkk mkqfjoomimfffffffg o o o n rn o o o o o o o |
  1
9><: {rn {rn {i {f {rn {h o n o |
  1
,7:33 {rn {rn {rn {g {no |
  1
3*2/ {rn {rn {f {o |
  1
Z1;r09r^ \VLr;>+> 
1001
ACAD_OBJECT_CHANGE_GUID
1070
     1
1071
756497697
1070
-28933
1070
 17509
1070
   151
1070
   246
1070
    51
1070
   134
1070
   252
1070
    90
1070
    70
1070
    78
  0
HATCH
  5
308
330
1F
100
AcDbEntity
  8
VIA_HOLES
 62
     7
100
AcDbHatch
 10
0.0
 20
0.0
 30
0.0
210
0.0
220
0.0
230
1.0
  2
SOLID
 70
     1
 71
     1
 91
        1
 92
        1
 93
        1
 72
     2
 10
51.45000124
 20
24.9500263
 40
0.1999996
 50
0.0
 51
360.0
 73
     1
 97
        1
330
307
 75
     0
 76
     1
 98
        0
  0
REGION
  5
309
102
{ACAD_REACTORS
330
30A
102
}
330
1F
100
AcDbEntity
  8
VIA_HOLES
 62
     7
100
AcDbModelerGeometry
 70
     1
  1
noi nn n o 
  1
=0;& {rn {no {rn {rn |
  1
/061+ {rn jkqljkoghlgooooool mhqfioolgojfffffff o |
  1
):-+:' {rn {k {n |
  1
:336/,:r<*-): {rn jkqnjkoghhgooooooj mhqfioolgojfffffff o o o n oqnfffffi o o n o o |
  1
:;8: {rn {m {m {j {l o |
  1
<0:;8: {rn {j {j {rn {k o {i {rn |
  1
300/ {rn {rn {j {g |
  1
/3>1:r,*-9><: {rn jkqojkoghfgooooooi mhqfioolgojfffffff o o o n rn o o o o o o o |
  1
9><: {rn {rn {i {f {rn {h o n o |
  1
,7:33 {rn {rn {rn {g {no |
  1
3*2/ {rn {rn {f {o |
  1
Z1;r09r^ \VLr;>+> 
1001
ACAD_OBJECT_CHANGE_GUID
1070
     1
1071
120151170
1070
  7875
1070
 18188
1070
   153
1070
    91
1070
   250
1070
   119
1070
    15
1070
    28
1070
   104
1070
   227
  0
HATCH
  5
30A
330
1F
100
AcDbEntity
  8
VIA_HOLES
 62
     7
100
AcDbHatch
 10
0.0
 20
0.0
 30
0.0
210
0.0
220
0.0
230
1.0
  2
SOLID
 70
     1
 71
     1
 91
        1
 92
        1
 93
        1
 72
     2
 10
54.15408778
 20
27.96003806
 40
0.1999996
 50
0.0
 51
360.0
 73
     1
 97
        1
330
309
 75
     0
 76
     1
 98
        0
  0
REGION
  5
30B
102
{ACAD_REACTORS
330
30C
102
}
330
1F
100
AcDbEntity
  8
VIA_HOLES
 62
     7
100
AcDbModelerGeometry
 70
     1
  1
noi nn n o 
  1
=0;& {rn {no {rn {rn |
  1
/061+ {rn jnqijooooglffffffh loqfjoomkkjffffffj o |
  1
):-+:' {rn {k {n |
  1
:336/,:r<*-): {rn jnqkjooonmlfffffff loqfjoomkkjffffffj o o o n oqnfffffi o o n o o |
  1
:;8: {rn {m {m {j {l o |
  1
<0:;8: {rn {j {j {rn {k o {i {rn |
  1
300/ {rn {rn {j {g |
  1
/3>1:r,*-9><: {rn jnqljooonkk loqfjoomkkjffffffj o o o n rn o o o o o o o |
  1
9><: {rn {rn {i {f {rn {h o n o |
  1
,7:33 {rn {rn {rn {g {no |
  1
3*2/ {rn {rn {f {o |
  1
Z1;r09r^ \VLr;>+> 
1001
ACAD_OBJECT_CHANGE_GUID
1070
     1
1071
-61844965
1070
 13486
1070
 18792
1070
   157
1070
   255
1070
   249
1070
   198
1070
   127
1070
   169
1070
    20
1070
    34
  0
HATCH
  5
30C
330
1F
100
AcDbEntity
  8
VIA_HOLES
 62
     7
100
AcDbHatch
 10
0.0
 20
0.0
 30
0.0
210
0.0
220
0.0
230
1.0
  2
SOLID
 70
     1
 71
     1
 91
        1
 92
        1
 93
        1
 72
     2
 10
51.45000124
 20
30.95002445999999
 40
0.1999996
 50
0.0
 51
360.0
 73
     1
 97
        1
330
30B
 75
     0
 76
     1
 98
        0
  0
REGION
  5
30D
102
{ACAD_REACTORS
330
30E
102
}
330
1F
100
AcDbEntity
  8
VIA_HOLES
 62
     7
100
AcDbModelerGeometry
 70
     1
  1
noi nn n o 
  1
=0;& {rn {no {rn {rn |
  1
/061+ {rn jnqijooooglffffffh llqfooominhffffffg o |
  1
):-+:' {rn {k {n |
  1
:336/,:r<*-): {rn jnqkjooonmlfffffff llqfooominhffffffg o o o n oqnfffffi o o n o o |
  1
:;8: {rn {m {m {j {l o |
  1
<0:;8: {rn {j {j {rn {k o {i {rn |
  1
300/ {rn {rn {j {g |
  1
/3>1:r,*-9><: {rn jnqljooonkk llqfooominhffffffg o o o n rn o o o o o o o |
  1
9><: {rn {rn {i {f {rn {h o n o |
  1
,7:33 {rn {rn {rn {g {no |
  1
3*2/ {rn {rn {f {o |
  1
Z1;r09r^ \VLr;>+> 
1001
ACAD_OBJECT_CHANGE_GUID
1070
     1
1071
-382661609
1070
  5358
1070
 18111
1070
   136
1070
   116
1070
   166
1070
    73
1070
    75
1070
    27
1070
   230
1070
    83
  0
HATCH
  5
30E
330
1F
100
AcDbEntity
  8
VIA_HOLES
 62
     7
100
AcDbHatch
 10
0.0
 20
0.0
 30
0.0
210
0.0
220
0.0
230
1.0
  2
SOLID
 70
     1
 71
     1
 91
        1
 92
        1
 93
        1
 72
     2
 10
51.45000124
 20
33.90002618
 40
0.1999996
 50
0.0
 51
360.0
 73
     1
 97
        1
330
30D
 75
     0
 76
     1
 98
        0
  0
REGION
  5
30F
102
{ACAD_REACTORS
330
310
102
}
330
1F
100
AcDbEntity
  8
VIA_HOLES
 62
     7
100
AcDbModelerGeometry
 70
     1
  1
noi nn n o 
  1
=0;& {rn {no {rn {rn |
  1
/061+ {rn mgqgijigjmm ljqhooomjnnffffffm o |
  1
):-+:' {rn {k {n |
  1
:336/,:r<*-): {rn mgqiijigjinffffffg ljqhooomjnnffffffm o o o n oqnfffffi o o n o o |
  1
:;8: {rn {m {m {j {l o |
  1
<0:;8: {rn {j {j {rn {k o {i {rn |
  1
300/ {rn {rn {j {g |
  1
/3>1:r,*-9><: {rn mgqjijigjgnfffffff ljqhooomjnnffffffm o o o n rn o o o o o o o |
  1
9><: {rn {rn {i {f {rn {h o n o |
  1
,7:33 {rn {rn {rn {g {no |
  1
3*2/ {rn {rn {f {o |
  1
Z1;r09r^ \VLr;>+> 
1001
ACAD_OBJECT_CHANGE_GUID
1070
     1
1071
294659524
1070
-19824
1070
 18176
1070
   149
1070
   145
1070
   247
1070
    88
1070
    28
1070
   246
1070
   213
1070
   151
  0
HATCH
  5
310
330
1F
100
AcDbEntity
  8
VIA_HOLES
 62
     7
100
AcDbHatch
 10
0.0
 20
0.0
 30
0.0
210
0.0
220
0.0
230
1.0
  2
SOLID
 70
     1
 71
     1
 91
        1
 92
        1
 93
        1
 72
     2
 10
28.66568562
 20
35.70002511999999
 40
0.1999996
 50
0.0
 51
360.0
 73
     1
 97
        1
330
30F
 75
     0
 76
     1
 98
        0
  0
REGION
  5
311
102
{ACAD_REACTORS
330
312
102
}
330
1F
100
AcDbEntity
  8
VIA_HOLES
 62
     7
100
AcDbModelerGeometry
 70
     1
  1
noi nn n o 
  1
=0;& {rn {no {rn {rn |
  1
/061+ {rn lgqnnknfofhffffffh lmqmooomfjhfffffff o |
  1
):-+:' {rn {k {n |
  1
:336/,:r<*-): {rn lhqfnknfnlhffffffg lmqmooomfjhfffffff o o o n oqnfffffi o o n o o |
  1
:;8: {rn {m {m {j {l o |
  1
<0:;8: {rn {j {j {rn {k o {i {rn |
  1
300/ {rn {rn {j {g |
  1
/3>1:r,*-9><: {rn lhqgnknfnjhfffffff lmqmooomfjhfffffff o o o n rn o o o o o o o |
  1
9><: {rn {rn {i {f {rn {h o n o |
  1
,7:33 {rn {rn {rn {g {no |
  1
3*2/ {rn {rn {f {o |
  1
Z1;r09r^ \VLr;>+> 
1001
ACAD_OBJECT_CHANGE_GUID
1070
     1
1071
1389956533
1070
-21758
1070
 16562
1070
   173
1070
    85
1070
   185
1070
   122
1070
     5
1070
    60
1070
   204
1070
    42
  0
HATCH
  5
312
330
1F
100
AcDbEntity
  8
VIA_HOLES
 62
     7
100
AcDbHatch
 10
0.0
 20
0.0
 30
0.0
210
0.0
220
0.0
230
1.0
  2
SOLID
 70
     1
 71
     1
 91
        1
 92
        1
 93
        1
 72
     2
 10
37.91419138
 20
32.20002958
 40
0.1999996
 50
0.0
 51
360.0
 73
     1
 97
        1
330
311
 75
     0
 76
     1
 98
        0
  0
REGION
  5
313
102
{ACAD_REACTORS
330
314
102
}
330
1F
100
AcDbEntity
  8
VIA_HOLES
 62
     7
100
AcDbModelerGeometry
 70
     1
  1
noi nn n o 
  1
=0;& {rn {no {rn {rn |
  1
/061+ {rn lgqofffffffffffffk lkqmooomgnnfffffff o |
  1
):-+:' {rn {k {n |
  1
:336/,:r<*-): {rn lhqfooooolfffffffi lkqmooomgnnfffffff o o o n oqnfffffi o o n o o |
  1
:;8: {rn {m {m {j {l o |
  1
<0:;8: {rn {j {j {rn {k o {i {rn |
  1
300/ {rn {rn {j {g |
  1
/3>1:r,*-9><: {rn lhqgooooojfffffffh lkqmooomgnnfffffff o o o n rn o o o o o o o |
  1
9><: {rn {rn {i {f {rn {h o n o |
  1
,7:33 {rn {rn {rn {g {no |
  1
3*2/ {rn {rn {f {o |
  1
Z1;r09r^ \VLr;>+> 
1001
ACAD_OBJECT_CHANGE_GUID
1070
     1
1071
-790927614
1070
 23294
1070
 17255
1070
   174
1070
    99
1070
   247
1070
   139
1070
   238
1070
   192
1070
   147
1070
   255
  0
HATCH
  5
314
330
1F
100
AcDbEntity
  8
VIA_HOLES
 62
     7
100
AcDbHatch
 10
0.0
 20
0.0
 30
0.0
210
0.0
220
0.0
230
1.0
  2
SOLID
 70
     1
 71
     1
 91
        1
 92
        1
 93
        1
 72
     2
 10
37.9000004
 20
34.20002812
 40
0.1999996
 50
0.0
 51
360.0
 73
     1
 97
        1
330
313
 75
     0
 76
     1
 98
        0
  0
REGION
  5
315
102
{ACAD_REACTORS
330
316
102
}
330
1F
100
AcDbEntity
  8
VIA_HOLES
 62
     7
100
AcDbModelerGeometry
 70
     1
  1
noi nn n o 
  1
=0;& {rn {no {rn {rn |
  1
/061+ {rn ljqihjoonolffffffg loqhhjomljlffffffi o |
  1
):-+:' {rn {k {n |
  1
:336/,:r<*-): {rn ljqkhjoonkk loqhhjomljlffffffi o o o n oqnfffffi o o n o o |
  1
:;8: {rn {m {m {j {l o |
  1
<0:;8: {rn {j {j {rn {k o {i {rn |
  1
300/ {rn {rn {j {g |
  1
/3>1:r,*-9><: {rn ljqlhjoonikoooooon loqhhjomljlffffffi o o o n rn o o o o o o o |
  1
9><: {rn {rn {i {f {rn {h o n o |
  1
,7:33 {rn {rn {rn {g {no |
  1
3*2/ {rn {rn {f {o |
  1
Z1;r09r^ \VLr;>+> 
1001
ACAD_OBJECT_CHANGE_GUID
1070
     1
1071
-772451599
1070
-25988
1070
 17061
1070
   183
1070
   216
1070
    27
1070
    19
1070
   213
1070
   121
1070
   124
1070
   221
  0
HATCH
  5
316
330
1F
100
AcDbEntity
  8
VIA_HOLES
 62
     7
100
AcDbHatch
 10
0.0
 20
0.0
 30
0.0
210
0.0
220
0.0
230
1.0
  2
SOLID
 70
     1
 71
     1
 91
        1
 92
        1
 93
        1
 72
     2
 10
35.47500144
 20
30.77502354
 40
0.1999996
 50
0.0
 51
360.0
 73
     1
 97
        1
330
315
 75
     0
 76
     1
 98
        0
  0
REGION
  5
317
102
{ACAD_REACTORS
330
318
102
}
330
1F
100
AcDbEntity
  8
VIA_HOLES
 62
     7
100
AcDbModelerGeometry
 70
     1
  1
noi nn n o 
  1
=0;& {rn {no {rn {rn |
  1
/061+ {rn kjqljkofonlffffffh mjqoooomimooooooon o |
  1
):-+:' {rn {k {n |
  1
:336/,:r<*-): {rn kjqnjkofojlfffffff mjqoooomimooooooon o o o n oqnfffffi o o n o o |
  1
:;8: {rn {m {m {j {l o |
  1
<0:;8: {rn {j {j {rn {k o {i {rn |
  1
300/ {rn {rn {j {g |
  1
/3>1:r,*-9><: {rn kjqojkofohlfffffff mjqoooomimooooooon o o o n rn o o o o o o o |
  1
9><: {rn {rn {i {f {rn {h o n o |
  1
,7:33 {rn {rn {rn {g {no |
  1
3*2/ {rn {rn {f {o |
  1
Z1;r09r^ \VLr;>+> 
1001
ACAD_OBJECT_CHANGE_GUID
1070
     1
1071
1042026439
1070
-28538
1070
 18603
1070
   128
1070
   141
1070
    74
1070
   180
1070
   250
1070
    85
1070
   157
1070
   128
  0
HATCH
  5
318
330
1F
100
AcDbEntity
  8
VIA_HOLES
 62
     7
100
AcDbHatch
 10
0.0
 20
0.0
 30
0.0
210
0.0
220
0.0
230
1.0
  2
SOLID
 70
     1
 71
     1
 91
        1
 92
        1
 93
        1
 72
     2
 10
45.15409054
 20
25.0000262
 40
0.1999996
 50
0.0
 51
360.0
 73
     1
 97
        1
330
317
 75
     0
 76
     1
 98
        0
  0
REGION
  5
319
102
{ACAD_REACTORS
330
31A
102
}
330
1F
100
AcDbEntity
  8
VIA_HOLES
 62
     7
100
AcDbModelerGeometry
 70
     1
  1
noi nn n o 
  1
=0;& {rn {no {rn {rn |
  1
/061+ {rn kgqkfffffjnffffffi llqfjoomiogoooooon o |
  1
):-+:' {rn {k {n |
  1
:336/,:r<*-): {rn kgqmffffffnffffffg llqfjoomiogoooooon o o o n oqnfffffi o o n o o |
  1
:;8: {rn {m {m {j {l o |
  1
<0:;8: {rn {j {j {rn {k o {i {rn |
  1
300/ {rn {rn {j {g |
  1
/3>1:r,*-9><: {rn kgqmooooonnfffffff llqfjoomiogoooooon o o o n rn o o o o o o o |
  1
9><: {rn {rn {i {f {rn {h o n o |
  1
,7:33 {rn {rn {rn {g {no |
  1
3*2/ {rn {rn {f {o |
  1
Z1;r09r^ \VLr;>+> 
1001
ACAD_OBJECT_CHANGE_GUID
1070
     1
1071
904024643
1070
 -3216
1070
 20186
1070
   167
1070
    60
1070
   237
1070
    80
1070
   161
1070
   168
1070
   127
1070
     4
  0
HATCH
  5
31A
330
1F
100
AcDbEntity
  8
VIA_HOLES
 62
     7
100
AcDbHatch
 10
0.0
 20
0.0
 30
0.0
210
0.0
220
0.0
230
1.0
  2
SOLID
 70
     1
 71
     1
 91
        1
 92
        1
 93
        1
 72
     2
 10
48.29999992
 20
33.95002608
 40
0.1999996
 50
0.0
 51
360.0
 73
     1
 97
        1
330
319
 75
     0
 76
     1
 98
        0
  0
REGION
  5
31B
102
{ACAD_REACTORS
330
31C
102
}
330
1F
100
AcDbEntity
  8
VIA_HOLES
 62
     7
100
AcDbModelerGeometry
 70
     1
  1
noi nn n o 
  1
=0;& {rn {no {rn {rn |
  1
/061+ {rn kgqkfffffjnffffffi mnqojoomikhffffffi o |
  1
):-+:' {rn {k {n |
  1
:336/,:r<*-): {rn kgqmffffffnffffffg mnqojoomikhffffffi o o o n oqnfffffi o o n o o |
  1
:;8: {rn {m {m {j {l o |
  1
<0:;8: {rn {j {j {rn {k o {i {rn |
  1
300/ {rn {rn {j {g |
  1
/3>1:r,*-9><: {rn kgqmooooonnfffffff mnqojoomikhffffffi o o o n rn o o o o o o o |
  1
9><: {rn {rn {i {f {rn {h o n o |
  1
,7:33 {rn {rn {rn {g {no |
  1
3*2/ {rn {rn {f {o |
  1
Z1;r09r^ \VLr;>+> 
1001
ACAD_OBJECT_CHANGE_GUID
1070
     1
1071
-695777904
1070
-29028
1070
 17673
1070
   183
1070
    21
1070
   210
1070
    56
1070
   238
1070
   182
1070
    47
1070
   121
  0
HATCH
  5
31C
330
1F
100
AcDbEntity
  8
VIA_HOLES
 62
     7
100
AcDbHatch
 10
0.0
 20
0.0
 30
0.0
210
0.0
220
0.0
230
1.0
  2
SOLID
 70
     1
 71
     1
 91
        1
 92
        1
 93
        1
 72
     2
 10
48.29999992
 20
21.05002648
 40
0.1999996
 50
0.0
 51
360.0
 73
     1
 97
        1
330
31B
 75
     0
 76
     1
 98
        0
  0
REGION
  5
31D
102
{ACAD_REACTORS
330
31E
102
}
330
1F
100
AcDbEntity
  8
VIA_HOLES
 62
     7
100
AcDbModelerGeometry
 70
     1
  1
noi nn n o 
  1
=0;& {rn {no {rn {rn |
  1
/061+ {rn nhqjhjoonig joqoooomiffffffffi o |
  1
):-+:' {rn {k {n |
  1
:336/,:r<*-): {rn nhqlhjoomohffffffg joqoooomiffffffffi o o o n oqnfffffi o o n o o |
  1
:;8: {rn {m {m {j {l o |
  1
<0:;8: {rn {j {j {rn {k o {i {rn |
  1
300/ {rn {rn {j {g |
  1
/3>1:r,*-9><: {rn nhqmhjoommhfffffff joqoooomiffffffffi o o o n rn o o o o o o o |
  1
9><: {rn {rn {i {f {rn {h o n o |
  1
,7:33 {rn {rn {rn {g {no |
  1
3*2/ {rn {rn {f {o |
  1
Z1;r09r^ \VLr;>+> 
1001
ACAD_OBJECT_CHANGE_GUID
1070
     1
1071
-1984060192
1070
 13380
1070
 16744
1070
   191
1070
   170
1070
    81
1070
   195
1070
   248
1070
    48
1070
   232
1070
   224
  0
HATCH
  5
31E
330
1F
100
AcDbEntity
  8
VIA_HOLES
 62
     7
100
AcDbHatch
 10
0.0
 20
0.0
 30
0.0
210
0.0
220
0.0
230
1.0
  2
SOLID
 70
     1
 71
     1
 91
        1
 92
        1
 93
        1
 72
     2
 10
17.37500208
 20
50.000027
 40
0.1999996
 50
0.0
 51
360.0
 73
     1
 97
        1
330
31D
 75
     0
 76
     1
 98
        0
  0
REGION
  5
31F
102
{ACAD_REACTORS
330
320
102
}
330
1F
100
AcDbEntity
  8
VIA_HOLES
 62
     7
100
AcDbModelerGeometry
 70
     1
  1
noi nn n o 
  1
=0;& {rn {no {rn {rn |
  1
/061+ {rn mgqgjoooohmoooooon jmqlooomkflffffffl o |
  1
):-+:' {rn {k {n |
  1
:336/,:r<*-): {rn mgqijooonnnfffffff jmqlooomkflffffffl o o o n oqnfffffi o o n o o |
  1
:;8: {rn {m {m {j {l o |
  1
<0:;8: {rn {j {j {rn {k o {i {rn |
  1
300/ {rn {rn {j {g |
  1
/3>1:r,*-9><: {rn mgqjjooonlm jmqlooomkflffffffl o o o n rn o o o o o o o |
  1
9><: {rn {rn {i {f {rn {h o n o |
  1
,7:33 {rn {rn {rn {g {no |
  1
3*2/ {rn {rn {f {o |
  1
Z1;r09r^ \VLr;>+> 
1001
ACAD_OBJECT_CHANGE_GUID
1070
     1
1071
-1942327099
1070
-31617
1070
 18626
1070
   146
1070
   166
1070
   176
1070
   182
1070
    49
1070
   150
1070
    83
1070
   148
  0
HATCH
  5
320
330
1F
100
AcDbEntity
  8
VIA_HOLES
 62
     7
100
AcDbHatch
 10
0.0
 20
0.0
 30
0.0
210
0.0
220
0.0
230
1.0
  2
SOLID
 70
     1
 71
     1
 91
        1
 92
        1
 93
        1
 72
     2
 10
28.65000112
 20
52.30002493999999
 40
0.1999996
 50
0.0
 51
360.0
 73
     1
 97
        1
330
31F
 75
     0
 76
     1
 98
        0
  0
REGION
  5
321
102
{ACAD_REACTORS
330
322
102
}
330
1F
100
AcDbEntity
  8
VIA_HOLES
 62
     7
100
AcDbModelerGeometry
 70
     1
  1
noi nn n o 
  1
=0;& {rn {no {rn {rn |
  1
/061+ {rn mhqfkfffffgoooooon jmqmjoomjolffffffh o |
  1
):-+:' {rn {k {n |
  1
:336/,:r<*-): {rn mhqhjoooolhfffffff jmqmjoomjolffffffh o o o n oqnfffffi o o n o o |
  1
:;8: {rn {m {m {j {l o |
  1
<0:;8: {rn {j {j {rn {k o {i {rn |
  1
300/ {rn {rn {j {g |
  1
/3>1:r,*-9><: {rn mhqijoooojg jmqmjoomjolffffffh o o o n rn o o o o o o o |
  1
9><: {rn {rn {i {f {rn {h o n o |
  1
,7:33 {rn {rn {rn {g {no |
  1
3*2/ {rn {rn {f {o |
  1
Z1;r09r^ \VLr;>+> 
1001
ACAD_OBJECT_CHANGE_GUID
1070
     1
1071
858961630
1070
 23754
1070
 19577
1070
   186
1070
   150
1070
    46
1070
   181
1070
   203
1070
    71
1070
   152
1070
   170
  0
HATCH
  5
322
330
1F
100
AcDbEntity
  8
VIA_HOLES
 62
     7
100
AcDbHatch
 10
0.0
 20
0.0
 30
0.0
210
0.0
220
0.0
230
1.0
  2
SOLID
 70
     1
 71
     1
 91
        1
 92
        1
 93
        1
 72
     2
 10
27.75000038
 20
52.25002504
 40
0.1999996
 50
0.0
 51
360.0
 73
     1
 97
        1
330
321
 75
     0
 76
     1
 98
        0
  0
REGION
  5
323
102
{ACAD_REACTORS
330
324
102
}
330
1F
100
AcDbEntity
  8
VIA_HOLES
 62
     7
100
AcDbModelerGeometry
 70
     1
  1
noi nn n o 
  1
=0;& {rn {no {rn {rn |
  1
/061+ {rn joqljkoghhjffffffm jmqoooomjjlffffffi o |
  1
):-+:' {rn {k {n |
  1
:336/,:r<*-): {rn joqnjkoggnjffffffl jmqoooomjjlffffffi o o o n oqnfffffi o o n o o |
  1
:;8: {rn {m {m {j {l o |
  1
<0:;8: {rn {j {j {rn {k o {i {rn |
  1
300/ {rn {rn {j {g |
  1
/3>1:r,*-9><: {rn joqojkoggljffffffk jmqoooomjjlffffffi o o o n rn o o o o o o o |
  1
9><: {rn {rn {i {f {rn {h o n o |
  1
,7:33 {rn {rn {rn {g {no |
  1
3*2/ {rn {rn {f {o |
  1
Z1;r09r^ \VLr;>+> 
1001
ACAD_OBJECT_CHANGE_GUID
1070
     1
1071
1090822735
1070
 -6338
1070
 16874
1070
   185
1070
   253
1070
   124
1070
    35
1070
   102
1070
   210
1070
   108
1070
    23
  0
HATCH
  5
324
330
1F
100
AcDbEntity
  8
VIA_HOLES
 62
     7
100
AcDbHatch
 10
0.0
 20
0.0
 30
0.0
210
0.0
220
0.0
230
1.0
  2
SOLID
 70
     1
 71
     1
 91
        1
 92
        1
 93
        1
 72
     2
 10
50.15408815999999
 20
52.00002554
 40
0.1999996
 50
0.0
 51
360.0
 73
     1
 97
        1
330
323
 75
     0
 76
     1
 98
        0
  0
REGION
  5
325
102
{ACAD_REACTORS
330
326
102
}
330
1F
100
AcDbEntity
  8
VIA_HOLES
 62
     7
100
AcDbModelerGeometry
 70
     1
  1
noi nn n o 
  1
=0;& {rn {no {rn {rn |
  1
/061+ {rn kgqoooooojnffffffl jmqoooomjjlffffffi o |
  1
):-+:' {rn {k {n |
  1
:336/,:r<*-): {rn khqgooooofnffffffj jmqoooomjjlffffffi o o o n oqnfffffi o o n o o |
  1
:;8: {rn {m {m {j {l o |
  1
<0:;8: {rn {j {j {rn {k o {i {rn |
  1
300/ {rn {rn {j {g |
  1
/3>1:r,*-9><: {rn khqhoooonnnffffffi jmqoooomjjlffffffi o o o n rn o o o o o o o |
  1
9><: {rn {rn {i {f {rn {h o n o |
  1
,7:33 {rn {rn {rn {g {no |
  1
3*2/ {rn {rn {f {o |
  1
Z1;r09r^ \VLr;>+> 
1001
ACAD_OBJECT_CHANGE_GUID
1070
     1
1071
-1938091265
1070
 29504
1070
 19639
1070
   156
1070
    33
1070
    64
1070
   212
1070
   145
1070
   125
1070
    23
1070
   186
  0
HATCH
  5
326
330
1F
100
AcDbEntity
  8
VIA_HOLES
 62
     7
100
AcDbHatch
 10
0.0
 20
0.0
 30
0.0
210
0.0
220
0.0
230
1.0
  2
SOLID
 70
     1
 71
     1
 91
        1
 92
        1
 93
        1
 72
     2
 10
47.80000092
 20
52.00002554
 40
0.1999996
 50
0.0
 51
360.0
 73
     1
 97
        1
330
325
 75
     0
 76
     1
 98
        0
  0
REGION
  5
327
102
{ACAD_REACTORS
330
328
102
}
330
1F
100
AcDbEntity
  8
VIA_HOLES
 62
     7
100
AcDbModelerGeometry
 70
     1
  1
noi nn n o 
  1
=0;& {rn {no {rn {rn |
  1
/061+ {rn kiqfooooonhffffffm jiqgjoomjffffffffl o |
  1
):-+:' {rn {k {n |
  1
:336/,:r<*-): {rn kiqhooooojhffffffk jiqgjoomjffffffffl o o o n oqnfffffi o o n o o |
  1
:;8: {rn {m {m {j {l o |
  1
<0:;8: {rn {j {j {rn {k o {i {rn |
  1
300/ {rn {rn {j {g |
  1
/3>1:r,*-9><: {rn kiqiooooohhffffffj jiqgjoomjffffffffl o o o n rn o o o o o o o |
  1
9><: {rn {rn {i {f {rn {h o n o |
  1
,7:33 {rn {rn {rn {g {no |
  1
3*2/ {rn {rn {f {o |
  1
Z1;r09r^ \VLr;>+> 
1001
ACAD_OBJECT_CHANGE_GUID
1070
     1
1071
-463188248
1070
 -1098
1070
 18081
1070
   186
1070
   209
1070
     6
1070
   255
1070
   126
1070
    97
1070
   221
1070
    18
  0
HATCH
  5
328
330
1F
100
AcDbEntity
  8
VIA_HOLES
 62
     7
100
AcDbHatch
 10
0.0
 20
0.0
 30
0.0
210
0.0
220
0.0
230
1.0
  2
SOLID
 70
     1
 71
     1
 91
        1
 92
        1
 93
        1
 72
     2
 10
46.70000057999999
 20
56.85002599999999
 40
0.1999996
 50
0.0
 51
360.0
 73
     1
 97
        1
330
327
 75
     0
 76
     1
 98
        0
  0
REGION
  5
329
102
{ACAD_REACTORS
330
32A
102
}
330
1F
100
AcDbEntity
  8
VIA_HOLES
 62
     7
100
AcDbModelerGeometry
 70
     1
  1
noi nn n o 
  1
=0;& {rn {no {rn {rn |
  1
/061+ {rn knqjooooognffffffh mmqmjoomiinffffffi o |
  1
):-+:' {rn {k {n |
  1
:336/,:r<*-): {rn knqloooonmnfffffff mmqmjoomiinffffffi o o o n oqnfffffi o o n o o |
  1
:;8: {rn {m {m {j {l o |
  1
<0:;8: {rn {j {j {rn {k o {i {rn |
  1
300/ {rn {rn {j {g |
  1
/3>1:r,*-9><: {rn knqmoooonkm mmqmjoomiinffffffi o o o n rn o o o o o o o |
  1
9><: {rn {rn {i {f {rn {h o n o |
  1
,7:33 {rn {rn {rn {g {no |
  1
3*2/ {rn {rn {f {o |
  1
Z1;r09r^ \VLr;>+> 
1001
ACAD_OBJECT_CHANGE_GUID
1070
     1
1071
-1479241324
1070
 24148
1070
 17710
1070
   166
1070
   252
1070
    76
1070
   136
1070
   239
1070
   212
1070
   242
1070
    27
  0
HATCH
  5
32A
330
1F
100
AcDbEntity
  8
VIA_HOLES
 62
     7
100
AcDbHatch
 10
0.0
 20
0.0
 30
0.0
210
0.0
220
0.0
230
1.0
  2
SOLID
 70
     1
 71
     1
 91
        1
 92
        1
 93
        1
 72
     2
 10
41.30000122
 20
22.25002662
 40
0.1999996
 50
0.0
 51
360.0
 73
     1
 97
        1
330
329
 75
     0
 76
     1
 98
        0
  0
REGION
  5
32B
102
{ACAD_REACTORS
330
32C
102
}
330
1F
100
AcDbEntity
  8
VIA_HOLES
 62
     7
100
AcDbModelerGeometry
 70
     1
  1
noi nn n o 
  1
=0;& {rn {no {rn {rn |
  1
/061+ {rn koqiikofngfffffffj mlqnjoomkgnfffffff o |
  1
):-+:' {rn {k {n |
  1
:336/,:r<*-): {rn koqkikofmmfffffffh mlqnjoomkgnfffffff o o o n oqnfffffi o o n o o |
  1
:;8: {rn {m {m {j {l o |
  1
<0:;8: {rn {j {j {rn {k o {i {rn |
  1
300/ {rn {rn {j {g |
  1
/3>1:r,*-9><: {rn koqlikofmkfffffffg mlqnjoomkgnfffffff o o o n rn o o o o o o o |
  1
9><: {rn {rn {i {f {rn {h o n o |
  1
,7:33 {rn {rn {rn {g {no |
  1
3*2/ {rn {rn {f {o |
  1
Z1;r09r^ \VLr;>+> 
1001
ACAD_OBJECT_CHANGE_GUID
1070
     1
1071
-822386065
1070
-17265
1070
 17974
1070
   172
1070
   185
1070
    14
1070
    62
1070
     4
1070
   197
1070
    20
1070
   154
  0
HATCH
  5
32C
330
1F
100
AcDbEntity
  8
VIA_HOLES
 62
     7
100
AcDbHatch
 10
0.0
 20
0.0
 30
0.0
210
0.0
220
0.0
230
1.0
  2
SOLID
 70
     1
 71
     1
 91
        1
 92
        1
 93
        1
 72
     2
 10
40.4640923
 20
23.15002482
 40
0.1999996
 50
0.0
 51
360.0
 73
     1
 97
        1
330
32B
 75
     0
 76
     1
 98
        0
  0
REGION
  5
32D
102
{ACAD_REACTORS
330
32E
102
}
330
1F
100
AcDbEntity
  8
VIA_HOLES
 62
     7
100
AcDbModelerGeometry
 70
     1
  1
noi nn n o 
  1
=0;& {rn {no {rn {rn |
  1
/061+ {rn kjqljkofonlffffffh mkqoooomjijfffffff o |
  1
):-+:' {rn {k {n |
  1
:336/,:r<*-): {rn kjqnjkofojlfffffff mkqoooomjijfffffff o o o n oqnfffffi o o n o o |
  1
:;8: {rn {m {m {j {l o |
  1
<0:;8: {rn {j {j {rn {k o {i {rn |
  1
300/ {rn {rn {j {g |
  1
/3>1:r,*-9><: {rn kjqojkofohlfffffff mkqoooomjijfffffff o o o n rn o o o o o o o |
  1
9><: {rn {rn {i {f {rn {h o n o |
  1
,7:33 {rn {rn {rn {g {no |
  1
3*2/ {rn {rn {f {o |
  1
Z1;r09r^ \VLr;>+> 
1001
ACAD_OBJECT_CHANGE_GUID
1070
     1
1071
838041421
1070
  7234
1070
 17953
1070
   143
1070
   158
1070
    43
1070
   105
1070
   231
1070
   194
1070
   196
1070
   137
  0
HATCH
  5
32E
330
1F
100
AcDbEntity
  8
VIA_HOLES
 62
     7
100
AcDbHatch
 10
0.0
 20
0.0
 30
0.0
210
0.0
220
0.0
230
1.0
  2
SOLID
 70
     1
 71
     1
 91
        1
 92
        1
 93
        1
 72
     2
 10
45.15409054
 20
24.00002566
 40
0.1999996
 50
0.0
 51
360.0
 73
     1
 97
        1
330
32D
 75
     0
 76
     1
 98
        0
  0
REGION
  5
32F
102
{ACAD_REACTORS
330
330
102
}
330
1F
100
AcDbEntity
  8
VIA_HOLES
 62
     7
100
AcDbModelerGeometry
 70
     1
  1
noi nn n o 
  1
=0;& {rn {no {rn {rn |
  1
/061+ {rn kmqlikoggkfffffffk mkqgihljklhffffffg o |
  1
):-+:' {rn {k {n |
  1
:336/,:r<*-): {rn kmqnikogggfffffffi mkqgihljklhffffffg o o o n oqnfffffi o o n o o |
  1
:;8: {rn {m {m {j {l o |
  1
<0:;8: {rn {j {j {rn {k o {i {rn |
  1
300/ {rn {rn {j {g |
  1
/3>1:r,*-9><: {rn kmqoikogfofffffffh mkqgihljklhffffffg o o o n rn o o o o o o o |
  1
9><: {rn {rn {i {f {rn {h o n o |
  1
,7:33 {rn {rn {rn {g {no |
  1
3*2/ {rn {rn {f {o |
  1
Z1;r09r^ \VLr;>+> 
1001
ACAD_OBJECT_CHANGE_GUID
1070
     1
1071
1035746689
1070
   546
1070
 19674
1070
   155
1070
    43
1070
    30
1070
   227
1070
   132
1070
     1
1070
   138
1070
   244
  0
HATCH
  5
330
330
1F
100
AcDbEntity
  8
VIA_HOLES
 62
     7
100
AcDbHatch
 10
0.0
 20
0.0
 30
0.0
210
0.0
220
0.0
230
1.0
  2
SOLID
 70
     1
 71
     1
 91
        1
 92
        1
 93
        1
 72
     2
 10
42.1640889
 20
24.86735438
 40
0.1999996
 50
0.0
 51
360.0
 73
     1
 97
        1
330
32F
 75
     0
 76
     1
 98
        0
  0
REGION
  5
331
102
{ACAD_REACTORS
330
332
102
}
330
1F
100
AcDbEntity
  8
VIA_HOLES
 62
     7
100
AcDbModelerGeometry
 70
     1
  1
noi nn n o 
  1
=0;& {rn {no {rn {rn |
  1
/061+ {rn llqgjooooghffffffi nnqoooomimi o |
  1
):-+:' {rn {k {n |
  1
:336/,:r<*-): {rn llqijooonmhffffffg nnqoooomimi o o o n oqnfffffi o o n o o |
  1
:;8: {rn {m {m {j {l o |
  1
<0:;8: {rn {j {j {rn {k o {i {rn |
  1
300/ {rn {rn {j {g |
  1
/3>1:r,*-9><: {rn llqjjooonkhfffffff nnqoooomimi o o o n rn o o o o o o o |
  1
9><: {rn {rn {i {f {rn {h o n o |
  1
,7:33 {rn {rn {rn {g {no |
  1
3*2/ {rn {rn {f {o |
  1
Z1;r09r^ \VLr;>+> 
1001
ACAD_OBJECT_CHANGE_GUID
1070
     1
1071
1733447490
1070
 14279
1070
 17042
1070
   182
1070
    59
1070
   255
1070
   116
1070
   186
1070
    89
1070
   111
1070
   157
  0
HATCH
  5
332
330
1F
100
AcDbEntity
  8
VIA_HOLES
 62
     7
100
AcDbHatch
 10
0.0
 20
0.0
 30
0.0
210
0.0
220
0.0
230
1.0
  2
SOLID
 70
     1
 71
     1
 91
        1
 92
        1
 93
        1
 72
     2
 10
33.65000128
 20
11.00002626
 40
0.1999996
 50
0.0
 51
360.0
 73
     1
 97
        1
330
331
 75
     0
 76
     1
 98
        0
  0
REGION
  5
333
102
{ACAD_REACTORS
330
334
102
}
330
1F
100
AcDbEntity
  8
VIA_HOLES
 62
     7
100
AcDbModelerGeometry
 70
     1
  1
noi nn n o 
  1
=0;& {rn {no {rn {rn |
  1
/061+ {rn mgqmfffffmgoooooom ngqhjoomjffffffffg o |
  1
):-+:' {rn {k {n |
  1
:336/,:r<*-): {rn mgqofffffig ngqhjoomjffffffffg o o o n oqnfffffi o o n o o |
  1
:;8: {rn {m {m {j {l o |
  1
<0:;8: {rn {j {j {rn {k o {i {rn |
  1
300/ {rn {rn {j {g |
  1
/3>1:r,*-9><: {rn mhqffffffggoooooon ngqhjoomjffffffffg o o o n rn o o o o o o o |
  1
9><: {rn {rn {i {f {rn {h o n o |
  1
,7:33 {rn {rn {rn {g {no |
  1
3*2/ {rn {rn {f {o |
  1
Z1;r09r^ \VLr;>+> 
1001
ACAD_OBJECT_CHANGE_GUID
1070
     1
1071
-411658663
1070
 28008
1070
 16936
1070
   132
1070
   228
1070
    74
1070
   102
1070
     2
1070
    94
1070
    91
1070
   232
  0
HATCH
  5
334
330
1F
100
AcDbEntity
  8
VIA_HOLES
 62
     7
100
AcDbHatch
 10
0.0
 20
0.0
 30
0.0
210
0.0
220
0.0
230
1.0
  2
SOLID
 70
     1
 71
     1
 91
        1
 92
        1
 93
        1
 72
     2
 10
28.09999968
 20
18.750026
 40
0.1999996
 50
0.0
 51
360.0
 73
     1
 97
        1
330
333
 75
     0
 76
     1
 98
        0
  0
REGION
  5
335
102
{ACAD_REACTORS
330
336
102
}
330
1F
100
AcDbEntity
  8
VIA_HOLES
 62
     7
100
AcDbModelerGeometry
 70
     1
  1
noi nn n o 
  1
=0;& {rn {no {rn {rn |
  1
/061+ {rn mmqoffffgfgoooooom nfqnhkmfffgoooooon o |
  1
):-+:' {rn {k {n |
  1
:336/,:r<*-): {rn mnqgffffflgoooooon nfqnhkmfffgoooooon o o o n oqnfffffi o o n o o |
  1
:;8: {rn {m {m {j {l o |
  1
<0:;8: {rn {j {j {rn {k o {i {rn |
  1
300/ {rn {rn {j {g |
  1
/3>1:r,*-9><: {rn mnqhfffffjgoooooon nfqnhkmfffgoooooon o o o n rn o o o o o o o |
  1
9><: {rn {rn {i {f {rn {h o n o |
  1
,7:33 {rn {rn {rn {g {no |
  1
3*2/ {rn {rn {f {o |
  1
Z1;r09r^ \VLr;>+> 
1001
ACAD_OBJECT_CHANGE_GUID
1070
     1
1071
-793732227
1070
-11874
1070
 19235
1070
   189
1070
     3
1070
    22
1070
   252
1070
   226
1070
   175
1070
    38
1070
   113
  0
HATCH
  5
336
330
1F
100
AcDbEntity
  8
VIA_HOLES
 62
     7
100
AcDbHatch
 10
0.0
 20
0.0
 30
0.0
210
0.0
220
0.0
230
1.0
  2
SOLID
 70
     1
 71
     1
 91
        1
 92
        1
 93
        1
 72
     2
 10
21.89999938
 20
19.17429998
 40
0.1999996
 50
0.0
 51
360.0
 73
     1
 97
        1
330
335
 75
     0
 76
     1
 98
        0
  0
REGION
  5
337
102
{ACAD_REACTORS
330
338
102
}
330
1F
100
AcDbEntity
  8
VIA_HOLES
 62
     7
100
AcDbModelerGeometry
 70
     1
  1
noi nn n o 
  1
=0;& {rn {no {rn {rn |
  1
/061+ {rn knqljkofojnffffffl moqoooomiolffffffg o |
  1
):-+:' {rn {k {n |
  1
:336/,:r<*-): {rn knqnjkofofnffffffk moqoooomiolffffffg o o o n oqnfffffi o o n o o |
  1
:;8: {rn {m {m {j {l o |
  1
<0:;8: {rn {j {j {rn {k o {i {rn |
  1
300/ {rn {rn {j {g |
  1
/3>1:r,*-9><: {rn knqojkofnnnffffffj moqoooomiolffffffg o o o n rn o o o o o o o |
  1
9><: {rn {rn {i {f {rn {h o n o |
  1
,7:33 {rn {rn {rn {g {no |
  1
3*2/ {rn {rn {f {o |
  1
Z1;r09r^ \VLr;>+> 
1001
ACAD_OBJECT_CHANGE_GUID
1070
     1
1071
1503110245
1070
 19457
1070
 20130
1070
   141
1070
    44
1070
    67
1070
     5
1070
    10
1070
   184
1070
   140
1070
   252
  0
HATCH
  5
338
330
1F
100
AcDbEntity
  8
VIA_HOLES
 62
     7
100
AcDbHatch
 10
0.0
 20
0.0
 30
0.0
210
0.0
220
0.0
230
1.0
  2
SOLID
 70
     1
 71
     1
 91
        1
 92
        1
 93
        1
 72
     2
 10
41.15409091999999
 20
20.00002604
 40
0.1999996
 50
0.0
 51
360.0
 73
     1
 97
        1
330
337
 75
     0
 76
     1
 98
        0
  0
REGION
  5
339
102
{ACAD_REACTORS
330
33A
102
}
330
1F
100
AcDbEntity
  8
VIA_HOLES
 62
     7
100
AcDbModelerGeometry
 70
     1
  1
noi nn n o 
  1
=0;& {rn {no {rn {rn |
  1
/061+ {rn klqljkooonjffffffg mhqfjoolmffffffffg o |
  1
):-+:' {rn {k {n |
  1
:336/,:r<*-): {rn klqnjkoooji mhqfjoolmffffffffg o o o n oqnfffffi o o n o o |
  1
:;8: {rn {m {m {j {l o |
  1
<0:;8: {rn {j {j {rn {k o {i {rn |
  1
300/ {rn {rn {j {g |
  1
/3>1:r,*-9><: {rn klqojkooohioooooon mhqfjoolmffffffffg o o o n rn o o o o o o o |
  1
9><: {rn {rn {i {f {rn {h o n o |
  1
,7:33 {rn {rn {rn {g {no |
  1
3*2/ {rn {rn {f {o |
  1
Z1;r09r^ \VLr;>+> 
1001
ACAD_OBJECT_CHANGE_GUID
1070
     1
1071
-163909860
1070
 23432
1070
 17721
1070
   182
1070
    66
1070
   233
1070
   182
1070
    91
1070
     8
1070
    86
1070
   105
  0
HATCH
  5
33A
330
1F
100
AcDbEntity
  8
VIA_HOLES
 62
     7
100
AcDbHatch
 10
0.0
 20
0.0
 30
0.0
210
0.0
220
0.0
230
1.0
  2
SOLID
 70
     1
 71
     1
 91
        1
 92
        1
 93
        1
 72
     2
 10
43.15400056
 20
27.950033
 40
0.1999996
 50
0.0
 51
360.0
 73
     1
 97
        1
330
339
 75
     0
 76
     1
 98
        0
  0
REGION
  5
33B
102
{ACAD_REACTORS
330
33C
102
}
330
1F
100
AcDbEntity
  8
VIA_HOLES
 62
     7
100
AcDbModelerGeometry
 70
     1
  1
noi nn n o 
  1
=0;& {rn {no {rn {rn |
  1
/061+ {rn kkqljkoooifffffffl loqfjoomkkjffffffj o |
  1
):-+:' {rn {k {n |
  1
:336/,:r<*-): {rn kkqnjkoonofffffffj loqfjoomkkjffffffj o o o n oqnfffffi o o n o o |
  1
:;8: {rn {m {m {j {l o |
  1
<0:;8: {rn {j {j {rn {k o {i {rn |
  1
300/ {rn {rn {j {g |
  1
/3>1:r,*-9><: {rn kkqojkoonmfffffffi loqfjoomkkjffffffj o o o n rn o o o o o o o |
  1
9><: {rn {rn {i {f {rn {h o n o |
  1
,7:33 {rn {rn {rn {g {no |
  1
3*2/ {rn {rn {f {o |
  1
Z1;r09r^ \VLr;>+> 
1001
ACAD_OBJECT_CHANGE_GUID
1070
     1
1071
2131122127
1070
 20433
1070
 19674
1070
   159
1070
   206
1070
   204
1070
   224
1070
   173
1070
   232
1070
    53
1070
    38
  0
HATCH
  5
33C
330
1F
100
AcDbEntity
  8
VIA_HOLES
 62
     7
100
AcDbHatch
 10
0.0
 20
0.0
 30
0.0
210
0.0
220
0.0
230
1.0
  2
SOLID
 70
     1
 71
     1
 91
        1
 92
        1
 93
        1
 72
     2
 10
44.1540011
 20
30.95002445999999
 40
0.1999996
 50
0.0
 51
360.0
 73
     1
 97
        1
330
33B
 75
     0
 76
     1
 98
        0
  0
REGION
  5
33D
102
{ACAD_REACTORS
330
33E
102
}
330
1F
100
AcDbEntity
  8
VIA_HOLES
 62
     7
100
AcDbModelerGeometry
 70
     1
  1
noi nn n o 
  1
=0;& {rn {no {rn {rn |
  1
/061+ {rn jnqljkoggmfffffffk nlqjjoomimlfffffff o |
  1
):-+:' {rn {k {n |
  1
:336/,:r<*-): {rn jnqnjkoggifffffffi nlqjjoomimlfffffff o o o n oqnfffffi o o n o o |
  1
:;8: {rn {m {m {j {l o |
  1
<0:;8: {rn {j {j {rn {k o {i {rn |
  1
300/ {rn {rn {j {g |
  1
/3>1:r,*-9><: {rn jnqojkogggfffffffi nlqjjoomimlfffffff o o o n rn o o o o o o o |
  1
9><: {rn {rn {i {f {rn {h o n o |
  1
,7:33 {rn {rn {rn {g {no |
  1
3*2/ {rn {rn {f {o |
  1
Z1;r09r^ \VLr;>+> 
1001
ACAD_OBJECT_CHANGE_GUID
1070
     1
1071
-1922811404
1070
 -4731
1070
 20301
1070
   154
1070
   158
1070
   245
1070
   101
1070
   156
1070
    46
1070
   104
1070
   104
  0
HATCH
  5
33E
330
1F
100
AcDbEntity
  8
VIA_HOLES
 62
     7
100
AcDbHatch
 10
0.0
 20
0.0
 30
0.0
210
0.0
220
0.0
230
1.0
  2
SOLID
 70
     1
 71
     1
 91
        1
 92
        1
 93
        1
 72
     2
 10
51.1540887
 20
13.55002624
 40
0.1999996
 50
0.0
 51
360.0
 73
     1
 97
        1
330
33D
 75
     0
 76
     1
 98
        0
  0
REGION
  5
33F
102
{ACAD_REACTORS
330
340
102
}
330
1F
100
AcDbEntity
  8
VIA_HOLES
 62
     7
100
AcDbModelerGeometry
 70
     1
  1
noi nn n o 
  1
=0;& {rn {no {rn {rn |
  1
/061+ {rn liqioooookjffffffh nlqjjoomimlfffffff o |
  1
):-+:' {rn {k {n |
  1
:336/,:r<*-): {rn liqkooooogjfffffff nlqjjoomimlfffffff o o o n oqnfffffi o o n o o |
  1
:;8: {rn {m {m {j {l o |
  1
<0:;8: {rn {j {j {rn {k o {i {rn |
  1
300/ {rn {rn {j {g |
  1
/3>1:r,*-9><: {rn liqloooonoi nlqjjoomimlfffffff o o o n rn o o o o o o o |
  1
9><: {rn {rn {i {f {rn {h o n o |
  1
,7:33 {rn {rn {rn {g {no |
  1
3*2/ {rn {rn {f {o |
  1
Z1;r09r^ \VLr;>+> 
1001
ACAD_OBJECT_CHANGE_GUID
1070
     1
1071
996273376
1070
-31795
1070
 18085
1070
   140
1070
   253
1070
   237
1070
   175
1070
     6
1070
   137
1070
   223
1070
    40
  0
HATCH
  5
340
330
1F
100
AcDbEntity
  8
VIA_HOLES
 62
     7
100
AcDbHatch
 10
0.0
 20
0.0
 30
0.0
210
0.0
220
0.0
230
1.0
  2
SOLID
 70
     1
 71
     1
 91
        1
 92
        1
 93
        1
 72
     2
 10
36.40000086
 20
13.55002624
 40
0.1999996
 50
0.0
 51
360.0
 73
     1
 97
        1
330
33F
 75
     0
 76
     1
 98
        0
  0
REGION
  5
341
102
{ACAD_REACTORS
330
342
102
}
330
1F
100
AcDbEntity
  8
VIA_HOLES
 62
     7
100
AcDbModelerGeometry
 70
     1
  1
noi nn n o 
  1
=0;& {rn {no {rn {rn |
  1
/061+ {rn lfqlooooonlffffffj noqjfoomhohfffffff o |
  1
):-+:' {rn {k {n |
  1
:336/,:r<*-): {rn lfqnooooojlffffffi noqjfoomhohfffffff o o o n oqnfffffi o o n o o |
  1
:;8: {rn {m {m {j {l o |
  1
<0:;8: {rn {j {j {rn {k o {i {rn |
  1
300/ {rn {rn {j {g |
  1
/3>1:r,*-9><: {rn lfqoooooohlffffffh noqjfoomhohfffffff o o o n rn o o o o o o o |
  1
9><: {rn {rn {i {f {rn {h o n o |
  1
,7:33 {rn {rn {rn {g {no |
  1
3*2/ {rn {rn {f {o |
  1
Z1;r09r^ \VLr;>+> 
1001
ACAD_OBJECT_CHANGE_GUID
1070
     1
1071
1639124918
1070
   783
1070
 17382
1070
   184
1070
    81
1070
   192
1070
   202
1070
   198
1070
    72
1070
   249
1070
    96
  0
HATCH
  5
342
330
1F
100
AcDbEntity
  8
VIA_HOLES
 62
     7
100
AcDbHatch
 10
0.0
 20
0.0
 30
0.0
210
0.0
220
0.0
230
1.0
  2
SOLID
 70
     1
 71
     1
 91
        1
 92
        1
 93
        1
 72
     2
 10
39.10000054
 20
10.59002708
 40
0.1999996
 50
0.0
 51
360.0
 73
     1
 97
        1
330
341
 75
     0
 76
     1
 98
        0
  0
REGION
  5
343
102
{ACAD_REACTORS
330
344
102
}
330
1F
100
AcDbEntity
  8
VIA_HOLES
 62
     7
100
AcDbModelerGeometry
 70
     1
  1
noi nn n o 
  1
=0;& {rn {no {rn {rn |
  1
/061+ {rn lfqlooooonlffffffj nnqkjoomhgfffffffg o |
  1
):-+:' {rn {k {n |
  1
:336/,:r<*-): {rn lfqnooooojlffffffi nnqkjoomhgfffffffg o o o n oqnfffffi o o n o o |
  1
:;8: {rn {m {m {j {l o |
  1
<0:;8: {rn {j {j {rn {k o {i {rn |
  1
300/ {rn {rn {j {g |
  1
/3>1:r,*-9><: {rn lfqoooooohlffffffh nnqkjoomhgfffffffg o o o n rn o o o o o o o |
  1
9><: {rn {rn {i {f {rn {h o n o |
  1
,7:33 {rn {rn {rn {g {no |
  1
3*2/ {rn {rn {f {o |
  1
Z1;r09r^ \VLr;>+> 
1001
ACAD_OBJECT_CHANGE_GUID
1070
     1
1071
-301888662
1070
 -4959
1070
 18851
1070
   150
1070
   183
1070
    56
1070
   195
1070
    52
1070
   120
1070
   166
1070
    73
  0
HATCH
  5
344
330
1F
100
AcDbEntity
  8
VIA_HOLES
 62
     7
100
AcDbHatch
 10
0.0
 20
0.0
 30
0.0
210
0.0
220
0.0
230
1.0
  2
SOLID
 70
     1
 71
     1
 91
        1
 92
        1
 93
        1
 72
     2
 10
39.10000054
 20
11.4500279
 40
0.1999996
 50
0.0
 51
360.0
 73
     1
 97
        1
330
343
 75
     0
 76
     1
 98
        0
  0
REGION
  5
345
102
{ACAD_REACTORS
330
346
102
}
330
1F
100
AcDbEntity
  8
VIA_HOLES
 62
     7
100
AcDbModelerGeometry
 70
     1
  1
noi nn n o 
  1
=0;& {rn {no {rn {rn |
  1
/061+ {rn knqnffffgghffffffj fqmooomkhhfffffffh o |
  1
):-+:' {rn {k {n |
  1
:336/,:r<*-): {rn koqffffffmhffffffh fqmooomkhhfffffffh o o o n oqnfffffi o o n o o |
  1
:;8: {rn {m {m {j {l o |
  1
<0:;8: {rn {j {j {rn {k o {i {rn |
  1
300/ {rn {rn {j {g |
  1
/3>1:r,*-9><: {rn koqgfffffkhffffffg fqmooomkhhfffffffh o o o n rn o o o o o o o |
  1
9><: {rn {rn {i {f {rn {h o n o |
  1
,7:33 {rn {rn {rn {g {no |
  1
3*2/ {rn {rn {f {o |
  1
Z1;r09r^ \VLr;>+> 
1001
ACAD_OBJECT_CHANGE_GUID
1070
     1
1071
-1237086083
1070
 -9277
1070
 18610
1070
   133
1070
    96
1070
   255
1070
   252
1070
    45
1070
    78
1070
   214
1070
    18
  0
HATCH
  5
346
330
1F
100
AcDbEntity
  8
VIA_HOLES
 62
     7
100
AcDbHatch
 10
0.0
 20
0.0
 30
0.0
210
0.0
220
0.0
230
1.0
  2
SOLID
 70
     1
 71
     1
 91
        1
 92
        1
 93
        1
 72
     2
 10
40.99999928
 20
9.20002478
 40
0.1999996
 50
0.0
 51
360.0
 73
     1
 97
        1
330
345
 75
     0
 76
     1
 98
        0
  0
REGION
  5
347
102
{ACAD_REACTORS
330
348
102
}
330
1F
100
AcDbEntity
  8
VIA_HOLES
 62
     7
100
AcDbModelerGeometry
 70
     1
  1
noi nn n o 
  1
=0;& {rn {no {rn {rn |
  1
/061+ {rn khqhoooonnnffffffi hqlooomiolfffffffh o |
  1
):-+:' {rn {k {n |
  1
:336/,:r<*-): {rn khqjoooonjnffffffg hqlooomiolfffffffh o o o n oqnfffffi o o n o o |
  1
:;8: {rn {m {m {j {l o |
  1
<0:;8: {rn {j {j {rn {k o {i {rn |
  1
300/ {rn {rn {j {g |
  1
/3>1:r,*-9><: {rn khqkoooonhnfffffff hqlooomiokoooooooj o o o n rn o o o o o o o |
  1
9><: {rn {rn {i {f {rn {h o n o |
  1
,7:33 {rn {rn {rn {g {no |
  1
3*2/ {rn {rn {f {o |
  1
Z1;r09r^ \VLr;>+> 
1001
ACAD_OBJECT_CHANGE_GUID
1070
     1
1071
-741434180
1070
-19981
1070
 17283
1070
   129
1070
   211
1070
    41
1070
   222
1070
   147
1070
   209
1070
   140
1070
    82
  0
HATCH
  5
348
330
1F
100
AcDbEntity
  8
VIA_HOLES
 62
     7
100
AcDbHatch
 10
0.0
 20
0.0
 30
0.0
210
0.0
220
0.0
230
1.0
  2
SOLID
 70
     1
 71
     1
 91
        1
 92
        1
 93
        1
 72
     2
 10
47.50000152
 20
7.30002604
 40
0.1999996
 50
0.0
 51
360.0
 73
     1
 97
        1
330
347
 75
     0
 76
     1
 98
        0
  0
REGION
  5
349
102
{ACAD_REACTORS
330
34A
102
}
330
1F
100
AcDbEntity
  8
VIA_HOLES
 62
     7
100
AcDbModelerGeometry
 70
     1
  1
noi nn n o 
  1
=0;& {rn {no {rn {rn |
  1
/061+ {rn khqhoooonnnffffffi gqoioohjlnfffffffl o |
  1
):-+:' {rn {k {n |
  1
:336/,:r<*-): {rn khqjoooonjnffffffg gqoioohjlnfffffffl o o o n oqnfffffi o o n o o |
  1
:;8: {rn {m {m {j {l o |
  1
<0:;8: {rn {j {j {rn {k o {i {rn |
  1
300/ {rn {rn {j {g |
  1
/3>1:r,*-9><: {rn khqkoooonhnfffffff gqoioohjlnfffffffl o o o n rn o o o o o o o |
  1
9><: {rn {rn {i {f {rn {h o n o |
  1
,7:33 {rn {rn {rn {g {no |
  1
3*2/ {rn {rn {f {o |
  1
Z1;r09r^ \VLr;>+> 
1001
ACAD_OBJECT_CHANGE_GUID
1070
     1
1071
238533057
1070
-13022
1070
 17177
1070
   137
1070
    82
1070
   116
1070
    43
1070
   249
1070
   142
1070
   118
1070
    60
  0
HATCH
  5
34A
330
1F
100
AcDbEntity
  8
VIA_HOLES
 62
     7
100
AcDbHatch
 10
0.0
 20
0.0
 30
0.0
210
0.0
220
0.0
230
1.0
  2
SOLID
 70
     1
 71
     1
 91
        1
 92
        1
 93
        1
 72
     2
 10
47.50000152
 20
8.06007532
 40
0.1999996
 50
0.0
 51
360.0
 73
     1
 97
        1
330
349
 75
     0
 76
     1
 98
        0
  0
REGION
  5
34B
102
{ACAD_REACTORS
330
34C
102
}
330
1F
100
AcDbEntity
  8
VIA_HOLES
 62
     7
100
AcDbModelerGeometry
 70
     1
  1
noi nn n o 
  1
=0;& {rn {no {rn {rn |
  1
/061+ {rn kiqiooooohhffffffj gqkjoomimhfffffffk o |
  1
):-+:' {rn {k {n |
  1
:336/,:r<*-): {rn kiqkoooonnhffffffh gqkjoomimhfffffffk o o o n oqnfffffi o o n o o |
  1
:;8: {rn {m {m {j {l o |
  1
<0:;8: {rn {j {j {rn {k o {i {rn |
  1
300/ {rn {rn {j {g |
  1
/3>1:r,*-9><: {rn kiqloooonlhffffffg gqkjoomimhfffffffk o o o n rn o o o o o o o |
  1
9><: {rn {rn {i {f {rn {h o n o |
  1
,7:33 {rn {rn {rn {g {no |
  1
3*2/ {rn {rn {f {o |
  1
Z1;r09r^ \VLr;>+> 
1001
ACAD_OBJECT_CHANGE_GUID
1070
     1
1071
1379720297
1070
-14126
1070
 17020
1070
   188
1070
   136
1070
   252
1070
   130
1070
   187
1070
   215
1070
   121
1070
   119
  0
HATCH
  5
34C
330
1F
100
AcDbEntity
  8
VIA_HOLES
 62
     7
100
AcDbHatch
 10
0.0
 20
0.0
 30
0.0
210
0.0
220
0.0
230
1.0
  2
SOLID
 70
     1
 71
     1
 91
        1
 92
        1
 93
        1
 72
     2
 10
46.40000118
 20
8.45002628
 40
0.1999996
 50
0.0
 51
360.0
 73
     1
 97
        1
330
34B
 75
     0
 76
     1
 98
        0
  0
REGION
  5
34D
102
{ACAD_REACTORS
330
34E
102
}
330
1F
100
AcDbEntity
  8
VIA_HOLES
 62
     7
100
AcDbModelerGeometry
 70
     1
  1
noi nn n o 
  1
=0;& {rn {no {rn {rn |
  1
/061+ {rn kiqiooooohhffffffj fqmooomkhhfffffffh o |
  1
):-+:' {rn {k {n |
  1
:336/,:r<*-): {rn kiqkoooonnhffffffh fqmooomkhhfffffffh o o o n oqnfffffi o o n o o |
  1
:;8: {rn {m {m {j {l o |
  1
<0:;8: {rn {j {j {rn {k o {i {rn |
  1
300/ {rn {rn {j {g |
  1
/3>1:r,*-9><: {rn kiqloooonlhffffffg fqmooomkhhfffffffh o o o n rn o o o o o o o |
  1
9><: {rn {rn {i {f {rn {h o n o |
  1
,7:33 {rn {rn {rn {g {no |
  1
3*2/ {rn {rn {f {o |
  1
Z1;r09r^ \VLr;>+> 
1001
ACAD_OBJECT_CHANGE_GUID
1070
     1
1071
1418374003
1070
 14818
1070
 18393
1070
   142
1070
   228
1070
   241
1070
   160
1070
    87
1070
   245
1070
   191
1070
   235
  0
HATCH
  5
34E
330
1F
100
AcDbEntity
  8
VIA_HOLES
 62
     7
100
AcDbHatch
 10
0.0
 20
0.0
 30
0.0
210
0.0
220
0.0
230
1.0
  2
SOLID
 70
     1
 71
     1
 91
        1
 92
        1
 93
        1
 72
     2
 10
46.40000118
 20
9.20002478
 40
0.1999996
 50
0.0
 51
360.0
 73
     1
 97
        1
330
34D
 75
     0
 76
     1
 98
        0
  0
REGION
  5
34F
102
{ACAD_REACTORS
330
350
102
}
330
1F
100
AcDbEntity
  8
VIA_HOLES
 62
     7
100
AcDbModelerGeometry
 70
     1
  1
noi nn n o 
  1
=0;& {rn {no {rn {rn |
  1
/061+ {rn knqnffffgghffffffj gqkjoomimhfffffffk o |
  1
):-+:' {rn {k {n |
  1
:336/,:r<*-): {rn koqffffffmhffffffh gqkjoomimhfffffffk o o o n oqnfffffi o o n o o |
  1
:;8: {rn {m {m {j {l o |
  1
<0:;8: {rn {j {j {rn {k o {i {rn |
  1
300/ {rn {rn {j {g |
  1
/3>1:r,*-9><: {rn koqgfffffkhffffffg gqkjoomimhfffffffk o o o n rn o o o o o o o |
  1
9><: {rn {rn {i {f {rn {h o n o |
  1
,7:33 {rn {rn {rn {g {no |
  1
3*2/ {rn {rn {f {o |
  1
Z1;r09r^ \VLr;>+> 
1001
ACAD_OBJECT_CHANGE_GUID
1070
     1
1071
-524904867
1070
 18385
1070
 20464
1070
   163
1070
    15
1070
    29
1070
     1
1070
   137
1070
   250
1070
    74
1070
   160
  0
HATCH
  5
350
330
1F
100
AcDbEntity
  8
VIA_HOLES
 62
     7
100
AcDbHatch
 10
0.0
 20
0.0
 30
0.0
210
0.0
220
0.0
230
1.0
  2
SOLID
 70
     1
 71
     1
 91
        1
 92
        1
 93
        1
 72
     2
 10
40.99999928
 20
8.45002628
 40
0.1999996
 50
0.0
 51
360.0
 73
     1
 97
        1
330
34F
 75
     0
 76
     1
 98
        0
  0
REGION
  5
351
102
{ACAD_REACTORS
330
352
102
}
330
1F
100
AcDbEntity
  8
VIA_HOLES
 62
     7
100
AcDbModelerGeometry
 70
     1
  1
noi nn n o 
  1
=0;& {rn {no {rn {rn |
  1
/061+ {rn lfqkikogfmnffffffg hqmgjfkignfffffffj o |
  1
):-+:' {rn {k {n |
  1
:336/,:r<*-): {rn lfqmikogfim hqmgjfkignfffffffj o o o n oqnfffffi o o n o o |
  1
:;8: {rn {m {m {j {l o |
  1
<0:;8: {rn {j {j {rn {k o {i {rn |
  1
300/ {rn {rn {j {g |
  1
/3>1:r,*-9><: {rn lfqnikogfgmoooooon hqmgjfkignfffffffj o o o n rn o o o o o o o |
  1
9><: {rn {rn {i {f {rn {h o n o |
  1
,7:33 {rn {rn {rn {g {no |
  1
3*2/ {rn {rn {f {o |
  1
Z1;r09r^ \VLr;>+> 
1001
ACAD_OBJECT_CHANGE_GUID
1070
     1
1071
386178297
1070
 -7634
1070
 19379
1070
   152
1070
   196
1070
    25
1070
   171
1070
   250
1070
   154
1070
    10
1070
    61
  0
HATCH
  5
352
330
1F
100
AcDbEntity
  8
VIA_HOLES
 62
     7
100
AcDbHatch
 10
0.0
 20
0.0
 30
0.0
210
0.0
220
0.0
230
1.0
  2
SOLID
 70
     1
 71
     1
 91
        1
 92
        1
 93
        1
 72
     2
 10
39.26408962
 20
7.285946819999999
 40
0.1999996
 50
0.0
 51
360.0
 73
     1
 97
        1
330
351
 75
     0
 76
     1
 98
        0
  0
REGION
  5
353
102
{ACAD_REACTORS
330
354
102
}
330
1F
100
AcDbEntity
  8
VIA_HOLES
 62
     7
100
AcDbModelerGeometry
 70
     1
  1
noi nn n o 
  1
=0;& {rn {no {rn {rn |
  1
/061+ {rn lfqkikogfmnffffffg gqoioohjlnfffffffl o |
  1
):-+:' {rn {k {n |
  1
:336/,:r<*-): {rn lfqmikogfim gqoioohjlnfffffffl o o o n oqnfffffi o o n o o |
  1
:;8: {rn {m {m {j {l o |
  1
<0:;8: {rn {j {j {rn {k o {i {rn |
  1
300/ {rn {rn {j {g |
  1
/3>1:r,*-9><: {rn lfqnikogfgmoooooon gqoioohjlnfffffffl o o o n rn o o o o o o o |
  1
9><: {rn {rn {i {f {rn {h o n o |
  1
,7:33 {rn {rn {rn {g {no |
  1
3*2/ {rn {rn {f {o |
  1
Z1;r09r^ \VLr;>+> 
1001
ACAD_OBJECT_CHANGE_GUID
1070
     1
1071
-826377667
1070
-18148
1070
 16685
1070
   172
1070
   237
1070
   240
1070
    95
1070
   172
1070
    61
1070
   223
1070
   154
  0
HATCH
  5
354
330
1F
100
AcDbEntity
  8
VIA_HOLES
 62
     7
100
AcDbHatch
 10
0.0
 20
0.0
 30
0.0
210
0.0
220
0.0
230
1.0
  2
SOLID
 70
     1
 71
     1
 91
        1
 92
        1
 93
        1
 72
     2
 10
39.26408962
 20
8.06007532
 40
0.1999996
 50
0.0
 51
360.0
 73
     1
 97
        1
330
353
 75
     0
 76
     1
 98
        0
  0
REGION
  5
355
102
{ACAD_REACTORS
330
356
102
}
330
1F
100
AcDbEntity
  8
VIA_HOLES
 62
     7
100
AcDbModelerGeometry
 70
     1
  1
noi nn n o 
  1
=0;& {rn {no {rn {rn |
  1
/061+ {rn kjqoffffgifffffffl gqhjoomjigooooooom o |
  1
):-+:' {rn {k {n |
  1
:336/,:r<*-): {rn kkqgfffffofffffffj gqhjoomjigooooooom o o o n oqnfffffi o o n o o |
  1
:;8: {rn {m {m {j {l o |
  1
<0:;8: {rn {j {j {rn {k o {i {rn |
  1
300/ {rn {rn {j {g |
  1
/3>1:r,*-9><: {rn kkqhfffffmfffffffi gqhjoomjigooooooom o o o n rn o o o o o o o |
  1
9><: {rn {rn {i {f {rn {h o n o |
  1
,7:33 {rn {rn {rn {g {no |
  1
3*2/ {rn {rn {f {o |
  1
Z1;r09r^ \VLr;>+> 
1001
ACAD_OBJECT_CHANGE_GUID
1070
     1
1071
-526926021
1070
-26352
1070
 17869
1070
   149
1070
    46
1070
    75
1070
    41
1070
   150
1070
   220
1070
   166
1070
   226
  0
HATCH
  5
356
330
1F
100
AcDbEntity
  8
VIA_HOLES
 62
     7
100
AcDbHatch
 10
0.0
 20
0.0
 30
0.0
210
0.0
220
0.0
230
1.0
  2
SOLID
 70
     1
 71
     1
 91
        1
 92
        1
 93
        1
 72
     2
 10
44.8999991
 20
8.75002568
 40
0.1999996
 50
0.0
 51
360.0
 73
     1
 97
        1
330
355
 75
     0
 76
     1
 98
        0
  0
REGION
  5
357
102
{ACAD_REACTORS
330
358
102
}
330
1F
100
AcDbEntity
  8
VIA_HOLES
 62
     7
100
AcDbModelerGeometry
 70
     1
  1
noi nn n o 
  1
=0;& {rn {no {rn {rn |
  1
/061+ {rn klqjjlfffhjffffffi gqhjoomjigooooooom o |
  1
):-+:' {rn {k {n |
  1
:336/,:r<*-): {rn klqljkooonjffffffg gqhjoomjigooooooom o o o n oqnfffffi o o n o o |
  1
:;8: {rn {m {m {j {l o |
  1
<0:;8: {rn {j {j {rn {k o {i {rn |
  1
300/ {rn {rn {j {g |
  1
/3>1:r,*-9><: {rn klqmjkoooljfffffff gqhjoomjigooooooom o o o n rn o o o o o o o |
  1
9><: {rn {rn {i {f {rn {h o n o |
  1
,7:33 {rn {rn {rn {g {no |
  1
3*2/ {rn {rn {f {o |
  1
Z1;r09r^ \VLr;>+> 
1001
ACAD_OBJECT_CHANGE_GUID
1070
     1
1071
2034373854
1070
-17183
1070
 16601
1070
   130
1070
   119
1070
   245
1070
    50
1070
    35
1070
   182
1070
   233
1070
    49
  0
HATCH
  5
358
330
1F
100
AcDbEntity
  8
VIA_HOLES
 62
     7
100
AcDbHatch
 10
0.0
 20
0.0
 30
0.0
210
0.0
220
0.0
230
1.0
  2
SOLID
 70
     1
 71
     1
 91
        1
 92
        1
 93
        1
 72
     2
 10
43.35400016
 20
8.75002568
 40
0.1999996
 50
0.0
 51
360.0
 73
     1
 97
        1
330
357
 75
     0
 76
     1
 98
        0
  0
TEXT
  5
35A
330
1F
100
AcDbEntity
  8
TESTPOINT-TEST_JIG_LAYER
100
AcDbText
 10
-13.70000054
 20
93.61341449999999
 30
0.0
 40
2.69999968
  1
OWNER:
 50
360.0
  7
ARIAL_BOLD
100
AcDbText
  0
TEXT
  5
35B
330
1F
100
AcDbEntity
  8
TESTPOINT-TEST_JIG_LAYER
100
AcDbText
 10
-13.70000054
 20
89.86091502
 30
0.0
 40
2.69999968
  1
PCB TITLE:
 50
360.0
  7
ARIAL_BOLD
100
AcDbText
  0
TEXT
  5
35C
330
1F
100
AcDbEntity
  8
TESTPOINT-TEST_JIG_LAYER
100
AcDbText
 10
-13.699998
 20
82.3188727
 30
0.0
 40
2.69999968
  1
GERBER FILENAME:
  7
ARIAL_BOLD
100
AcDbText
  0
TEXT
  5
35D
330
1F
100
AcDbEntity
  8
TESTPOINT-TEST_JIG_LAYER
100
AcDbText
 10
-13.70000054
 20
78.58092233999999
 30
0.0
 40
2.69999968
  1
LAYER NAME:
  7
ARIAL_BOLD
100
AcDbText
  0
TEXT
  5
35E
330
1F
100
AcDbEntity
  8
TESTPOINT-TEST_JIG_LAYER
100
AcDbText
 10
-13.4499985
 20
86.1109149
 30
0.0
 40
2.69999968
  1
PCB #:
  7
ARIAL_BOLD
100
AcDbText
  0
TEXT
  5
35F
330
1F
100
AcDbEntity
  8
TESTPOINT-TEST_JIG_LAYER
100
AcDbText
 10
51.30000408
 20
86.0398838
 30
0.0
 40
2.69999968
  1
REV:
  7
ARIAL_BOLD
100
AcDbText
  0
TEXT
  5
361
330
1F
100
AcDbEntity
  8
TESTPOINT-TEST_JIG_LAYER
100
AcDbText
 10
12.80000234
 20
79.58092287999999
 30
0.0
 40
2.99999908
  1
TESTPOINT/TEST JIG LAYER
 50
360.0
  7
ARIAL
100
AcDbText
  0
TEXT
  5
362
330
1F
100
AcDbEntity
  8
TESTPOINT-TEST_JIG_LAYER
100
AcDbText
 10
59.05000382
 20
87.08092312
 30
0.0
 40
2.50000008
  1
1
  7
ARIAL
100
AcDbText
  0
TEXT
  5
363
330
1F
100
AcDbEntity
  8
TESTPOINT-TEST_JIG_LAYER
100
AcDbText
 10
12.80000234
 20
83.330923
 30
0.0
 40
2.99999908
  1
Plot_File_Name is not interpreted until output
  7
ARIAL
100
AcDbText
  0
TEXT
  5
364
330
1F
100
AcDbEntity
  8
TESTPOINT-TEST_JIG_LAYER
100
AcDbText
 10
12.80000234
 20
90.58092374
 30
0.0
 40
2.99999908
  1
Logic Analyzer
  7
ARIAL
100
AcDbText
  0
TEXT
  5
365
330
1F
100
AcDbEntity
  8
TESTPOINT-TEST_JIG_LAYER
100
AcDbText
 10
12.80000234
 20
94.58092336
 30
0.0
 40
2.99999908
  1
Azoteq Pty(Ltd.)
  7
ARIAL
100
AcDbText
  0
TEXT
  5
366
330
1F
100
AcDbEntity
  8
TESTPOINT-TEST_JIG_LAYER
100
AcDbText
 10
12.80000234
 20
87.08092312
 30
0.0
 40
2.99999908
  1
AZP1524A1
  7
ARIAL
100
AcDbText
  0
INSERT
  5
368
330
1F
100
AcDbEntity
  8
0
100
AcDbBlockReference
  2
R_0603_1
 10
44.7999993
 20
11.25002576
 30
0.0
 50
90.0
  0
INSERT
  5
36A
330
1F
100
AcDbEntity
  8
0
100
AcDbBlockReference
  2
R_0603_2
 10
43.00000035999999
 20
11.25002576
 30
0.0
 50
270.0
  0
INSERT
  5
374
330
1F
100
AcDbEntity
  8
0
100
AcDbBlockReference
  2
J_USB_GCT_USB4500_03_0_A_3
 10
43.15000006
 20
3.750025519999999
 30
0.0
  0
INSERT
  5
376
330
1F
100
AcDbEntity
  8
0
100
AcDbBlockReference
  2
TEST_POINT_1_5MM_B_4
 10
34.90000132
 20
11.00002626
 30
0.0
 50
90.0
  0
INSERT
  5
378
330
1F
100
AcDbEntity
  8
0
100
AcDbBlockReference
  2
TEST_POINT_1_5MM_B_5
 10
37.75000069999999
 20
58.80002464
 30
0.0
 50
180.0
  0
INSERT
  5
37A
330
1F
100
AcDbEntity
  8
0
100
AcDbBlockReference
  2
TEST_POINT_1_5MM_B_6
 10
46.70000057999999
 20
58.80002464
 30
0.0
 50
90.0
  0
INSERT
  5
37C
330
1F
100
AcDbEntity
  8
0
100
AcDbBlockReference
  2
TEST_POINT_1_5MM_B_7
 10
52.90000088
 20
24.9500263
 30
0.0
 50
180.0
  0
INSERT
  5
37E
330
1F
100
AcDbEntity
  8
0
100
AcDbBlockReference
  2
TEST_POINT_1_5MM_B_8
 10
52.90000088
 20
27.950033
 30
0.0
 50
180.0
  0
INSERT
  5
380
330
1F
100
AcDbEntity
  8
0
100
AcDbBlockReference
  2
TEST_POINT_1_5MM_B_9
 10
52.90000088
 20
30.95002445999999
 30
0.0
 50
180.0
  0
INSERT
  5
382
330
1F
100
AcDbEntity
  8
0
100
AcDbBlockReference
  2
TEST_POINT_1_5MM_B_10
 10
52.90000088
 20
33.95002608
 30
0.0
 50
180.0
  0
INSERT
  5
384
330
1F
100
AcDbEntity
  8
0
100
AcDbBlockReference
  2
TEST_POINT_1_5MM_B_11
 10
46.90000018
 20
24.9500263
 30
0.0
 50
180.0
  0
INSERT
  5
386
330
1F
100
AcDbEntity
  8
0
100
AcDbBlockReference
  2
TEST_POINT_1_5MM_B_12
 10
46.90000018
 20
27.95002538
 30
0.0
 50
180.0
  0
INSERT
  5
388
330
1F
100
AcDbEntity
  8
0
100
AcDbBlockReference
  2
TEST_POINT_1_5MM_B_13
 10
46.90000018
 20
30.95002445999999
 30
0.0
 50
180.0
  0
INSERT
  5
38A
330
1F
100
AcDbEntity
  8
0
100
AcDbBlockReference
  2
TEST_POINT_1_5MM_B_14
 10
46.90000018
 20
33.95002608
 30
0.0
 50
180.0
  0
INSERT
  5
38C
330
1F
100
AcDbEntity
  8
0
100
AcDbBlockReference
  2
TEST_POINT_1_5MM_B_15
 10
37.5810018
 20
26.22502756
 30
0.0
 50
90.0
  0
INSERT
  5
38E
330
1F
100
AcDbEntity
  8
0
100
AcDbBlockReference
  2
TEST_POINT_1_5MM_B_16
 10
28.09999968
 20
20.00002604
 30
0.0
 50
90.0
  0
INSERT
  5
390
330
1F
100
AcDbEntity
  8
0
100
AcDbBlockReference
  2
U_TSSOP_24_17
 10
22.40000092
 20
41.50002622
 30
0.0
  0
INSERT
  5
392
330
1F
100
AcDbEntity
  8
0
100
AcDbBlockReference
  2
AZP1159C1_18
 10
48.21408949999999
 20
33.95002608
 30
0.0
 50
270.0
  0
INSERT
  5
394
330
1F
100
AcDbEntity
  8
0
100
AcDbBlockReference
  2
SOT_23_19
 10
28.90000062
 20
12.7500253
 30
0.0
 50
270.0
  0
INSERT
  5
396
330
1F
100
AcDbEntity
  8
0
100
AcDbBlockReference
  2
SOT_223_20
 10
21.89999938
 20
14.60002668
 30
0.0
  0
INSERT
  5
398
330
1F
100
AcDbEntity
  8
0
100
AcDbBlockReference
  2
S_GABOU_KFC_807_21
 10
18.5000011
 20
55.85002546
 30
0.0
 50
180.0
  0
INSERT
  5
3A6
330
1F
100
AcDbEntity
  8
0
100
AcDbBlockReference
  2
S_C_K_OS103011MS8QP1_B_22
 10
33.75000108
 20
55.95002525999999
 30
0.0
 50
180.0
  0
INSERT
  5
3A8
330
1F
100
AcDbEntity
  8
0
100
AcDbBlockReference
  2
R_0603_23
 10
19.1499998
 20
50.0500269
 30
0.0
 50
180.0
  0
INSERT
  5
3AA
330
1F
100
AcDbEntity
  8
0
100
AcDbBlockReference
  2
R_0603_24
 10
19.1499998
 20
52.25002504
 30
0.0
 50
180.0
  0
INSERT
  5
3AC
330
1F
100
AcDbEntity
  8
0
100
AcDbBlockReference
  2
R_0603_25
 10
21.89999938
 20
5.25002506
 30
0.0
 50
180.0
  0
INSERT
  5
3AE
330
1F
100
AcDbEntity
  8
0
100
AcDbBlockReference
  2
R_0603_26
 10
45.89999964
 20
53.75002712
 30
0.0
  0
INSERT
  5
3B0
330
1F
100
AcDbEntity
  8
0
100
AcDbBlockReference
  2
R_0603_27
 10
45.89999964
 20
55.50002616
 30
0.0
 50
180.0
  0
INSERT
  5
3B2
330
1F
100
AcDbEntity
  8
0
100
AcDbBlockReference
  2
R_0603_28
 10
30.72500332
 20
26.27502492
 30
0.0
  0
INSERT
  5
3B4
330
1F
100
AcDbEntity
  8
0
100
AcDbBlockReference
  2
R_0603_29
 10
34.72500294
 20
26.27502492
 30
0.0
  0
INSERT
  5
3B6
330
1F
100
AcDbEntity
  8
0
100
AcDbBlockReference
  2
R_0603_30
 10
35.47500144
 20
29.0250245
 30
0.0
 50
90.0
  0
INSERT
  5
3B8
330
1F
100
AcDbEntity
  8
0
100
AcDbBlockReference
  2
R_0603_31
 10
46.75000048
 20
11.25002576
 30
0.0
 50
90.0
  0
INSERT
  5
3BA
330
1F
100
AcDbEntity
  8
0
100
AcDbBlockReference
  2
R_0603_32
 10
41.09999908
 20
11.25002576
 30
0.0
 50
90.0
  0
INSERT
  5
3BC
330
1F
100
AcDbEntity
  8
0
100
AcDbBlockReference
  2
R_0603_33
 10
49.00000106
 20
11.25002576
 30
0.0
 50
90.0
  0
INSERT
  5
3BE
330
1F
100
AcDbEntity
  8
0
100
AcDbBlockReference
  2
R_POLYSWITCH_1206_34
 10
36.40000086
 20
11.00002626
 30
0.0
  0
INSERT
  5
3C0
330
1F
100
AcDbEntity
  8
0
100
AcDbBlockReference
  2
R_0603_35
 10
28.90000062
 20
17.75002546
 30
0.0
  0
INSERT
  5
3C2
330
1F
100
AcDbEntity
  8
0
100
AcDbBlockReference
  2
R_0603_36
 10
21.89999938
 20
2.75002498
 30
0.0
 50
180.0
  0
INSERT
  5
3C4
330
1F
100
AcDbEntity
  8
0
100
AcDbBlockReference
  2
R_0603_37
 10
14.90000068
 20
15.00002588
 30
0.0
 50
270.0
  0
INSERT
  5
3C8
330
1F
100
AcDbEntity
  8
0
100
AcDbBlockReference
  2
MPAD_X7_0Y7_0_D3_3_38
 10
5.00000016
 20
5.000988219999999
 30
0.0
  0
INSERT
  5
3CC
330
1F
100
AcDbEntity
  8
0
100
AcDbBlockReference
  2
MPAD_X7_0Y7_0_D3_3_39
 10
54.99999922
 20
5.00002556
 30
0.0
  0
INSERT
  5
3D0
330
1F
100
AcDbEntity
  8
0
100
AcDbBlockReference
  2
MPAD_X7_0Y7_0_D3_3_40
 10
5.00000016
 20
55.20002675999999
 30
0.0
  0
INSERT
  5
3D4
330
1F
100
AcDbEntity
  8
0
100
AcDbBlockReference
  2
MPAD_X7_0Y7_0_D3_3_41
 10
54.99999922
 20
55.20002675999999
 30
0.0
  0
INSERT
  5
3E6
330
1F
100
AcDbEntity
  8
0
100
AcDbBlockReference
  2
P_BERG_8W_HDR_RA_SIL_42
 10
1.90000128
 20
21.00002658
 30
0.0
 50
270.0
  0
INSERT
  5
3E8
330
1F
100
AcDbEntity
  8
0
100
AcDbBlockReference
  2
P_BERG_10W_HDR_EDGE_43
 10
2.89999928
 20
43.1000281
 30
0.0
 50
180.0
  0
INSERT
  5
3EA
330
1F
100
AcDbEntity
  8
0
100
AcDbBlockReference
  2
TEST_POINT_1_5MM_B_44
 10
49.00000106
 20
12.05002416
 30
0.0
 50
180.0
  0
INSERT
  5
3EC
330
1F
100
AcDbEntity
  8
0
100
AcDbBlockReference
  2
D_LED_BLUE_0603___WEJ_____
 10
31.4000007
 20
5.25002506
 30
0.0
 50
180.0
  0
INSERT
  5
3EE
330
1F
100
AcDbEntity
  8
0
100
AcDbBlockReference
  2
D_LED_RED_0603_46
 10
31.4000007
 20
2.75002498
 30
0.0
 50
180.0
  0
INSERT
  5
3F0
330
1F
100
AcDbEntity
  8
0
100
AcDbBlockReference
  2
D_SOD_323_47
 10
16.40000022
 20
51.25002704
 30
0.0
 50
270.0
  0
INSERT
  5
3F2
330
1F
100
AcDbEntity
  8
0
100
AcDbBlockReference
  2
SOT_23_48
 10
32.22500286
 20
29.0250245
 30
0.0
 50
180.0
  0
INSERT
  5
3F4
330
1F
100
AcDbEntity
  8
0
100
AcDbBlockReference
  2
C_0603_49
 10
45.89999964
 20
52.00002554
 30
0.0
 50
180.0
  0
INSERT
  5
3F6
330
1F
100
AcDbEntity
  8
0
100
AcDbBlockReference
  2
C_0603_50
 10
24.900001
 20
46.75002588
 30
0.0
  0
INSERT
  5
3F8
330
1F
100
AcDbEntity
  8
0
100
AcDbBlockReference
  2
C_0603_51
 10
19.90000084
 20
46.75002588
 30
0.0
  0
INSERT
  5
3FA
330
1F
100
AcDbEntity
  8
0
100
AcDbBlockReference
  2
C_0603_52
 10
28.90000062
 20
16.00002642
 30
0.0
 50
180.0
  0
INSERT
  5
3FC
330
1F
100
AcDbEntity
  8
0
100
AcDbBlockReference
  2
C_0603_53
 10
31.6500002
 20
12.2500263
 30
0.0
 50
270.0
  0
INSERT
  5
3FE
330
1F
100
AcDbEntity
  8
0
100
AcDbBlockReference
  2
C_0603_54
 10
16.89999922
 20
15.00002588
 30
0.0
 50
90.0
  0
INSERT
  5
400
330
1F
100
AcDbEntity
  8
0
100
AcDbBlockReference
  2
C_0603_55
 10
21.89999938
 20
9.00002518
 30
0.0
  0
INSERT
  5
402
330
1F
100
AcDbEntity
  8
0
100
AcDbBlockReference
  2
TEST_POINT_1_5MM_B_56
 10
21.89999938
 20
20.45002514
 30
0.0
 50
180.0
  0
ENDSEC
  0
SECTION
  2
OBJECTS
  0
DICTIONARY
  5
C
330
0
100
AcDbDictionary
  3
ACAD_GROUP
350
D
  3
ACAD_LAYOUT
350
1A
  3
ACAD_MATERIAL
350
43
  3
ACAD_MLEADERSTYLE
350
5B
  3
ACAD_MLINESTYLE
350
17
  3
ACAD_PLOTSETTINGS
350
19
  3
ACAD_SCALELIST
350
47
  3
ACAD_VISUALSTYLE
350
2A
  3
ACDBHEADERROUNDTRIPXREC
350
473
  3
ACDBVARIABLEDICTIONARY
350
494
  3
DWGPROPS
350
49B
  0
DICTIONARY
  5
49D
330
8
100
AcDbDictionary
280
     1
  3
ACAD_XREC_ROUNDTRIP
360
49E
  0
DICTIONARY
  5
D
102
{ACAD_REACTORS
330
C
102
}
330
C
100
AcDbDictionary
  0
DICTIONARY
  5
1A
102
{ACAD_REACTORS
330
C
102
}
330
C
100
AcDbDictionary
  0
DICTIONARY
  5
43
102
{ACAD_REACTORS
330
C
102
}
330
C
100
AcDbDictionary
  3
BYBLOCK
350
45
  3
BYLAYER
350
44
  3
GLOBAL
350
46
  0
DICTIONARY
  5
5B
102
{ACAD_REACTORS
330
C
102
}
330
C
100
AcDbDictionary
  3
STANDARD
350
5C
  0
DICTIONARY
  5
17
102
{ACAD_REACTORS
330
C
102
}
330
C
100
AcDbDictionary
  3
STANDARD
350
18
  0
DICTIONARY
  5
19
102
{ACAD_REACTORS
330
C
102
}
330
C
100
AcDbDictionary
  0
DICTIONARY
  5
47
102
{ACAD_REACTORS
330
C
102
}
330
C
100
AcDbDictionary
  3
A0
350
48
  3
A1
350
49
  3
A2
350
4A
  3
A3
350
4B
  3
A4
350
4C
  3
A5
350
4D
  3
A6
350
4E
  3
A7
350
4F
  3
A8
350
50
  3
A9
350
51
  3
B1
350
52
  3
B2
350
53
  3
B3
350
54
  3
B4
350
55
  3
B5
350
56
  3
B6
350
57
  3
B7
350
58
  0
DICTIONARY
  5
2A
102
{ACAD_REACTORS
330
C
102
}
330
C
100
AcDbDictionary
  3
2DWIREFRAME
350
2F
  3
BASIC
350
32
  3
BRIGHTEN
350
36
  3
COLORCHANGE
350
3A
  3
CONCEPTUAL
350
34
  3
DIM
350
35
  3
EDGECOLOROFF
350
3D
  3
FACEPATTERN
350
39
  3
FLAT
350
2B
  3
FLATWITHEDGES
350
2C
  3
GOURAUD
350
2D
  3
GOURAUDWITHEDGES
350
2E
  3
HIDDEN
350
31
  3
JITTEROFF
350
3B
  3
LINEPATTERN
350
38
  3
OVERHANGOFF
350
3C
  3
REALISTIC
350
33
  3
SHADED
350
42
  3
SHADED_WITH_EDGES
350
41
  3
SHADES_OF_GRAY
350
3E
  3
SKETCHY
350
3F
  3
THICKEN
350
37
  3
WIREFRAME
350
30
  3
X-RAY
350
40
  0
DICTIONARY
  5
473
102
{ACAD_REACTORS
330
C
102
}
330
C
100
AcDbDictionary
  3
CEPSNID
350
47D
  3
CEPSNTYPE
350
47C
  3
DIMSTYLEDATA
350
493
  3
FINGERPRINTGUID
350
47E
  3
HYPERLINKBASE
350
476
  3
INSUNITS
350
47B
  3
LAYOUTDICT
350
478
  3
LWETCUNION
350
47A
  3
PLOTSETDICT
350
479
  3
PSVPSCALE
350
480
  3
PUCSBASE
350
483
  3
PUCSORGBACK
350
489
  3
PUCSORGBOTTOM
350
485
  3
PUCSORGFRONT
350
488
  3
PUCSORGLEFT
350
486
  3
PUCSORGRIGHT
350
487
  3
PUCSORGTOP
350
484
  3
PUCSORTHOREF
350
481
  3
PUCSORTHOVIEW
350
482
  3
STYLESHEET
350
477
  3
TSTACKALIGN
350
474
  3
TSTACKSIZE
350
475
  3
UCSBASE
350
48C
  3
UCSORGBACK
350
492
  3
UCSORGBOTTOM
350
48E
  3
UCSORGFRONT
350
491
  3
UCSORGLEFT
350
48F
  3
UCSORGRIGHT
350
490
  3
UCSORGTOP
350
48D
  3
UCSORTHOREF
350
48A
  3
UCSORTHOVIEW
350
48B
  3
VERSIONGUID
350
47F
  0
DICTIONARY
  5
494
102
{ACAD_REACTORS
330
C
102
}
330
C
100
AcDbDictionary
  3
CANNOSCALE
350
49F
  3
CMLEADERSTYLE
350
496
  3
CTABLESTYLE
350
495
  3
DIMASSOC
350
499
  3
HIDETEXT
350
49A
  3
MSLTSCALE
350
4A0
  0
XRECORD
  5
49B
102
{ACAD_REACTORS
330
C
102
}
330
C
100
AcDbXrecord
  1
DWGPROPS COOKIE
  2

  3

  4

  6

  7

  8
Jason Reinecke
  9

300
=
301
=
302
=
303
=
304
=
305
=
306
=
307
=
308
=
309
=
 40
0.0
 41
2461147.33452191
 42
2461147.334525116
  1

 90
        0
  0
XRECORD
  5
49E
102
{ACAD_REACTORS
330
49D
102
}
330
49D
100
AcDbXrecord
102
VTR_0.000_0.000_1.000_1.000_VISUALSTYLE
340
2F
102
VTR_0.000_0.000_1.000_1.000_GRIDDISPLAY
 70
     3
102
VTR_0.000_0.000_1.000_1.000_GRIDMAJOR
 70
     5
102
VTR_0.000_0.000_1.000_1.000_DEFAULTLIGHTING
280
     1
102
VTR_0.000_0.000_1.000_1.000_DEFAULTLIGHTINGTYPE
 70
     1
102
VTR_0.000_0.000_1.000_1.000_BRIGHTNESS
141
0.0
102
VTR_0.000_0.000_1.000_1.000_CONTRAST
142
0.0
  0
MATERIAL
  5
45
102
{ACAD_REACTORS
330
43
102
}
102
{ACAD_XDICTIONARY
360
4A3
102
}
330
43
100
AcDbMaterial
  1
BYBLOCK
  0
MATERIAL
  5
44
102
{ACAD_REACTORS
330
43
102
}
102
{ACAD_XDICTIONARY
360
4A1
102
}
330
43
100
AcDbMaterial
  1
BYLAYER
  0
MATERIAL
  5
46
102
{ACAD_REACTORS
330
43
102
}
102
{ACAD_XDICTIONARY
360
4A5
102
}
330
43
100
AcDbMaterial
  1
GLOBAL
  0
ACAD_PROXY_OBJECT
  5
5C
102
{ACAD_REACTORS
330
5B
102
}
330
5B
100
AcDbProxyObject
 90
      499
 91
      505
 93
      610
310
40901902A4063FBFFFFFE056BD1B81E855B9FC0AD7A3703D0AD73F4214DD185B99185C9900AD7A3703D0AC73F90141901A02B5E8DC0F42B1CFC02B5E8DC0F42B1CFE5764000000000000300FC0
340
14
340
0
340
11
340
0
 94
        0
1001
ACAD_MLEADERVER
1070
     2
  0
MLINESTYLE
  5
18
102
{ACAD_REACTORS
330
17
102
}
330
17
100
AcDbMlineStyle
  2
Standard
 70
     0
  3

 62
   256
 51
90.0
 52
90.0
 71
     2
 49
0.5
 62
   256
  6
BYLAYER
 49
-0.5
 62
   256
  6
BYLAYER
  0
ACAD_PROXY_OBJECT
  5
48
102
{ACAD_REACTORS
330
47
102
}
330
47
100
AcDbProxyObject
 90
      499
 91
      503
 93
       41
310
903313A31580
  0
ACAD_PROXY_OBJECT
  5
49
102
{ACAD_REACTORS
330
47
102
}
330
47
100
AcDbProxyObject
 90
      499
 91
      503
 93
      257
310
90E312F31323822203D2031272D3022000000000000200FC000000000000284000
  0
ACAD_PROXY_OBJECT
  5
4A
102
{ACAD_REACTORS
330
47
102
}
330
47
100
AcDbProxyObject
 90
      499
 91
      503
 93
      249
310
90D312F363422203D2031272D3022000000000000240FC000000000000284000
  0
ACAD_PROXY_OBJECT
  5
4B
102
{ACAD_REACTORS
330
47
102
}
330
47
100
AcDbProxyObject
 90
      499
 91
      503
 93
      249
310
90D312F333222203D2031272D3022000000000000280FC000000000000284000
  0
ACAD_PROXY_OBJECT
  5
4C
102
{ACAD_REACTORS
330
47
102
}
330
47
100
AcDbProxyObject
 90
      499
 91
      503
 93
      249
310
90D312F313622203D2031272D30220000000000002C0FC000000000000284000
  0
ACAD_PROXY_OBJECT
  5
4D
102
{ACAD_REACTORS
330
47
102
}
330
47
100
AcDbProxyObject
 90
      499
 91
      503
 93
      249
310
90D332F333222203D2031272D30220000000000002E0FC000000000000284000
  0
ACAD_PROXY_OBJECT
  5
4E
102
{ACAD_REACTORS
330
47
102
}
330
47
100
AcDbProxyObject
 90
      499
 91
      503
 93
      241
310
90C312F3822203D2031272D3022000000000000300FC000000000000284000
  0
ACAD_PROXY_OBJECT
  5
4F
102
{ACAD_REACTORS
330
47
102
}
330
47
100
AcDbProxyObject
 90
      499
 91
      503
 93
      249
310
90D332F313622203D2031272D3022000000000000320FC000000000000284000
  0
ACAD_PROXY_OBJECT
  5
50
102
{ACAD_REACTORS
330
47
102
}
330
47
100
AcDbProxyObject
 90
      499
 91
      503
 93
      241
310
90C312F3422203D2031272D3022000000000000340FC000000000000284000
  0
ACAD_PROXY_OBJECT
  5
51
102
{ACAD_REACTORS
330
47
102
}
330
47
100
AcDbProxyObject
 90
      499
 91
      503
 93
      241
310
90C332F3822203D2031272D3022000000000000360FC000000000000284000
  0
ACAD_PROXY_OBJECT
  5
52
102
{ACAD_REACTORS
330
47
102
}
330
47
100
AcDbProxyObject
 90
      499
 91
      503
 93
      241
310
90C312F3222203D2031272D3022000000000000380FC000000000000284000
  0
ACAD_PROXY_OBJECT
  5
53
102
{ACAD_REACTORS
330
47
102
}
330
47
100
AcDbProxyObject
 90
      499
 91
      503
 93
      241
310
90C332F3422203D2031272D30220000000000003A0FC000000000000284000
  0
ACAD_PROXY_OBJECT
  5
54
102
{ACAD_REACTORS
330
47
102
}
330
47
100
AcDbProxyObject
 90
      499
 91
      503
 93
      161
310
90A3122203D2031272D30224000000000000284000
  0
ACAD_PROXY_OBJECT
  5
55
102
{ACAD_REACTORS
330
47
102
}
330
47
100
AcDbProxyObject
 90
      499
 91
      503
 93
      257
310
90E312D312F3222203D2031272D30220000000000003E0FC000000000000284000
  0
ACAD_PROXY_OBJECT
  5
56
102
{ACAD_REACTORS
330
47
102
}
330
47
100
AcDbProxyObject
 90
      499
 91
      503
 93
      225
310
90A3322203D2031272D302200000000000002100000000000000284000
  0
ACAD_PROXY_OBJECT
  5
57
102
{ACAD_REACTORS
330
47
102
}
330
47
100
AcDbProxyObject
 90
      499
 91
      503
 93
      225
310
90A3622203D2031272D302200000000000006100000000000000284000
  0
ACAD_PROXY_OBJECT
  5
58
102
{ACAD_REACTORS
330
47
102
}
330
47
100
AcDbProxyObject
 90
      499
 91
      503
 93
      249
310
90D31272D3022203D2031272D30220000000000000A100000000000000284000
  0
ACAD_PROXY_OBJECT
  5
2F
102
{ACAD_REACTORS
330
2A
102
}
330
2A
100
AcDbProxyObject
 90
      499
 91
      501
 93
      436
310
42CC9915DA5C99599C985B595049028333333333333E33F0000000000000F90107901411070040501600405405064090741402480A0340
1001
ACAD
1000
AcDbSavedByObjectVersion
1070
     0
  0
ACAD_PROXY_OBJECT
  5
32
102
{ACAD_REACTORS
330
2A
102
}
330
2A
100
AcDbProxyObject
 90
      499
 91
      501
 93
      388
310
4150985CDA58D07406404333333333333E33F0000000000000F90107A41107004050150841D405064090741402480A0350
1001
ACAD
1000
AcDbSavedByObjectVersion
1070
     0
  0
ACAD_PROXY_OBJECT
  5
36
102
{ACAD_REACTORS
330
2A
102
}
330
2A
100
AcDbProxyObject
 90
      499
 91
      501
 93
      428
310
42109C9A59DA1D195B90C409028333333333333E33F0000000000000F9010790141107004050150841D405064090741402480A029950
1001
ACAD
1000
AcDbSavedByObjectVersion
1070
     0
  0
ACAD_PROXY_OBJECT
  5
3A
102
{ACAD_REACTORS
330
2A
102
}
330
2A
100
AcDbProxyObject
 90
      499
 91
      501
 93
      452
310
42D0DBDB1BDC90DA185B99D95104090240C333333333333E33F0000000000000F90108901411070040501508421405064090741402480A0350
1001
ACAD
1000
AcDbSavedByObjectVersion
1070
     0
  0
ACAD_PROXY_OBJECT
  5
34
102
{ACAD_REACTORS
330
2A
102
}
330
2A
100
AcDbProxyObject
 90
      499
 91
      501
 93
      500
310
4290DBDB98D95C1D1D585B10940D028333333333333E33F0000000000000F90107902409070040501000000000018199010841D405064090740C02480A0340
1001
ACAD
1000
AcDbSavedByObjectVersion
1070
     0
  0
ACAD_PROXY_OBJECT
  5
35
102
{ACAD_REACTORS
330
2A
102
}
330
2A
100
AcDbProxyObject
 90
      499
 91
      501
 93
      412
310
40D11A5B50B409028333333333333E33F0000000000000F9010790141107004050150841D405064090741402480A02677FFFFFD0
1001
ACAD
1000
AcDbSavedByObjectVersion
1070
     0
  0
ACAD_PROXY_OBJECT
  5
3D
102
{ACAD_REACTORS
330
2A
102
}
330
2A
100
AcDbProxyObject
 90
      499
 91
      501
 93
      452
310
43115919D950DBDB1BDC93D999916409028333333333333E33F0000000000000F9010790141107004050150841D405064090741402480A0350
1001
ACAD
1000
AcDbSavedByObjectVersion
1070
     0
  0
ACAD_PROXY_OBJECT
  5
39
102
{ACAD_REACTORS
330
2A
102
}
330
2A
100
AcDbProxyObject
 90
      499
 91
      501
 93
      444
310
42D19858D95C185D1D195C9B90F409028333333333333E33F0000000000000F9010790141107004050150841D405064090741402480A0350
1001
ACAD
1000
AcDbSavedByObjectVersion
1070
     0
  0
ACAD_PROXY_OBJECT
  5
2B
102
{ACAD_REACTORS
330
2A
102
}
330
2A
100
AcDbProxyObject
 90
      499
 91
      501
 93
      380
310
41119B185D240901404333333333333E33F0000000000000F9010740A907004050150841D405064090741402480A1B50
1001
ACAD
1000
AcDbSavedByObjectVersion
1070
     0
  0
ACAD_PROXY_OBJECT
  5
2C
102
{ACAD_REACTORS
330
2A
102
}
330
2A
100
AcDbProxyObject
 90
      499
 91
      501
 93
      468
310
43519B185D15DA5D1A115919D95CD0140901404333333333333E33F0000000000000F90107409019070040501600405405064090741402480A1B50
1001
ACAD
1000
AcDbSavedByObjectVersion
1070
     0
  0
ACAD_PROXY_OBJECT
  5
2D
102
{ACAD_REACTORS
330
2A
102
}
330
2A
100
AcDbProxyObject
 90
      499
 91
      501
 93
      404
310
41D1DBDD5C985D5910240902404333333333333E33F0000000000000F9010740A9070040501641D405064090741402480A1B50
1001
ACAD
1000
AcDbSavedByObjectVersion
1070
     0
  0
ACAD_PROXY_OBJECT
  5
2E
102
{ACAD_REACTORS
330
2A
102
}
330
2A
100
AcDbProxyObject
 90
      499
 91
      501
 93
      492
310
4411DBDD5C985D5915DA5D1A115919D95CD0340902404333333333333E33F0000000000000F90107409019070040501600405405064090741402480A1B50
1001
ACAD
1000
AcDbSavedByObjectVersion
1070
     0
  0
ACAD_PROXY_OBJECT
  5
31
102
{ACAD_REACTORS
330
2A
102
}
330
2A
100
AcDbProxyObject
 90
      499
 91
      501
 93
      476
310
41921A5919195B90640502408333333333333E33F0000000000000F901079024090700405020000000000001110200405405064090740C02480A0340
1001
ACAD
1000
AcDbSavedByObjectVersion
1070
     0
  0
ACAD_PROXY_OBJECT
  5
3B
102
{ACAD_REACTORS
330
2A
102
}
330
2A
100
AcDbProxyObject
 90
      499
 91
      501
 93
      428
310
42529A5D1D195C93D999914409028333333333333E33F0000000000000F9010790141107004050150A41D405064090741402480A0350
1001
ACAD
1000
AcDbSavedByObjectVersion
1070
     0
  0
ACAD_PROXY_OBJECT
  5
38
102
{ACAD_REACTORS
330
2A
102
}
330
2A
100
AcDbProxyObject
 90
      499
 91
      501
 93
      444
310
42D31A5B995C185D1D195C9B90E409028333333333333E33F0000000000000F9010790141107004050750841D405064090741402483A0350
1001
ACAD
1000
AcDbSavedByObjectVersion
1070
     0
  0
ACAD_PROXY_OBJECT
  5
3C
102
{ACAD_REACTORS
330
2A
102
}
330
2A
100
AcDbProxyObject
 90
      499
 91
      501
 93
      444
310
42D3DD995C9A185B99D3D999915409028333333333333E33F0000000000000F9010790141107004050150941D405064090741402480A0350
1001
ACAD
1000
AcDbSavedByObjectVersion
1070
     0
  0
ACAD_PROXY_OBJECT
  5
33
102
{ACAD_REACTORS
330
2A
102
}
330
2A
100
AcDbProxyObject
 90
      499
 91
      501
 93
      428
310
425499585B1A5CDD1A58D08409038333333333333E33F0000000000000F9010740A907004050150800405405064090740C02480A1B40
1001
ACAD
1000
AcDbSavedByObjectVersion
1070
     0
  0
ACAD_PROXY_OBJECT
  5
42
102
{ACAD_REACTORS
330
2A
102
}
330
2A
100
AcDbProxyObject
 90
      499
 91
      501
 93
      420
310
4194DA1859195911B40902404333333333333E33F0000000000000F9010740A41107004050150800405405064090840C02480A0B40
1001
ACAD
1000
AcDbSavedByObjectVersion
1070
     0
  0
ACAD_PROXY_OBJECT
  5
41
102
{ACAD_REACTORS
330
2A
102
}
330
2A
100
AcDbProxyObject
 90
      499
 91
      501
 93
      516
310
4454DA18591959081DDA5D1A08195919D95CD1A40902404333333333333E33F0000000000000F901074090142907004050250800405405064090740C02480A0B40
1001
ACAD
1000
AcDbSavedByObjectVersion
1070
     0
  0
ACAD_PROXY_OBJECT
  5
3E
102
{ACAD_REACTORS
330
2A
102
}
330
2A
100
AcDbProxyObject
 90
      499
 91
      501
 93
      532
310
4394DA1859195CC81BD98811DC985E5174090240C333333333333E33F0000000000000F901079024090741D01000000000000111010841D405064090740C02480A0340
1001
ACAD
1000
AcDbSavedByObjectVersion
1070
     0
  0
ACAD_PROXY_OBJECT
  5
3F
102
{ACAD_REACTORS
330
2A
102
}
330
2A
100
AcDbProxyObject
 90
      499
 91
      501
 93
      476
310
41D4DAD95D18DA1E51840502408333333333333E33F0000000000000F901079024090741D01000000000000111010B41D405064090741802480A0340
1001
ACAD
1000
AcDbSavedByObjectVersion
1070
     0
  0
ACAD_PROXY_OBJECT
  5
37
102
{ACAD_REACTORS
330
2A
102
}
330
2A
100
AcDbProxyObject
 90
      499
 91
      501
 93
      412
310
41D51A1A58DAD95B90D409028333333333333E33F0000000000000F9010790141107004050150C41D405064090741402480A0350
1001
ACAD
1000
AcDbSavedByObjectVersion
1070
     0
  0
ACAD_PROXY_OBJECT
  5
30
102
{ACAD_REACTORS
330
2A
102
}
330
2A
100
AcDbProxyObject
 90
      499
 91
      501
 93
      420
310
4255DA5C99599C985B595059028333333333333E33F0000000000000F90107901411070040501600405405064090740C02480A0340
1001
ACAD
1000
AcDbSavedByObjectVersion
1070
     0
  0
ACAD_PROXY_OBJECT
  5
40
102
{ACAD_REACTORS
330
2A
102
}
330
2A
100
AcDbProxyObject
 90
      499
 91
      501
 93
      404
310
41560B54985E51940902404000000000000E03F0000000000000F9010740501907004050150841D405064090740C02480A1B40
1001
ACAD
1000
AcDbSavedByObjectVersion
1070
     0
  0
XRECORD
  5
47D
102
{ACAD_REACTORS
330
473
102
}
330
473
100
AcDbXrecord
340
0
  0
XRECORD
  5
47C
102
{ACAD_REACTORS
330
473
102
}
330
473
100
AcDbXrecord
 90
        0
  0
XRECORD
  5
493
102
{ACAD_REACTORS
330
473
102
}
330
473
100
AcDbXrecord
1000
DSTYLE
1002
{
1070
   171
 70
     2
1070
   143
 40
25.4
1070
   274
 70
     2
1070
    41
 40
0.18
1070
   141
 40
0.09
1070
   271
 70
     4
1070
    43
 40
0.38
1070
   278
 70
    46
1070
    44
 40
0.18
1070
    42
 40
0.0625
1070
   147
 40
0.09
1070
    77
 70
     0
1070
   272
 70
     4
1070
    73
 70
     1
1070
   172
 70
     0
1070
    74
 70
     1
1070
   283
 70
     1
1070
   340
340
11
1070
   140
 40
0.18
1070
   284
 70
     0
1070
    78
 70
     0
1002
}
  0
XRECORD
  5
47E
102
{ACAD_REACTORS
330
473
102
}
330
473
100
AcDbXrecord
  1
{38037254-0580-412f-994f-0c8ccedfedcb}
  0
XRECORD
  5
476
102
{ACAD_REACTORS
330
473
102
}
330
473
100
AcDbXrecord
  1

  0
XRECORD
  5
47B
102
{ACAD_REACTORS
330
473
102
}
330
473
100
AcDbXrecord
 90
        1
  0
XRECORD
  5
478
102
{ACAD_REACTORS
330
473
102
}
330
473
100
AcDbXrecord
340
1A
  0
XRECORD
  5
47A
102
{ACAD_REACTORS
330
473
102
}
330
473
100
AcDbXrecord
 90
    10781
  0
XRECORD
  5
479
102
{ACAD_REACTORS
330
473
102
}
330
473
100
AcDbXrecord
340
19
  0
XRECORD
  5
480
102
{ACAD_REACTORS
330
473
102
}
330
473
100
AcDbXrecord
 40
0.0
  0
XRECORD
  5
483
102
{ACAD_REACTORS
330
473
102
}
330
473
100
AcDbXrecord
340
0
  0
XRECORD
  5
489
102
{ACAD_REACTORS
330
473
102
}
330
473
100
AcDbXrecord
 10
0.0
 20
0.0
 30
0.0
  0
XRECORD
  5
485
102
{ACAD_REACTORS
330
473
102
}
330
473
100
AcDbXrecord
 10
0.0
 20
0.0
 30
0.0
  0
XRECORD
  5
488
102
{ACAD_REACTORS
330
473
102
}
330
473
100
AcDbXrecord
 10
0.0
 20
0.0
 30
0.0
  0
XRECORD
  5
486
102
{ACAD_REACTORS
330
473
102
}
330
473
100
AcDbXrecord
 10
0.0
 20
0.0
 30
0.0
  0
XRECORD
  5
487
102
{ACAD_REACTORS
330
473
102
}
330
473
100
AcDbXrecord
 10
0.0
 20
0.0
 30
0.0
  0
XRECORD
  5
484
102
{ACAD_REACTORS
330
473
102
}
330
473
100
AcDbXrecord
 10
0.0
 20
0.0
 30
0.0
  0
XRECORD
  5
481
102
{ACAD_REACTORS
330
473
102
}
330
473
100
AcDbXrecord
340
0
  0
XRECORD
  5
482
102
{ACAD_REACTORS
330
473
102
}
330
473
100
AcDbXrecord
 70
     0
  0
XRECORD
  5
477
102
{ACAD_REACTORS
330
473
102
}
330
473
100
AcDbXrecord
  1

  0
XRECORD
  5
474
102
{ACAD_REACTORS
330
473
102
}
330
473
100
AcDbXrecord
 90
        1
  0
XRECORD
  5
475
102
{ACAD_REACTORS
330
473
102
}
330
473
100
AcDbXrecord
 90
       70
  0
XRECORD
  5
48C
102
{ACAD_REACTORS
330
473
102
}
330
473
100
AcDbXrecord
340
0
  0
XRECORD
  5
492
102
{ACAD_REACTORS
330
473
102
}
330
473
100
AcDbXrecord
 10
0.0
 20
0.0
 30
0.0
  0
XRECORD
  5
48E
102
{ACAD_REACTORS
330
473
102
}
330
473
100
AcDbXrecord
 10
0.0
 20
0.0
 30
0.0
  0
XRECORD
  5
491
102
{ACAD_REACTORS
330
473
102
}
330
473
100
AcDbXrecord
 10
0.0
 20
0.0
 30
0.0
  0
XRECORD
  5
48F
102
{ACAD_REACTORS
330
473
102
}
330
473
100
AcDbXrecord
 10
0.0
 20
0.0
 30
0.0
  0
XRECORD
  5
490
102
{ACAD_REACTORS
330
473
102
}
330
473
100
AcDbXrecord
 10
0.0
 20
0.0
 30
0.0
  0
XRECORD
  5
48D
102
{ACAD_REACTORS
330
473
102
}
330
473
100
AcDbXrecord
 10
0.0
 20
0.0
 30
0.0
  0
XRECORD
  5
48A
102
{ACAD_REACTORS
330
473
102
}
330
473
100
AcDbXrecord
340
0
  0
XRECORD
  5
48B
102
{ACAD_REACTORS
330
473
102
}
330
473
100
AcDbXrecord
 70
     0
  0
XRECORD
  5
47F
102
{ACAD_REACTORS
330
473
102
}
330
473
100
AcDbXrecord
  1
{FAEB1C32-E019-11D5-929B-00C0DF256EC4}
  0
DICTIONARYVAR
  5
49F
102
{ACAD_REACTORS
330
494
102
}
330
494
100
DictionaryVariables
280
     0
  1
1:1
  0
DICTIONARYVAR
  5
496
102
{ACAD_REACTORS
330
494
102
}
330
494
100
DictionaryVariables
280
     0
  1
Standard
  0
DICTIONARYVAR
  5
495
102
{ACAD_REACTORS
330
494
102
}
330
494
100
DictionaryVariables
280
     0
  1
Standard
  0
DICTIONARYVAR
  5
499
102
{ACAD_REACTORS
330
494
102
}
330
494
100
DictionaryVariables
280
     0
  1
2
  0
DICTIONARYVAR
  5
49A
102
{ACAD_REACTORS
330
494
102
}
330
494
100
DictionaryVariables
280
     0
  1
1
  0
DICTIONARYVAR
  5
4A0
102
{ACAD_REACTORS
330
494
102
}
330
494
100
DictionaryVariables
280
     0
  1
1
  0
DICTIONARY
  5
4A3
330
45
100
AcDbDictionary
280
     1
  3
ACAD_XREC_ROUNDTRIP
360
4A4
  0
DICTIONARY
  5
4A1
330
44
100
AcDbDictionary
280
     1
  3
ACAD_XREC_ROUNDTRIP
360
4A2
  0
DICTIONARY
  5
4A5
330
46
100
AcDbDictionary
280
     1
  3
ACAD_XREC_ROUNDTRIP
360
4A6
  0
XRECORD
  5
4A4
102
{ACAD_REACTORS
330
4A3
102
}
330
4A3
100
AcDbXrecord
102
MATERIAL
148
0.0
149
0.0
149
0.0
 93
        0
 94
      127
282
     0
 72
     1
 77
     1
171
     1
175
     1
179
     1
273
     0
  0
XRECORD
  5
4A2
102
{ACAD_REACTORS
330
4A1
102
}
330
4A1
100
AcDbXrecord
102
MATERIAL
148
0.0
149
0.0
149
0.0
 93
        0
 94
      127
282
     0
 72
     1
 77
     1
171
     1
175
     1
179
     1
273
     0
  0
XRECORD
  5
4A6
102
{ACAD_REACTORS
330
4A5
102
}
330
4A5
100
AcDbXrecord
102
MATERIAL
148
0.0
149
0.0
149
0.0
 93
        0
 94
      127
282
     0
 72
     1
 77
     1
171
     1
175
     1
179
     1
273
     0
  0
ENDSEC
  0
EOF
